Rank,TeamId,TeamName,LastSubmissionDate,Score,SubmissionCount,TeamMemberUserNames
1,2556751,Hairet,"2026-06-15 01:27:51",1.00000,2,chcsh21
2,12801551,Veniamin_Nelin,"2026-08-14 03:04:38",1.00000,382,veniaminnelin
3,16133376,SC1+2025104944+JJY,"2026-06-22 14:57:29",1.00000,2,jiang1888
4,12408744,"[Deleted] b4b19f85-81fc-49b4-a3fd-5b258a2ef64d","2026-07-14 15:44:30",1.00000,25,del=a51c2dcc1b5b481b
5,16355510,"Arman Damirchilou","2026-06-15 11:45:11",1.00000,2,armandamirchilou
6,4288623,"Sas Pav","2026-08-13 08:39:16",1.00000,68,saspav
7,14136613,HongchenDai,"2026-06-16 01:51:07",1.00000,1,hongchendai
8,16296413,"Pratham Kaushik #2","2026-06-17 10:23:02",1.00000,1,prathamkaushik01
9,16383753,Fayche,"2026-06-18 13:12:49",1.00000,6,fayche
10,16387184,Tkyk,"2026-06-19 10:38:28",1.00000,2,ttkkyykk
11,16364247,"MUHRRAM ALI","2026-06-21 00:10:40",1.00000,14,muhrramali1
12,16405173,liuxukang123,"2026-06-21 03:39:22",1.00000,5,liuxukang123
13,16401163,"Md. Shahidur-Uz-Zaman Shuvo","2026-06-22 07:41:29",1.00000,7,shahidurshuvo
14,16405377,"Pratik Elias Jacob","2026-06-22 14:40:01",1.00000,7,pratikjacob
15,16413879,SC9+2025104471+FYQ,"2026-06-23 05:25:44",1.00000,11,"duhongyandu,fyq666123,qmilus,yyyyran"
16,16419468,"DataLover #3","2026-06-23 08:03:07",1.00000,1,paulknidler
17,16422180,Vincentb9001,"2026-06-23 22:43:50",1.00000,4,vincentb9001
18,16422931,"Yang Hu #4","2026-06-23 19:09:56",1.00000,4,youngsuper
19,15693659,"[Deleted] a652117e-9382-4cbc-bafc-71b360c6b238","2026-06-28 20:04:01",1.00000,5,del=c2248151046bd1a6
20,15834466,Jingyiwang0629,"2026-06-24 08:09:47",1.00000,14,jingyiwang0629
21,16354253,SC2+2025100580+DBW,"2026-06-24 17:17:08",1.00000,15,"linruifan,madingxuan,wenrenyun"
22,16444645,"Wagisha Kumari","2026-06-27 21:17:11",1.00000,1,wagishakumari1
23,16445154,NhiLeHoang,"2026-06-28 04:34:15",1.00000,2,nhilehoang
24,16428135,SC7+2025100581+JXY,"2026-06-28 11:20:35",1.00000,2,yongyuan0306
25,16376929,SC42025100631LXY,"2026-06-28 11:34:32",1.00000,12,xinnanhuang123
26,16446481,SC102025100630WTH,"2026-06-30 11:53:48",1.00000,5,michastabe
27,15939700,SC+11+2025103975+LYT,"2026-06-28 11:57:00",1.00000,21,liyitingjnu
28,16454377,"Ming Hsuan","2026-06-29 23:39:28",1.00000,3,mtaooo
29,16381318,"Siddharth Tripathi #2","2026-06-30 17:35:11",1.00000,26,sidosid
30,13599664,"Philip John Basile","2026-07-01 02:52:16",1.00000,4,philipjohnbasile
31,16405890,Haily_queen,"2026-07-01 02:57:04",1.00000,4,hailyqueen
32,3439164,diogoff,"2026-07-03 09:23:59",1.00000,1,diogoff
33,16481536,"⸻AgentZZ ⸻","2026-07-03 11:28:25",1.00000,1,agentzz
34,16472315,"[Deleted] 29039575-5c1f-4ecd-990d-267f0dca24a2","2026-07-04 13:51:39",1.00000,17,del=513d333be29dc58a
35,16498092,"tharun kumar codes","2026-07-07 04:25:48",1.00000,2,tharunkumarcodes
36,16508731,Thanantikan,"2026-07-08 16:46:04",1.00000,9,bonita24k
37,16354713,AtsuyaTamura,"2026-07-27 08:11:33",1.00000,48,atsuyatamura
38,14255112,"Prem Lodhi","2026-07-09 10:56:15",1.00000,1,premlodhi
39,16512845,"Ahmet Atmaca #2","2026-07-28 09:49:27",1.00000,13,aatmaca
40,16514171,Benben2026,"2026-07-09 21:47:11",1.00000,4,benben2026
41,15081037,"Lesharo Setiyawan","2026-07-10 12:56:26",1.00000,2,lesharosetiyawan
42,16431304,"Pankaj Rathi","2026-07-11 09:55:58",1.00000,27,pankajrathi18
43,16533472,"Shreekant Malviya","2026-07-11 21:26:21",1.00000,3,shreekantmalviya
44,16533485,lanyuan01,"2026-07-11 21:37:38",1.00000,3,lanyuan01
45,16533534,HongliiWang,"2026-07-11 22:26:35",1.00000,3,hongliiwang
46,16535726,"Jessie Z","2026-07-12 15:28:44",1.00000,3,jessiewanjing
47,16535770,"Suraj Kumar Nanda","2026-07-12 16:17:32",1.00000,4,surajkumarnanda
48,16536088,"Raja Sri Harsha Chavali","2026-07-12 17:34:05",1.00000,3,harshach1990
49,16536451,"Rohit Gund","2026-07-12 20:17:49",1.00000,4,rohitgund
50,16536828,CarolineSAlarcon,"2026-07-13 00:31:44",1.00000,3,carolinesalarcon
51,11866606,shin0ed,"2026-07-13 19:12:51",1.00000,9,shin0ed
52,16540830,"Nathalia Mulinari","2026-07-13 19:14:28",1.00000,3,nathaliamulinari
53,16540977,PrathyushaDevi07,"2026-07-13 20:10:54",1.00000,3,prathyushadevi07
54,16541136,"Chenguang Zhao","2026-07-13 21:32:46",1.00000,3,chenguangzhao666
55,16541198,"Akash Negi","2026-07-13 22:09:25",1.00000,3,akashtrine
56,16541297,"Honglu Wang","2026-07-13 22:37:01",1.00000,3,hongluwangwilliam
57,16541307,"Rodney Ruan","2026-07-13 22:44:12",1.00000,3,rodneyruan
58,16541351,"Chen Yang #4","2026-07-13 23:05:06",1.00000,4,chenyang0523
59,16541410,NehaPatil234567,"2026-07-13 23:38:52",1.00000,3,nehapatil234567
60,16541504,"Estella Alves","2026-07-14 00:43:08",1.00000,4,estellaalves
61,16541691,"Vyasa Akilesh Sashank","2026-07-14 02:13:46",1.00000,4,vyasaakileshsashank
62,16541700,"Aravind Kalyanam","2026-07-14 02:18:51",1.00000,3,aravindkalyanam
63,16541736,"Lingyu Li #2","2026-07-14 02:37:50",1.00000,3,opslingyuli
64,16541832,"Venkat Natarajan Raghavendra","2026-07-14 03:23:46",1.00000,3,venkatnatarajan7796
65,16542063,PeicaiS,"2026-07-14 04:31:28",1.00000,3,peicais
66,16542598,huamiao123,"2026-07-14 09:40:02",1.00000,5,huamiao123
67,16542654,"Zhao Jiuzhen","2026-07-14 08:03:43",1.00000,3,zhaojiuzhen
68,16543135,"peng cheng #2","2026-07-14 09:08:44",1.00000,10,qhu666
69,16542673,yanxiaohyh66,"2026-07-14 09:40:47",1.00000,7,yanxiaohyh66
70,16542479,SuperCJMing,"2026-07-14 09:42:08",1.00000,10,supercjming
71,16538749,"Syed Ali Hassan","2026-07-14 11:34:43",1.00000,11,syedaly1812
72,16544015,"Joseph Nii Commey","2026-07-14 12:42:16",1.00000,3,josephniicommey
73,16543524,guomingzhong1,"2026-07-14 14:39:52",1.00000,1,guomingzhong1
74,16545061,"nishant sapkota","2026-07-14 17:34:53",1.00000,3,nishantsapkota
75,16545471,"Vivian Zhang #3","2026-07-14 19:25:39",1.00000,3,vivianzhang79
76,16545582,"yash panchal","2026-07-14 20:13:55",1.00000,3,yashpanchal5781
77,16547796,"w yey","2026-07-14 21:58:28",1.00000,3,yuewang111
78,16547891,DuoweiPan0222,"2026-07-14 22:47:27",1.00000,3,duoweipan0222
79,16547946,"Ximing Chen","2026-07-14 23:22:30",1.00000,3,ximingchen6
80,16548199,"Andrea sika williams","2026-07-15 01:14:48",1.00000,3,aposika
81,16548287,"Asa Wells","2026-07-15 02:00:29",1.00000,3,asawells
82,16548335,"Saif Samnani","2026-07-15 02:17:27",1.00000,3,saifsamnani
83,16548360,sophiaguan555,"2026-07-15 02:28:36",1.00000,3,sophiaguan555
84,16548392,"Yintang Zhong","2026-07-15 02:35:32",1.00000,3,nicolezhong644
85,16548502,M14XRev,"2026-07-15 03:23:29",1.00000,3,m14xrev
86,16548528,"Jiaxin Deng","2026-07-15 03:35:40",1.00000,3,jiaxind
87,16548526,"Sixuan Li","2026-07-15 03:35:21",1.00000,3,ako966
88,16548536,"ying li","2026-07-15 03:36:20",1.00000,3,yingliecho
89,16548669,"Jin Jin #2","2026-07-15 03:59:45",1.00000,3,jinjintrine
90,16548792,"Giridhar Sreerangam","2026-07-15 04:34:26",1.00000,3,gsreerangam26
91,16548952,"Adeyinka Orelaja","2026-07-15 05:01:30",1.00000,4,adeyinkaorelaja
92,16549046,"Xinlan Lacey Li","2026-07-15 05:13:51",1.00000,3,xinlanlaceyli
93,16549627,"Evans Dingwiza","2026-07-15 07:47:37",1.00000,3,evansdingwiza
94,16550530,"Letícia Short","2026-07-15 11:57:18",1.00000,3,letciashort
95,16551239,"Suyash Chavan","2026-07-15 14:57:53",1.00000,3,suyash204
96,16551413,Biancaaaasss,"2026-07-15 15:41:38",1.00000,3,biancaaaasss
97,16551576,"Parakram Pudasaini","2026-07-15 16:22:40",1.00000,3,parakrampudasaini
98,16551695,"Haren Ramaswamy23","2026-07-15 16:57:53",1.00000,4,harenramaswamy23
99,16551780,"Saugat Thapa","2026-07-15 17:16:00",1.00000,3,saugatthapa07
100,16551826,"PRAVALLIKA MUSUNURI","2026-07-15 17:37:44",1.00000,3,pravallikamusunuri
101,16552033,"Immaculate Desha","2026-07-15 18:46:05",1.00000,3,immaculatedesha
102,16552223,DIYANG,"2026-07-15 20:19:07",1.00000,3,gloriadiyang
103,16552237,"Ekaakshar D","2026-07-15 20:28:29",1.00000,3,ekaakshard
104,6971881,"Praneeth ","2026-07-15 20:33:16",1.00000,3,praneethmuvva
105,16552270,"Harshil #2","2026-07-15 20:42:24",1.00000,3,htrine26087
106,16552358,"Siddhant Purohit","2026-07-15 21:15:28",1.00000,3,spurohit19
107,16552374,"Siranjeevi S","2026-07-15 21:25:48",1.00000,3,jeevikaggle
108,16552444,"Jianheng Qiu","2026-07-15 21:48:37",1.00000,3,jianhengqiu
109,16552506,"Gowtham #10","2026-07-15 22:18:17",1.00000,3,gowthamnba09
110,16552513,"Rishi Bhartiya","2026-07-15 22:23:08",1.00000,3,rbatrineedu
111,16552576,"Freddy Merlin","2026-07-15 23:07:29",1.00000,3,freddymerlin
112,16552579,bfioramonte,"2026-07-15 23:10:25",1.00000,3,bfioramonte
113,16552603,"Subiksha Baskaran","2026-07-15 23:31:02",1.00000,3,subikshabaskaran
114,16552610,"ZZ Yange","2026-07-15 23:37:48",1.00000,3,zzyange
115,16552692,"Abby Xu 009","2026-07-16 00:12:30",1.00000,3,abbyxu009
116,16552747,"Jie Yan #2","2026-07-16 00:33:32",1.00000,3,jieyan26
117,16552778,"Angelina Obikyere","2026-07-16 00:48:31",1.00000,4,angelinaobikyere
118,16552797,"Kipyego Kennedy","2026-07-16 01:00:23",1.00000,3,kipyegokennedy
119,10980365,jiaxinf23,"2026-07-16 01:11:37",1.00000,3,jiaxinf23
120,16552826,"Rakesh Baddi","2026-07-16 01:20:15",1.00000,3,rakeshbaddi
121,16552819,"Shivangi ","2026-07-16 01:21:02",1.00000,4,grooovypanda
122,16552896,"Sophia Pei","2026-07-16 01:48:21",1.00000,3,sophiapei
123,16552954,"Manasa Pemmasani","2026-07-16 02:13:33",1.00000,3,manasapemmasani
124,16552955,LokiN2,"2026-07-16 02:13:56",1.00000,3,lokin2
125,16552959,"Fernando Almeida #4","2026-07-16 02:16:19",1.00000,3,fernandoalmeida4
126,16552960,"Ola Ilesanmi","2026-07-16 02:17:23",1.00000,3,olailesanmi
127,16552970,LaxmiprasadNalg,"2026-07-16 02:22:06",1.00000,3,laxmiprasadnalg
128,16553100,"Runqi Lin","2026-07-16 03:19:17",1.00000,3,zhenfeilin
129,16553104,"Neeraj Kumar #7","2026-07-16 03:20:58",1.00000,3,nkumar25trine
130,16553115,"Zelin Z","2026-07-16 03:26:29",1.00000,3,zelinzzz
131,16553167,"tong xiong","2026-07-16 03:47:17",1.00000,3,abby2333
132,16553204,"Valeria Malave","2026-07-16 04:01:25",1.00000,3,valeriamalave
133,16553209,"Aneesh Dandime","2026-07-16 04:03:07",1.00000,3,aneeshdandime1
134,16556337,"Leon Li #2","2026-07-16 18:13:46",1.00000,3,leonli23
135,16556403,"Chulya Narin","2026-07-16 18:29:59",1.00000,3,chulyanarin
136,16557332,"Zhuoheng Huang","2026-07-17 02:07:19",1.00000,3,zhuohenghuang
137,16557885,"Pintao Zou","2026-07-17 05:46:56",1.00000,3,pintaozou
138,16566646,"Thalya Romagnolo","2026-07-18 21:11:48",1.00000,3,thalyaromagnolo
139,16567081,"Anand Panure","2026-07-19 02:39:21",1.00000,3,anandpanure
140,16557603,"Mingzhi Yan","2026-07-19 03:09:13",1.00000,22,mingzhiyan
141,16570002,Xinhao.Wang23,"2026-07-19 13:56:03",1.00000,10,xinhaowang23
142,15255910,"Soumya Balijepally","2026-07-19 14:24:40",1.00000,3,soumyabalijepally24
143,16571546,"Hazuki Sakuraba","2026-07-19 17:35:23",1.00000,3,hazukisakuraba
144,3000319,Gilmore__Lee,"2026-07-19 18:19:07",1.00000,3,gilmorelee
145,2543849,"Naitik Dodia","2026-07-20 00:33:17",1.00000,3,naitikdodia
146,16572822,"tse w","2026-07-20 02:30:43",1.00000,3,tsewww
147,16563277,"Aditya #45","2026-07-20 06:14:41",1.00000,4,adizz321
148,16575252,yanbasic,"2026-07-22 11:38:45",1.00000,21,yanbasic
149,16486337,vikileina,"2026-07-22 11:20:00",1.00000,3,vikileina
150,16586339,"Егор #2","2026-07-23 06:46:38",1.00000,3,darkdragonlord
151,16590385,"zhexun Liu","2026-07-24 09:54:48",1.00000,5,zhexunliu
152,15967629,Autumn67,"2026-07-24 09:55:13",1.00000,2,autumn67
153,16603862,GURU_PrasaathaS111,"2026-07-27 15:34:38",1.00000,8,guruprasaathas111
154,16604525,程少楷VV,"2026-07-28 08:58:12",1.00000,19,cluckinvv
155,16591105,"Sai Teja Bandaru","2026-08-02 21:37:53",1.00000,11,saitejabandaruin
156,16047956,"Amr Yasser","2026-08-13 11:01:18",1.00000,60,amryasswe
157,16640646,"CHENZHEN HE111","2026-08-02 09:01:31",1.00000,2,chenzhenhe111
158,16443376,失忆的海_,"2026-08-02 13:46:16",1.00000,2,shiyidehai
159,16661977,HrRodan,"2026-08-04 16:26:46",1.00000,8,hrrodan
160,16664215,ELCHEMSIT,"2026-08-05 02:16:08",1.00000,10,kwangsookoh
161,16671956,realcihandemir,"2026-08-06 04:10:33",1.00000,4,realcihandemir
162,16680625,zjl06076242,"2026-08-07 03:03:26",1.00000,7,zjl06076242
163,16683978,lhwylp,"2026-08-13 08:22:29",1.00000,7,lhwylp
164,15781309,Y1Amadeus,"2026-08-07 15:28:40",1.00000,1,y1amadeus
165,16687936,renji_starfall,"2026-08-07 22:29:05",1.00000,1,degnonguidi
166,16688393,"Schlumpf 8282","2026-08-08 02:15:58",1.00000,1,schlumpf8282
167,16693214,Hiroki_CurioLang,"2026-08-09 00:43:39",1.00000,4,hirokicuriolang
168,16702804,"Jay ar Brul","2026-08-11 08:19:30",1.00000,7,jayarbrul
169,16011950,"Kiyoshi Ohno","2026-08-12 02:27:45",1.00000,5,kiyoshiohno
170,15259193,"Aashutosh Mahajan","2026-08-12 04:50:19",1.00000,2,aashutoshmahajan
171,16710808,"Kunal Desale","2026-08-12 09:29:33",1.00000,2,kunaldesale2408
172,16715172,"Anand Patil #2","2026-08-14 00:07:23",1.00000,11,anandppatil
173,16719363,bnm731236993,"2026-08-14 01:28:29",1.00000,2,bnm731236993
174,6536243," sravn","2026-06-25 00:07:07",0.99760,11,sorenravn
175,16658029,"cai yinci","2026-08-04 07:41:29",0.99760,2,caiyinci
176,16608321,Wodo888,"2026-07-28 10:17:53",0.99282,8,wodo888
177,16408701,SherryHuiyuan,"2026-06-21 14:50:15",0.99043,3,sherryhuiyuan
178,16642002,"Lộc Trần","2026-08-09 03:44:17",0.97129,71,loctrn123
179,16587128,"Kunal Paroda","2026-07-22 18:48:38",0.95693,3,kunalparoda
180,16108882,MagicTeam1,"2026-06-24 10:14:15",0.95215,10,magicsun
181,16542516,"[Deleted] 436dc5fb-f3e9-4fe8-8c70-28d750b3f1dc","2026-07-14 07:22:33",0.95215,7,del=8b672f868d046173
182,16449131,"W Paul Reid","2026-06-29 05:26:49",0.94976,4,wpaulreid
183,16380096,SC62025101651TJY,"2026-06-25 14:17:32",0.89473,30,juliet233
184,16438553,ChenChen0219,"2026-06-26 13:58:21",0.89473,1,chenchen0219
185,16438554,"Ryan Durden","2026-06-26 13:58:27",0.89473,1,ryandurden0730
186,16438696,"lareina Meng","2026-06-26 14:29:48",0.89473,1,lareinameng
187,16438700,"Sariel #4","2026-06-26 14:31:19",0.89473,1,liiiqi
188,16690557,RYnerv,"2026-08-11 02:16:51",0.89473,14,rynerv
189,16697352,flor911,"2026-08-10 01:18:53",0.89234,7,flor911
190,16356146,邱晨QQCC,"2026-06-24 06:38:21",0.87559,57,qiuchendave
191,6560126,"Patrick O’Neil","2026-07-13 19:46:39",0.87559,5,patrickoneil
192,16543018,q200430,"2026-07-14 09:14:43",0.87559,4,q200430
193,16542751,qiguanghua111,"2026-07-14 09:27:48",0.87559,5,qiguanghua111
194,16542582,loveliuxing,"2026-07-15 03:58:29",0.87559,13,loveliuxing
195,16553459,"Nithin K","2026-07-16 09:59:05",0.87559,8,nithink18
196,16563613,"Shamir Ali","2026-07-20 14:21:13",0.87559,25,shamirali
197,16592179,"Imran Iqbal","2026-07-26 09:47:59",0.87559,3,imran495
198,16517442,"shiro #2","2026-07-26 17:53:21",0.87559,11,srivatsadavuluriiii
199,16659810,t2better,"2026-08-04 12:29:24",0.87559,7,t2better
200,16661840,"[Deleted] c819e36b-b26f-47eb-b699-885c5ff86bd4","2026-08-09 15:55:34",0.86602,38,del=c38ae033e801306d
201,16542635,renpengyu,"2026-07-14 09:39:04",0.86363,10,renpengyu666
202,16259769,"Александр Югай #2","2026-06-25 09:20:13",0.85885,6,yugayae
203,16640038,"g g g0963","2026-08-04 09:44:24",0.85885,23,ggg0963
204,16319131,EntropyWeaver,"2026-06-29 01:23:19",0.85645,84,entropyweaver
205,16462228,CBenaventte,"2026-06-30 22:24:50",0.85406,1,cbenaventte
206,15522857,"HoaiPhong Nguyen","2026-08-10 01:58:19",0.84928,34,hoaiphongnguyen
207,16378883,Rnatio,"2026-06-21 02:47:15",0.83971,33,rnatio
208,16385236,"Kaname Yuiki","2026-07-02 20:58:58",0.83732,11,kanameyuiki
209,16688166,YappingNonStop,"2026-08-09 05:11:11",0.83732,21,yappingnonstop
210,16491943,Taffy1883,"2026-07-07 03:39:39",0.83253,14,taffy1883
211,16120564,NNNxiaokun,"2026-06-16 16:19:23",0.83014,1,ning3g
212,16382310,"song songyuexin","2026-06-24 15:41:01",0.83014,11,songsongyuexin
213,16537383,HAIL_dakcoe,"2026-07-15 04:45:47",0.83014,13,dakcoe
214,16380264,SC72025100581JXY,"2026-06-27 09:39:42",0.82775,9,xinyijiang0802
215,16428134,Lizixuan0822,"2026-06-24 14:44:29",0.82775,1,lizixuan0822
216,16428143,Huangyufei07828,"2026-06-24 14:45:46",0.82775,1,huangyufei07828
217,16428442,Wicky.QL.Yang,"2026-06-24 15:39:15",0.82775,1,wickyqlyang
218,16463915,田上勇誠,"2026-07-09 07:07:23",0.82775,3,tyusei
219,16542496,"jiaqi zz deng","2026-07-14 07:18:58",0.82775,6,jiaqizzdeng
220,16619462,qingqian0526,"2026-07-30 15:31:16",0.82775,9,qingqian0526
221,15587330,AlexPiggie,"2026-08-09 08:51:28",0.82775,30,alexpiggie
222,16414220,duduldu,"2026-06-22 13:06:38",0.82535,10,duduldu
223,16331472,"Juan Pablo Konaschuk","2026-06-21 20:11:17",0.82296,31,juanpablokonaschuk
224,14431560,"Dr. Mikholae Hutchinson","2026-06-18 04:05:31",0.82296,10,drmikholaehutchinson
225,12301165,"Adrián Pineda","2026-06-20 09:17:35",0.82296,48,adrinpineda
226,16403537,"Kassiano Knack","2026-06-23 00:20:06",0.82296,14,kassianoknack
227,16435875,kcxkcx,"2026-06-26 04:51:54",0.82296,4,kcxkcx
228,16343377,SC132025101657CFY,"2026-06-28 10:53:52",0.82296,15,chenfeiyunbs
229,16407869,SC14+2025103057+WYX,"2026-06-28 13:06:51",0.82296,8,yeziyin
230,15557777,"Muhammad Hassan Saboor","2026-07-12 20:28:55",0.82296,8,mhassansaboor
231,16437097,lishangz,"2026-07-15 08:30:46",0.82296,24,lishangz
232,16481172,萤栖蝶影,"2026-07-03 09:48:03",0.82296,1,jhy1026
233,16491523,"Craig Ernstzen","2026-07-05 19:46:09",0.82296,10,craigernstzen
234,16259893,"achilles vasconcelos","2026-06-16 02:08:50",0.82057,4,achillesvasconcelos
235,15980714,AIstudenta,"2026-07-03 14:52:28",0.82057,11,aistudenta
236,16537475,HAIL_Minjun,"2026-07-15 05:17:28",0.82057,16,skydea6450
237,16537161,"Daowang Van","2026-08-03 09:55:46",0.82057,126,daowangvan
238,16638265,"24021540 Ma Đình Kiên","2026-08-01 16:49:49",0.82057,10,mdk1540
239,16706984,"Daniel Rodriguez Bothe","2026-08-13 17:31:59",0.82057,17,danielrodriguezbothe
240,16282561,"Baroiu Costin","2026-08-14 02:00:18",0.82057,6,baroiucostin
241,16384696,"FEDERICO NICOLAS WISSLER","2026-06-21 01:14:07",0.81818,31,federicowissler
242,16450202,colop_ink,"2026-06-29 10:45:19",0.81818,4,colopink
243,16474630,"Teremov Kirill","2026-07-27 20:06:11",0.81818,9,kidborg
244,16542715,Dwad,"2026-07-14 09:27:05",0.81818,7,us3049150563
245,16542556,thplato,"2026-07-14 09:36:38",0.81818,10,thplato
246,16551774,"Ayesha Ashfaq","2026-07-20 07:03:17",0.81818,10,ayesha64
247,16493546,"cube #2","2026-07-17 20:58:02",0.81818,14,cube0x24
248,16638597,"Dinh Ma","2026-08-01 17:32:40",0.81818,7,dinhma12345678
249,16637554,"Dinh kien Ma","2026-08-04 18:02:38",0.81818,18,dinhkienma
250,14954129,"Manu Nicholas Jacob","2026-08-06 15:31:22",0.81818,17,manunicholasjacob
251,12894812,"Karisa Zihni","2026-08-11 09:26:58",0.81818,9,karisazi
252,16369035,StrSilence,"2026-06-17 01:28:38",0.81578,11,strsilence
253,16084585,"Julián Tkachuk","2026-06-19 18:48:44",0.81578,1,julintkachuk
254,16392951,"Kazi Mahir Adeeb","2026-06-21 03:03:48",0.81578,10,kazimahiradeeb
255,16441070,"SC13 2025101657 CFY","2026-06-27 03:14:40",0.81578,1,yishan1663
256,16444361,"Amy Wang #6","2026-06-27 19:01:04",0.81578,1,amywanglavie
257,16447201,"li fuqing123","2026-06-29 02:24:06",0.81578,20,lifuqing123
258,15089963,"Krishang Chaturvedi","2026-06-29 10:58:54",0.81578,3,krishangchaturvedi
259,16452860,"Vinit Jadhav","2026-07-01 08:38:44",0.81578,23,thevinitjadhav
260,16473064,masterud,"2026-07-02 09:42:37",0.81578,1,masterud
261,16486303,"Olya Svatalova","2026-07-21 13:43:21",0.81578,6,olyasvatalova
262,16481178,"⁽⁽ଘ( ฅ^●ω●^ฅ )ଓ⁾⁾","2026-07-06 08:00:06",0.81578,9,poirotwei
263,16242798,"Devin Alif","2026-07-16 06:06:16",0.81578,15,devinalif
264,14720995,"Evelyn Q","2026-07-20 06:31:54",0.81578,87,evelynq111
265,16586548,"Mohamed LazyBob","2026-07-23 11:13:38",0.81578,13,mohamedzaboub
266,16591530,Pones_kaggle,"2026-07-24 02:05:26",0.81578,3,pyd966
267,16614171,AchrafAD1,"2026-07-29 15:45:47",0.81578,10,achrafad1
268,16614303,"sina yosefi","2026-07-29 16:54:29",0.81578,2,sinayosefi07
269,16562564,春樹真一,"2026-08-01 16:20:02",0.81578,42,heritesu
270,16691438,gshshsh,"2026-08-08 14:42:30",0.81578,4,gshshsh
271,16690151,"Rodrigo Polverari","2026-08-09 09:47:34",0.81578,19,ramanujanpy
272,16586159,flyingyezi,"2026-08-13 15:30:30",0.81578,14,flyingyezi
273,16370264,Бактияр,"2026-06-16 07:36:31",0.81339,3,moktibokti
274,16383133,"Mateusz Czerniak ","2026-06-17 16:00:26",0.81339,1,matcze
275,16386414,bryansubianto,"2026-06-18 05:24:36",0.81339,1,matthewpat
276,16387519,"Saniya Yerzhan","2026-06-18 09:19:57",0.81339,4,saniyayerzhan
277,10343376,"Andrew Kuliga","2026-06-21 14:55:04",0.81339,2,andro7
278,16258579,"sy L","2026-06-23 02:42:23",0.81339,17,bala254136745
279,16423808,"Vitório Garlet","2026-06-23 21:10:42",0.81339,8,ifrs2026
280,16434881,"Anurag Jha_56","2026-06-25 19:56:47",0.81339,4,anuragjha56
281,16433808,Drペッパー,"2026-06-25 21:52:51",0.81339,10,drpopper
282,15978262,Oomori　Gisyo,"2026-06-26 00:39:29",0.81339,45,gisyo007
283,16424913,"Kenji Ishibashi","2026-06-28 12:47:23",0.81339,23,ipl2026kenji
284,16448808,bangbangck,"2026-07-04 09:20:07",0.81339,19,bangbangck
285,16461803,"[Deleted] 70f01138-9037-4b6b-9db4-22127196516b","2026-06-30 20:01:22",0.81339,2,del=453c25b4980da099
286,16462459,nahussain,"2026-07-14 11:26:03",0.81339,4,nahussain
287,16485327,cumtbck,"2026-07-04 09:28:45",0.81339,10,cumtbck
288,16542606,liutianyu04,"2026-07-14 08:18:51",0.81339,9,liutianyu04
289,16542720,jinxulong,"2026-07-14 08:24:21",0.81339,10,jinxulong
290,16569942,"acelin nazareth","2026-07-20 11:04:19",0.81339,12,acelinnazareth
291,1439970,"yasuyuki abe","2026-07-21 11:32:02",0.81339,2,yasuyuki1984
292,16582729,"abdeladim jabbouri","2026-07-22 14:35:26",0.81339,4,abdeladimjabbouri
293,16574715,ajabbour01EDUoujda07,"2026-07-27 10:43:44",0.81339,19,ajabbour01eduoujda07
294,16603790,"Bocen Li","2026-07-27 06:44:29",0.81339,8,bocenli
295,11508218,"KORI Toshinari","2026-08-05 23:56:38",0.81339,1,koritoshinari
296,16510117,"Mohamadou Nouroud-dine","2026-08-07 00:14:17",0.81339,18,mohamadounourouddine
297,16676245,LEEYONGJIK,"2026-08-07 02:54:15",0.81339,20,leeyongjik
298,16680817,dolsaja,"2026-08-07 03:45:43",0.81339,10,dolsaja
299,16682276,DONGLEEEEE,"2026-08-07 06:38:10",0.81339,2,dongleeeee
300,16691140,SeungHoShin94,"2026-08-08 14:37:41",0.81339,2,seunghoshin94
301,1520234,yhay81,"2026-08-10 10:42:55",0.81339,10,yhay81
302,15157670,"khunanon ngaobenjakul","2026-08-11 03:08:36",0.81339,10,khunanonngaobenjakul
303,16708835,"Thiago S Nobrega","2026-08-11 17:27:54",0.81339,6,thiagosnobrega
304,16368701,SunggyuHwang,"2026-06-16 03:19:47",0.81100,3,sunggyuhwang2
305,15644045,aaaa1597,"2026-07-08 11:51:28",0.81100,34,aaaa1597
306,16406748,JohnneyQin,"2026-06-21 10:33:01",0.81100,4,johnneyqin
307,16406973,"weichen cheng","2026-06-23 14:01:01",0.81100,24,weichencheng
308,16416874,"Martina Elola","2026-06-22 20:57:38",0.81100,5,martinaelola
309,16417383,modaolihuashou,"2026-06-23 02:04:20",0.81100,10,modaolihuashou
310,16417758,ContraVirtue,"2026-06-23 11:30:08",0.81100,4,contravirtue
311,16234913,"Virtue Contra","2026-06-23 06:48:37",0.81100,2,virtuecontra
312,16427979,"Semi Venturero","2026-06-24 14:19:35",0.81100,1,venturero
313,16437762,"Simon Wilkinson","2026-06-26 10:44:15",0.81100,2,swilko
314,16462584,Rafaelkastro,"2026-07-15 20:17:41",0.81100,14,rafaelkastro
315,16474792,"Artemis #2","2026-07-02 16:30:15",0.81100,2,artemisgong
316,16432869,pankajrathi,"2026-07-11 10:03:46",0.81100,25,pankajrathi180
317,16537428,HAIL_Okto,"2026-07-14 08:51:30",0.81100,16,okto0914
318,16537515,HAIL_CoramDeo03,"2026-07-20 05:47:10",0.81100,27,coramdeo03
319,9613513,QuiveringLemon,"2026-07-23 08:27:41",0.81100,1,quiveringlemon
320,16600214,Ombr4e,"2026-07-27 01:48:45",0.81100,19,ombr4e
321,16607174,"Otieno Frank Omullo","2026-07-28 00:41:34",0.81100,20,otienofrankomullo
322,16633241,al_Sparrow,"2026-08-03 18:29:43",0.81100,31,alsparrow
323,16662703,"aproditze Caspersky","2026-08-04 18:38:17",0.81100,10,aproditzecaspersky
324,3474115,kongji,"2026-08-07 04:44:11",0.81100,8,bakhongji
325,16367811,SantiagoAlvarez030,"2026-06-15 22:12:36",0.80861,6,santiagoalvarez030
326,16370595,"Apolo 11","2026-06-16 08:53:13",0.80861,4,apolo11
327,16369639,"Agustin Tomas Romero","2026-06-17 06:05:27",0.80861,11,agustintomasromero
328,16288797,xinyuu13,"2026-06-21 15:02:38",0.80861,7,xinyuu13
329,15301450,"Qixin Xu","2026-08-07 05:15:10",0.80861,136,qixinxu
330,16387978,"Aibibi Oraz","2026-06-18 10:52:24",0.80861,10,aibibioraz
331,16364980,"CHIARA ROSSI","2026-06-18 22:48:16",0.80861,28,chiararossi7
332,15511404,"Jakub Zajega","2026-06-19 16:52:42",0.80861,1,jakubzajega
333,16389415,"Mateus Schneider","2026-06-19 22:56:06",0.80861,9,mmxinaida
334,16402823,"Mateo Cristobal","2026-06-20 15:14:02",0.80861,5,mateocristobal
335,16405025,"Felix Alonso","2026-06-22 16:39:53",0.80861,11,felixalonso23
336,16413726,Trlives,"2026-06-30 04:20:53",0.80861,23,trlives
337,16426816,"Judson Spengler","2026-06-24 10:23:33",0.80861,1,judsonspengler
338,16427948,"Rex jensen 1","2026-06-24 14:28:28",0.80861,2,rexjensen1
339,16433056,"Nam Nguyen Ngoc","2026-06-25 14:48:40",0.80861,8,ngocnamk3er
340,16427081,zjm0406,"2026-06-26 17:06:48",0.80861,9,zjm0406
341,15420331,"Sami Ullah #2","2026-06-27 07:15:33",0.80861,3,samiullah9
342,16438305,葉浩宇11246020,"2026-06-27 11:02:19",0.80861,5,ocheis
343,16062656,tappasso01EDU052026,"2026-06-27 20:20:04",0.80861,5,tappasso01edu052026
344,16446097,lhao1993,"2026-06-28 10:10:08",0.80861,5,lhao1993
345,14834526,kakate,"2026-07-01 13:14:27",0.80861,16,kakate
346,16457186,"Angelina yiyi","2026-06-30 07:39:23",0.80861,7,angelinayiyi
347,16480065,YorickShen,"2026-07-05 08:39:41",0.80861,9,yorickshen
348,16489529,enciii,"2026-07-05 11:11:30",0.80861,8,enciii
349,14971178,"Ahmed Hemdan Hussein","2026-07-05 17:19:58",0.80861,14,ahmedhemdanhussein
350,15585365,"Karim Mansi","2026-07-06 13:09:26",0.80861,10,aflowai
351,16513479,"Abbas Al-Asadi","2026-07-14 07:17:21",0.80861,8,abbasalasadi
352,16516810,"Chenxi Zhao21","2026-07-10 13:43:03",0.80861,4,chenxizhao21
353,15508169,"Khánh Hưng Nguyễn Hữu","2026-07-23 10:11:05",0.80861,7,khnhhngnguynhu
354,16542534,gzy231,"2026-07-14 08:29:11",0.80861,10,gzy231
355,16542538,autumnin,"2026-07-14 08:10:22",0.80861,10,autumnin
356,16538361,Rozias,"2026-07-15 11:07:47",0.80861,30,rozias
357,16550867,zome0103,"2026-07-15 15:13:53",0.80861,4,zome0103
358,16514199,"Energy Power 16","2026-07-16 20:52:52",0.80861,17,energypower16
359,15569769,"wei feng qin","2026-07-17 15:16:14",0.80861,1,weifengqin
360,16565317,shinshinchang,"2026-07-18 12:43:56",0.80861,3,shinshinchang
361,2650632,abramc,"2026-08-14 01:34:56",0.80861,42,abramc
362,16595417,"Murillo Xavier","2026-07-25 00:24:05",0.80861,9,murilloxavier
363,16596537,SHUJUNZIHENG,"2026-08-13 14:08:03",0.80861,4,shujunziheng
364,16593753,Anaazwy,"2026-07-25 03:38:30",0.80861,15,anaazwy
365,16569307,lucachen0531,"2026-08-08 03:16:29",0.80861,4,lucachen0531
366,5834219,LIYAO1111,"2026-07-27 09:44:54",0.80861,3,liyao1111
367,16607356,"Gustavo Pereira #2","2026-07-28 00:36:41",0.80861,7,gustavohaiduk
368,16632979,"Nuo Chen #4","2026-08-01 10:08:38",0.80861,14,nuochen1314
369,16536560,"Elnur Bairamov","2026-08-02 04:25:44",0.80861,43,elnurbairamov
370,16636338,PX0000,"2026-08-03 04:45:41",0.80861,22,px0000
371,16644903,"Ajeet Krishnasamy","2026-08-03 05:53:56",0.80861,8,ajeetkrish
372,16653252,"[Deleted] 1b383eba-5661-40a4-acf9-4ff49fe7e61b","2026-08-03 19:02:12",0.80861,6,del=0fc69e47721f2075
373,16661974,"Pedro Henrique #11","2026-08-04 15:47:08",0.80861,2,pedrohets
374,15111156,"Nguyễn Anh Tài","2026-08-07 07:50:51",0.80861,2,tainadpln
375,16314589,欢倪,"2026-08-08 02:01:19",0.80861,3,annieliuli
376,15588172,Hoai0312phong@,"2026-08-09 04:25:24",0.80861,19,hoai0312phong
377,16706575,"Rashad Dweik","2026-08-13 11:02:22",0.80861,8,rashaddweik
378,16560273,TinaStPierre,"2026-08-13 16:30:50",0.80861,41,tinastpierre
379,16067152,"GIULIANO FRANCOMAGRO","2026-06-16 02:20:52",0.80622,4,giulianofrancomagro
380,16357808,LoyceC521,"2026-06-16 02:47:32",0.80622,7,loycec521
381,16239147,Tingeko,"2026-06-18 15:55:26",0.80622,24,tingeko
382,16377740,"AGUSTIN IVAN VISINI","2026-06-17 06:35:19",0.80622,6,agustinivanvisini
383,16307612,"BAUTISTA CHIESA","2026-06-22 00:25:43",0.80622,16,bautistachiesa
384,16381093,"Rauan Yelubayeva","2026-06-17 11:54:10",0.80622,3,rauanyelubayeva
385,16382733,"M FLORENCIA VOLODSKY","2026-06-18 00:19:49",0.80622,16,mflorenciavolodsky
386,16387955,Boke123,"2026-06-18 11:18:54",0.80622,5,boke123
387,16388165,"Alfiya Adilbek","2026-06-18 11:21:28",0.80622,8,alfiyaadilbek
388,16035944,"Pablo damian Heredia","2026-06-18 18:17:53",0.80622,1,pablodamianheredia
389,16391296,"Franco Mainardi 98","2026-06-18 23:37:40",0.80622,3,francomainardi98
390,16377204,"Ira Pathak","2026-06-19 00:53:50",0.80622,6,irapathak
391,16068516,"Phudit S","2026-06-23 02:47:48",0.80622,2,phudits
392,16395865,"Miranda Etchegaray","2026-06-19 17:25:51",0.80622,2,mirandaetchegaray
393,16397802,"Pasaje uniformes","2026-06-20 03:48:38",0.80622,10,pasajeuniformes
394,16401736,"Misha Antonov","2026-06-20 12:18:32",0.80622,7,mishaantonov
395,16381068,MassimoVa,"2026-06-24 15:53:15",0.80622,11,massimova
396,16404822,"Ruan Vasconcelos","2026-06-21 01:02:41",0.80622,7,ruanvasconcelos
397,16407908,"Antonio Scarilli","2026-06-21 17:48:17",0.80622,5,antonioscarilli
398,16414679,lsy0123,"2026-06-22 14:01:32",0.80622,10,lsy0123
399,14558637,"VEDANT AGARWAL","2026-06-22 16:16:30",0.80622,3,vedantagarwal0812
400,16419287,fanjinxin,"2026-06-23 10:54:08",0.80622,8,fanjinxin
401,16430383,N123884,"2026-07-03 11:59:48",0.80622,13,n123884
402,16433427,Kkkk_kyyy,"2026-06-25 13:45:38",0.80622,1,kkkkkyyy
403,16433438,Chenjunan,"2026-06-25 13:47:39",0.80622,1,anneeechen
404,16433445,LUFENDASHI,"2026-06-25 13:48:19",0.80622,1,justing00
405,16433476,"Ashley #9","2026-06-25 13:51:19",0.80622,1,yey678
406,16430414,wangbo234,"2026-06-26 01:57:34",0.80622,3,wangbo234
407,16412808,zzsiai,"2026-06-28 08:06:04",0.80622,21,zzsiai
408,16398946,"Nan Zhang #2","2026-07-27 06:22:37",0.80622,23,nanzhang953
409,16445444,Dideas,"2026-06-28 08:01:27",0.80622,7,dideas
410,16442596,"Arjun Thakur #2","2026-06-29 16:07:08",0.80622,14,arjunthakur9999
411,16421315,"Jimmy Wu087","2026-06-29 05:34:59",0.80622,6,jimmywu087
412,16464253,"Benjamin Ard","2026-07-01 07:35:20",0.80622,1,buildmodeben
413,15887738,"Julian Ricardo Linares Solaque","2026-07-07 03:31:27",0.80622,39,julianlinares
414,16470117,AliXXXXXXXXX,"2026-07-01 21:01:29",0.80622,4,alixxxxxxxxx
415,16473121,"[Deleted] 288ac8c3-c1a8-4920-86da-b95d401786d1","2026-07-02 09:54:52",0.80622,1,del=97eec419f8a93553
416,16474503,"Ақселеу Өмірбай","2026-07-02 17:07:34",0.80622,6,akseleu1j
417,16480129,uxis_yyt,"2026-07-03 06:50:22",0.80622,9,uxisyyt
418,10211294,"e271828 #2","2026-07-17 11:03:40",0.80622,5,e271828ai
419,16430425,seagull123,"2026-07-05 08:15:34",0.80622,11,seagull123
420,16495388,"Sora Hishikawa","2026-07-07 11:04:16",0.80622,17,ashman14jp
421,16495768,"Mohammed salah aldeen","2026-07-06 15:23:11",0.80622,1,mohammedsalahaldeen
422,16496670,"Yerkanat Nurmakhanov","2026-07-06 18:46:56",0.80622,4,yerkanatnurmakhanov
423,16506194,지능형소프트웨어학과/오시훈,"2026-07-08 07:47:37",0.80622,9,sihunoh
424,16507603,"Bazza Cipher","2026-07-08 10:53:58",0.80622,3,bazzacipher
425,16509293,AbilmansurK,"2026-07-20 17:37:33",0.80622,19,abilmansurk
426,16501474,GrigorZ,"2026-07-09 20:05:00",0.80622,11,grigorz
427,16533728,Masterdas,"2026-07-12 01:43:46",0.80622,4,masterdas
428,16534870,"Abhinav Tiwari #2","2026-07-12 10:48:43",0.80622,2,erensh27
429,16536313,Arman888,"2026-07-12 19:16:21",0.80622,7,arman888
430,16514453,Eugenir,"2026-07-13 14:00:46",0.80622,8,Eugenir
431,16414720,Slavurka,"2026-07-13 17:28:28",0.80622,11,slavurka
432,16538047,HAIL_skydea6450,"2026-07-14 05:02:14",0.80622,13,hailskydea6450
433,16542624,liuyangzhen001,"2026-07-14 08:16:57",0.80622,5,liuyangzhen01
434,16512106,"Charles Song #2","2026-07-15 10:59:24",0.80622,40,charlesharber
435,16535525,"Назар Коваль","2026-07-27 20:55:58",0.80622,15,miickey
436,16557045,XamYxar,"2026-07-17 14:36:47",0.80622,5,xamyxar
437,6547509,"mustafa SEVİNDİK","2026-07-18 07:57:58",0.80622,18,mustafasevndk
438,16561112,xPylon,"2026-07-18 09:49:35",0.80622,5,xpylon
439,16577221,"Bryce Harmsen","2026-07-20 21:55:19",0.80622,3,bryceharmsen
440,16578653,David_Vacobian,"2026-07-22 00:35:05",0.80622,11,sheherry
441,16384531,"Cahree Myrick","2026-07-23 00:46:03",0.80622,30,cahreemyrick
442,16592816,"shoya sekine","2026-07-24 09:25:16",0.80622,6,shoyasekine
443,16594367,"Georgi Plamenov Todorov ","2026-07-24 16:40:41",0.80622,3,teslaobject
444,16597534,sonnef,"2026-07-25 07:53:26",0.80622,1,sonnef
445,1304508,tkasasagi,"2026-07-26 07:26:18",0.80622,8,tkasasagi
446,15343904,"Artem Ligai","2026-07-27 07:49:10",0.80622,2,artemligai
447,16606942,"David Mashiah","2026-07-27 20:31:37",0.80622,10,davidmashiah
448,16591431,d.mitsu,"2026-07-28 02:18:17",0.80622,29,d32mitsu
449,16607365,"Leonardo Heitor Poglia","2026-07-28 00:37:08",0.80622,8,leonardoheitorpoglia
450,16608447,"Ferhat Talha BULANIK","2026-07-28 07:16:37",0.80622,2,ferhattalhabulanik
451,16611023,"Bruno Prux Medeiros","2026-07-28 19:46:55",0.80622,4,brunopruxmedeiros
452,16611708,"sejun yim","2026-07-29 03:15:14",0.80622,10,sejunyim
453,16617935,"mangosteen apple","2026-07-30 08:07:50",0.80622,3,mangosteenapple
454,15391955,"Aigerim Ongalbayeva","2026-08-03 15:23:56",0.80622,38,aigerimongalbayeva
455,16598311,HiroKaneYP,"2026-08-01 06:18:18",0.80622,17,hirokaneyp
456,16638875,"Vaibhav Bhagat #2","2026-08-01 18:03:46",0.80622,2,vaibhavbhagat665
457,10276502,"ding yumeng","2026-08-04 10:46:07",0.80622,1,dingyumeng
458,14987711,Nayeemul_Islam909,"2026-08-05 11:18:51",0.80622,10,nayeemulislam909
459,16679332,"nyemo tuppa","2026-08-06 21:36:19",0.80622,10,nyemotuppa
460,16686670,xyzfire1,"2026-08-08 13:43:56",0.80622,5,xyzfire1
461,16692504,"William Orlando","2026-08-08 19:44:40",0.80622,5,williamorlando
462,16696417,"Jun Mo","2026-08-09 14:18:05",0.80622,1,junmo318
463,16699649,Soren-ABT,"2026-08-13 12:27:45",0.80622,9,sorenabt
464,16707323,"Sa Na","2026-08-11 14:53:39",0.80622,8,benser
465,16707068,KAMAZARASHI2,"2026-08-11 12:31:24",0.80622,5,kamazarashi2
466,16705802,Kamazarashi,"2026-08-12 05:25:45",0.80622,11,kamazarashi
467,15251849,seyakate,"2026-08-13 08:46:48",0.80622,5,seyakate
468,16716940,"Muhammad Yasir Sarwar","2026-08-13 11:47:33",0.80622,9,muhammadyasirsarwar
469,16717594,mraz1006,"2026-08-13 16:45:40",0.80622,10,mraz1006
470,16354363,"TRAN DUC LONG","2026-06-15 08:48:49",0.80382,8,longmup
471,16360467,"Joe Wanza","2026-06-15 14:08:24",0.80382,9,joewanza
472,15665474,"Yuriy Mikityuk","2026-06-17 17:25:25",0.80382,5,yuriymikityuk
473,16387334,radozaprazny,"2026-06-18 08:47:37",0.80382,5,radozaprazny
474,16387586,"Evgeniy Dikun","2026-06-18 11:14:36",0.80382,6,evgeniydikun
475,16389353,dogans1,"2026-06-18 14:48:24",0.80382,7,dogans1
476,16233782,"T.Yamamoto #2","2026-07-11 17:32:22",0.80382,59,tyamamoto0703
477,16330734,"JAVIER ARACAMA","2026-06-19 00:16:24",0.80382,20,javieraracama
478,15978264,大塚日向,"2026-06-19 00:50:14",0.80382,9,pinyapinya
479,16392403,"Matías Galli","2026-06-20 00:18:47",0.80382,14,matasgalli
480,15904667,hyunjun131214,"2026-06-20 00:09:16",0.80382,11,hyunjun131214
481,16401772,oiytyffh,"2026-06-28 04:40:40",0.80382,14,oiytyffh
482,16404585,"FELIPE FISZMAN","2026-06-21 00:02:17",0.80382,7,felipefiszman
483,16244603,"MATÍAS NICOLÁS REY","2026-06-22 14:57:40",0.80382,7,matasnicolsrey
484,16415513,"CATALINA GALLO","2026-06-22 19:58:27",0.80382,10,catalinagallo
485,16416802,"Catalina Fiuba","2026-06-22 20:14:28",0.80382,2,catalinafiuba
486,16419123,"Sri Krishna Prabhas","2026-06-23 09:28:31",0.80382,2,srikrishnaprabhas
487,16419992,"Gagandeep Gambhir","2026-06-23 10:10:54",0.80382,4,gagandeepgambhir2
488,15741475,"Taylor Clark","2026-06-26 03:13:00",0.80382,1,taylorclark637
489,16440714,"Isaac Simons","2026-06-27 01:37:31",0.80382,11,snohmis
490,16440894,osborn211123,"2026-06-27 03:04:19",0.80382,10,osborn211123
491,16442432,"Renaud Weinert","2026-06-27 10:12:46",0.80382,9,renaudweinert
492,16455504,mokeloi,"2026-06-30 04:44:53",0.80382,10,mokeloi
493,16453600,"Kulkarni Ansh","2026-06-30 21:07:51",0.80382,8,kulkarniansh
494,16458506,"Matt Bixley","2026-07-01 01:35:41",0.80382,13,mattbixley
495,16462391,"Bobei Alexandru","2026-07-01 13:09:17",0.80382,4,bobeialexandru
496,15269959,"Jai Kapoor","2026-07-02 09:30:31",0.80382,2,jaikapoor99
497,16474360,"MuChen Xu2005","2026-07-03 01:24:14",0.80382,12,muchenxu2005
498,16460891,"Rb Mich","2026-07-03 18:52:19",0.80382,20,rbmich
499,16488577,shzh.wei,"2026-07-05 05:51:40",0.80382,2,shzhwei
500,16500822,"John Andrei Martinez","2026-07-07 14:20:04",0.80382,7,johnandreimartinez
501,16508178,nyanmiao2205,"2026-07-08 13:53:03",0.80382,4,nyanmiao2205
502,16509075,FifthHouseBets,"2026-07-08 16:50:34",0.80382,3,fifthhousebets
503,16514327,"Muhammed Yuguda","2026-07-09 22:40:20",0.80382,7,muhammedshamsudeen
504,16532037,"Alison Xing Chen","2026-07-12 01:29:49",0.80382,3,alisonxingchen
505,16536676,salkoohe,"2026-07-12 22:56:14",0.80382,3,salkoohe
506,15169497,"Roman #27","2026-07-13 20:55:54",0.80382,3,rpilyushin
507,16542880,王琳翔😄,"2026-07-14 08:38:37",0.80382,10,wlx1227
508,16268174,城田亮介,"2026-07-15 13:07:36",0.80382,19,ryosukeshirota
509,16548797,"Itzel Monroy Alvarez","2026-07-31 05:52:44",0.80382,6,itzelale
510,13118268,"Mohammad Abdul Mohsin","2026-07-15 08:23:35",0.80382,1,mohammadabdulmohsin
511,16545146,"Sergej Turov","2026-07-21 20:07:20",0.80382,27,sergejturov
512,4893448,DiegoSolarte,"2026-07-16 17:56:45",0.80382,5,diegosolarte
513,10136353,302458-พงศ์เทพ,"2026-07-18 04:31:53",0.80382,2,nennoi
514,16567457,"Fatimah Moheeb Alwarsh","2026-07-19 06:50:56",0.80382,8,fatimahmoheebalwarsh
515,16571311,"‎ 1naigl","2026-07-20 10:33:47",0.80382,6,onunaigl
516,16574991,shinamonmon,"2026-07-20 11:48:39",0.80382,6,shinamonmon
517,15941237,"Oscar Leonardo Cruz Naranjo","2026-07-21 01:22:43",0.80382,6,leonardocruz17
518,16582534,"Arjun Sharma #5","2026-07-21 18:51:47",0.80382,6,arjundsharma
519,16554161,"new anxie","2026-07-23 06:35:23",0.80382,11,newanxie
520,12320867,"Mukul Kumar #5","2026-07-24 05:00:04",0.80382,7,mukul0584
521,8475344,Lucas_pimeentel,"2026-07-24 22:20:54",0.80382,6,lucaspimeentel
522,16554921,"Pinjie Wang","2026-07-30 09:30:07",0.80382,7,pinjiewang
523,16587771,"Prakhar Pant","2026-07-27 14:32:46",0.80382,41,prakharpantrabbit
524,16481949,"Konuralp Polat","2026-07-28 12:48:59",0.80382,10,konuralppolat
525,16611502,"Keisuke Taya","2026-07-29 01:05:40",0.80382,2,keisuketaya
526,16611721,pythonlover25,"2026-07-30 01:13:51",0.80382,10,pythonlover25
527,16618466,"qr Z1201","2026-07-30 10:36:16",0.80382,3,qrz1201
528,16623822,"Robin Nanad","2026-07-31 02:36:15",0.80382,2,robinnanad
529,16632843,Rosehyt,"2026-08-01 19:45:25",0.80382,8,rosehyt
530,16589899,"Ishimwe Christa Bella","2026-08-03 08:45:03",0.80382,12,christabll
531,16652568,MrtTpl,"2026-08-03 12:33:57",0.80382,4,mrttpl
532,16611495,elatww,"2026-08-05 14:10:47",0.80382,10,elatww
533,4030742,Wei,"2026-08-05 19:22:17",0.80382,11,wwang200
534,16619428,efitkk,"2026-08-06 17:37:10",0.80382,13,efitkk
535,16670220,"Bobby Burgers","2026-08-06 19:45:36",0.80382,18,bobbyburgers
536,16671446,"yeonsung Gu","2026-08-07 03:16:09",0.80382,12,yeonsunggu
537,16674349,LEEJG,"2026-08-07 01:15:19",0.80382,12,leejg425
538,16675799,Jihyeeeee,"2026-08-07 01:58:59",0.80382,9,jihyeeeee
539,16680493,"SEE JIK","2026-08-07 02:27:21",0.80382,10,seejik
540,16680727,jieeeeh,"2026-08-07 03:50:27",0.80382,6,jieeeeh
541,16680738,1ryunh,"2026-08-07 02:44:13",0.80382,10,lryunh
542,16680938,"Fitin Studio","2026-08-07 03:11:38",0.80382,10,fitinstudio
543,16673308,pppppppppppppssss,"2026-08-07 03:12:33",0.80382,19,pppppppppppppssss
544,16673204,"sohyung park","2026-08-07 03:15:37",0.80382,16,sohyungpark
545,16671782,wonjoon0617,"2026-08-07 03:36:18",0.80382,15,wonjoon0617
546,16681018,lljg,"2026-08-07 03:43:08",0.80382,9,lljggg
547,16690939,martianhim,"2026-08-10 15:43:54",0.80382,4,martianhim
548,16656007,"Willy Wonka #2","2026-08-09 02:44:01",0.80382,4,yukio511
549,16697959,"Ali #7","2026-08-12 00:44:24",0.80382,7,murtazakhanpro
550,13537922,"Fardin #4","2026-08-11 21:31:44",0.80382,10,fardinp
551,16709493,"Muhammad Safwan Ahmad Saffi","2026-08-11 22:22:24",0.80382,10,safwanahmadsaffi
552,16349955,"Parth Harischandre","2026-06-15 04:05:53",0.80143,3,parthharischandre
553,16355445,hyohyo,"2026-06-15 09:15:02",0.80143,2,hyohyohyohyo
554,16357737,404062-จิดาภา,"2026-06-15 11:27:45",0.80143,5,nnjidaa
555,16360491,dgossart,"2026-06-15 13:58:19",0.80143,3,dgossart
556,6231723,tomohiro,"2026-06-15 14:24:24",0.80143,9,tomohiro4649
557,16368197,hnkbfihkaebckaj,"2026-06-15 23:56:23",0.80143,5,hnkbfihkaebckaj
558,16368476,"Tonya Sosa","2026-06-15 23:44:51",0.80143,1,tonyasosa
559,16371089,"Can Binbir","2026-06-16 15:45:47",0.80143,10,canbinbir
560,16377512,"Vismaya G","2026-06-19 20:22:12",0.80143,4,vismayag8
561,16378749,岩本直也,"2026-06-17 07:14:05",0.80143,1,naoya2026
562,16381240,"Umar Rustamov","2026-06-17 12:11:01",0.80143,1,umarrustamov
563,16383356,"[Deleted] 180852b9-5704-497f-a6b4-e16385f3a161","2026-06-17 20:44:32",0.80143,10,del=9d282ff34c708423
564,16384558,"Selome Zerai","2026-06-17 20:53:00",0.80143,1,selomeze
565,16388124,"rizabek alpamys 3","2026-06-18 10:56:33",0.80143,3,rizabekalpamys3
566,16388375,_vasu_.063,"2026-06-19 04:39:38",0.80143,15,vasu063
567,15596737,"Feroz Shah","2026-06-18 20:17:14",0.80143,2,dracarysml
568,16394151,"Alessandro Benevelli","2026-06-19 10:34:19",0.80143,1,alessandrobenevelli
569,16397233,alavrdn,"2026-06-20 00:20:56",0.80143,2,alavrdn
570,16405049,"Raffi Khairan Hidayat","2026-06-21 02:16:31",0.80143,2,rapfii
571,16367760,tkhutsi21,"2026-06-22 00:03:14",0.80143,13,tkhutsi21
572,16412076,"SEBASTIÁN OJEDA FIUBA","2026-06-22 05:45:41",0.80143,2,sebastinojedafiuba
573,16413785,"Mikołaj Kida","2026-06-22 13:08:12",0.80143,4,mikoajkida
574,16421712,"alex shuai","2026-06-23 15:48:17",0.80143,8,alexshuai
575,794597,leigh,"2026-06-24 02:23:27",0.80143,7,ljewell
576,16425557,"zhaoxing Ren","2026-06-24 06:24:58",0.80143,1,zhaoxingren
577,16426089,Terry05,"2026-06-24 08:54:04",0.80143,10,terrychan05
578,16428086,"William Crabb","2026-07-02 14:18:10",0.80143,4,williamcrabb
579,16221728,bunharu,"2026-08-09 11:56:35",0.80143,3,bunharu
580,16432426,"Ryunosuke Tominaga","2026-06-25 10:47:10",0.80143,10,ryunosuketominaga
581,15317751,"hicham bedrani","2026-08-02 20:41:42",0.80143,11,hichambedrani
582,16430416,asdfgtega,"2026-06-29 10:10:31",0.80143,3,asdfgtega
583,16437418,RevanthSubramanya,"2026-06-26 10:08:17",0.80143,3,revanthsubramanya
584,16441036,shibazhang,"2026-06-27 02:58:08",0.80143,2,shibazhang
585,16430377,"zh'h zh","2026-06-27 04:04:15",0.80143,20,zhhzh4g
586,12932953,이재훈0615,"2026-06-27 09:25:50",0.80143,1,node1025
587,16444722,fl1ckyyy,"2026-06-28 18:57:42",0.80143,11,fl1cky1337
588,16436548,Yorix.um,"2026-06-29 12:47:50",0.80143,11,yorixum
589,16454111,"Shadab Habib","2026-06-29 22:50:46",0.80143,2,shadabhabib
590,16450237,z0ew5ng,"2026-06-30 02:49:41",0.80143,4,z0ew5ng
591,16454777,"Stephanie #5","2026-06-30 02:14:24",0.80143,6,aisteph
592,16459043,"Adit Sood","2026-06-30 11:29:19",0.80143,1,immersiveendo
593,16459651,"Shreyash Lohare #2","2026-06-30 14:55:36",0.80143,2,shreyashlohare16
594,16434123,"Gladys #3","2026-07-01 18:10:17",0.80143,6,gladyssergio
595,16460705,"jiin he","2026-07-01 03:28:02",0.80143,11,jiinhe
596,16464513,李茂鑫。,"2026-07-01 08:47:00",0.80143,10,limaoxin697
597,16450637,"Jonas Westerhaus","2026-07-01 14:00:21",0.80143,4,jonaswesterhaus
598,16471520,Qinyixiao,"2026-07-02 03:51:12",0.80143,2,qinyixiao
599,16472049,"Aayush Khetawat","2026-07-02 06:12:40",0.80143,1,aayushkhetawat
600,16472467,"Tsungyu Yu","2026-07-02 07:47:15",0.80143,1,tsungyuyu
601,16472637,"Yoko Ishibashi","2026-07-02 08:56:21",0.80143,7,yokoishibashi
602,14497647,"navazsh fathi","2026-07-03 07:35:47",0.80143,6,navazshfathi
603,16484767,"Nobuhiko Nagata","2026-07-04 07:48:42",0.80143,5,nobuhikonagata
604,3936757,"Vecheslav Eremeev","2026-08-14 01:13:40",0.80143,102,lorddiablo74
605,16488066,"Yuka Takahara","2026-07-05 07:01:06",0.80143,8,yuka0625
606,16486667,cocohuangke,"2026-07-05 09:31:20",0.80143,9,cocohuangke
607,16489481,G1251412091,"2026-07-05 10:06:22",0.80143,2,g1251412091
608,16491966,"Arnie Jimenez","2026-07-05 23:50:29",0.80143,7,arniejimenez
609,16495951,fugel19,"2026-07-07 14:31:21",0.80143,3,fugel19
610,16507664,"Javier Santamaríap ","2026-07-08 11:02:09",0.80143,10,javiersantamarap
611,16509218,"Pokpong Ch.","2026-07-08 17:34:42",0.80143,4,pokpongch
612,16513068,"Dominik Barukčić","2026-07-09 15:31:54",0.80143,6,dominikbaruki
613,16517419,joaodavicavalcante,"2026-07-10 16:58:57",0.80143,8,joaodavicavalcante
614,16517592,おかゆん,"2026-07-24 16:41:39",0.80143,4,okayun
615,16517925,"Yaro #3","2026-07-10 20:46:09",0.80143,8,yaro0xcc
616,15133991,CaCao_JP,"2026-07-11 12:51:03",0.80143,11,cacaojp
617,16532554,WestLakeDiver,"2026-07-11 14:50:28",0.80143,6,chenyuheee
618,16533464,"Alejandra Arriagada","2026-07-11 21:19:03",0.80143,1,alejandraarriagada
619,16532560,"César Murillo","2026-07-12 05:05:04",0.80143,11,csartmurillo
620,16534638,Nastasya388,"2026-07-12 09:44:01",0.80143,2,nastasya388
621,16536616,Emiya17,"2026-07-12 22:47:21",0.80143,4,emiya17
622,16429312,"Johannfrederic ","2026-07-13 13:48:35",0.80143,20,johannfrederic
623,16542508,wangxiaofeng53599,"2026-07-14 08:37:49",0.80143,10,wangxiaofeng53599
624,16549483,"Haochen Sunnn","2026-07-15 07:06:51",0.80143,1,haochensunnn
625,16549862,"Hayyaan Atif","2026-07-15 09:52:20",0.80143,2,hayyaanatif
626,16551540,Terrum19,"2026-07-16 15:20:25",0.80143,13,terrum19
627,16552586,"Денис #6","2026-07-15 23:21:48",0.80143,2,denuuo
628,16553484,Chandanmhj,"2026-07-16 07:35:29",0.80143,9,chandanmhj
629,16553932,"Adithya GT","2026-07-16 07:26:53",0.80143,1,adithya26728
630,16553854,"Adithya gt","2026-07-16 07:42:22",0.80143,2,adithyagt
631,16556245,KOUJIAO,"2026-07-16 19:14:08",0.80143,3,koujiao
632,16561993,"Akansha ","2026-07-18 04:22:50",0.80143,1,akp102
633,16563719,"Jenish Pancholi","2026-07-18 08:00:38",0.80143,3,jenishpancholi
634,16567031,"Ertuğrul Özer","2026-07-19 02:21:45",0.80143,1,ozertuu
635,16537614,"Zain Shahzad #2","2026-07-19 07:05:58",0.80143,7,zainshahzad1
636,16481907,永远喜欢薇尔莉特·伊芙加登,"2026-07-19 10:35:58",0.80143,90,zqx960151285
637,16488505,Jacker_Du,"2026-07-19 17:27:38",0.80143,9,jackerdu
638,16578084,"Derek Li #2","2026-07-21 01:00:53",0.80143,1,derekli07
639,16580725,ftiiui,"2026-07-22 03:41:13",0.80143,12,ftiiui
640,16586353,qiuqiu,"2026-07-23 03:06:59",0.80143,9,qiuqiuh
641,16586755,"Dinmukhamed Umbetzhan","2026-07-22 18:05:21",0.80143,3,dinmukhamedumbetzhan
642,16588151,"Changye Li","2026-07-23 03:57:10",0.80143,6,antoinegg1
643,13846506,GB_Digital,"2026-07-23 07:28:45",0.80143,34,gbdigital
644,4011413,"Jordi Rosell","2026-07-23 19:46:21",0.80143,5,jordirosell
645,5042694,DevDevDev,"2026-07-24 04:53:38",0.80143,4,sungyo
646,16578468,lixinbin,"2026-07-24 06:10:44",0.80143,18,lixinbin
647,16591692,wzxwzx,"2026-07-24 06:28:30",0.80143,10,wzx765760929
648,16592737,"tsutsumi toa","2026-07-24 08:06:17",0.80143,1,tsutsumitoa
649,16595475,"Meya Ahmed","2026-07-24 23:59:25",0.80143,1,meyaahmed
650,12886295,"Siddhu Jaykay","2026-07-25 06:57:49",0.80143,2,siddhujaykay
651,16128043,crowsparrow,"2026-07-25 13:57:54",0.80143,10,crowsparrow
652,16601594,silverback_256,"2026-07-26 14:01:33",0.80143,5,hustle256
653,16604904,"Thành Nguyễn #3","2026-07-27 09:20:42",0.80143,1,thnhnguyn147
654,15600033,WaiTse,"2026-07-27 09:40:02",0.80143,1,waitse
655,16605458,"Sufyaan Shahid","2026-07-27 12:18:15",0.80143,3,sufyaanshahid
656,16606591,"Andrei Ionascu","2026-07-27 17:25:14",0.80143,1,andreiionascu
657,16140235,Ad1tyA,"2026-07-28 13:48:30",0.80143,9,ugcigiagi
658,16575613,Illusion,"2026-07-28 13:47:58",0.80143,5,briankimtaikab
659,1749860,"Elwing Chou","2026-07-29 11:44:52",0.80143,4,grandcoder
660,16593116,"Han Bui","2026-07-29 17:14:44",0.80143,7,spbui00
661,16623578,huhuhu678,"2026-07-31 03:10:06",0.80143,10,huhuhu678
662,16633784,"Raisy Wang","2026-08-01 00:49:18",0.80143,9,raisywang
663,16557317,kodalien,"2026-08-02 01:58:20",0.80143,7,kodalien
664,16634734,y0semite,"2026-08-01 06:38:19",0.80143,2,y0semite
665,13455968,アヒル職人,"2026-08-01 10:29:46",0.80143,19,mochiq7
666,16636550,AshiHiro,"2026-08-01 13:04:07",0.80143,1,ashihiro
667,16641185,Cammilo_yyh,"2026-08-02 12:58:04",0.80143,7,cammiloyyh
668,1908734,snippp,"2026-08-02 18:09:16",0.80143,5,snippp
669,16658181,"Yash Katiyar","2026-08-04 07:40:14",0.80143,2,yashkatiyar409
670,16680433,ChoYongwoo_00,"2026-08-07 03:45:56",0.80143,10,choyongwoo00
671,16655495,palout,"2026-08-07 12:03:15",0.80143,4,palout
672,16685310,"kurokkusu 4649","2026-08-08 03:01:46",0.80143,4,kurokkusu4649
673,16676574,AIsummer2026,"2026-08-08 00:11:46",0.80143,19,aisummer2026
674,16689591,"Abel Martins","2026-08-08 17:00:23",0.80143,2,abel258
675,15896777,"Omar El haouch","2026-08-10 16:57:15",0.80143,7,omarelhaouch
676,16685436,"Meher Bhoyar","2026-08-08 16:22:55",0.80143,7,meherbhoyar
677,16692982,"Jérémy Germain","2026-08-08 22:03:16",0.80143,3,jygermain
678,16695436,HideyukiKita,"2026-08-09 12:16:13",0.80143,4,hideyukikita
679,16698169,"Carter Anderson","2026-08-09 23:51:33",0.80143,1,celsian04
680,16698405,"Matteo Hernandez","2026-08-10 02:12:10",0.80143,1,matteohernandez2222
681,16699638,ssssuuuke,"2026-08-10 07:51:20",0.80143,2,ssssuuuke
682,16700149,"Ефим Липин","2026-08-10 11:19:59",0.80143,2,efimlipin
683,15263404,hkhlifi_01edu_oujda_02_2026,"2026-08-13 14:24:21",0.80143,8,hkhlifi01eduoujda
684,16718872,"Subham Sharma #2","2026-08-13 21:56:05",0.80143,8,subsh2004
685,16352284,"Akbar Akramov","2026-06-15 06:02:00",0.79904,2,akbarakramov
686,16315696,"Raichi Hashimoto","2026-06-16 02:21:21",0.79904,20,raichihashimoto
687,16276561,SC3+2025100592+ZHX,"2026-06-17 07:11:27",0.79904,1,zhanhuoli
688,16387141,"Избасар Орынбасар","2026-06-18 08:04:29",0.79904,4,izbassaro
689,16282800,"Federico Petruzziello","2026-06-18 13:28:42",0.79904,1,federicopetruzziello
690,16392612,"Vasu Lukhi","2026-06-19 06:35:56",0.79904,4,vasu0063
691,16307776,"DELFINA YAMPOLSKY","2026-06-20 03:51:19",0.79904,9,delfinayampolsky
692,16404114,"Cleman Azpiroz","2026-06-21 07:02:08",0.79904,4,clemanazpiroz
693,16404596,"Juan zanoni","2026-06-20 23:41:35",0.79904,10,juanzanoni
694,16282993,"Luyi He","2026-07-07 09:03:25",0.79904,13,luyihe
695,16284728,吉田祐樹,"2026-06-26 06:04:30",0.79904,39,yoshida3312
696,16404485,"Maxim Simakov","2026-06-23 11:54:34",0.79904,21,maxsim73
697,16419512,LvJialong,"2026-06-23 11:02:29",0.79904,3,lvjialong
698,16428887,"Lam Mo Kit ","2026-06-24 17:15:20",0.79904,2,lammokit
699,16437880,"谢 星宇","2026-06-26 11:32:47",0.79904,9,cachoid
700,16463079,naiQie,"2026-07-02 00:57:02",0.79904,13,hufewfw6we
701,16428649,Parthasarathi28,"2026-07-01 08:29:53",0.79904,3,parthasarathi28
702,16473942,"Baron mei","2026-07-02 13:09:29",0.79904,4,baronmei
703,16479452,cloudier1,"2026-07-05 04:48:29",0.79904,11,cloudier1
704,14443051,Samuel12356,"2026-07-05 08:03:17",0.79904,3,samuel12356
705,16492201,"yuan xue8997","2026-07-06 14:27:38",0.79904,6,yuanxue8997
706,16495542,"Jai Prakash Thawait","2026-07-07 06:54:55",0.79904,14,jaiprakashthawait
707,13992020,"EZ Sharaf","2026-07-07 06:25:51",0.79904,4,ezsharaf
708,16499484,PiotrKley,"2026-07-07 08:44:59",0.79904,4,piotrkley
709,16507830,vgbhnefd,"2026-07-08 11:47:48",0.79904,7,vgbhnefd
710,14125976,Debarshi_IITKGP,"2026-07-08 13:17:33",0.79904,11,debarshiiitkgp
711,16513175,hnowa12,"2026-07-09 16:56:44",0.79904,10,hnowa12
712,16530497,"Diogo Moitinho","2026-07-11 14:25:01",0.79904,2,diogomoitinho
713,5729897,Legends,"2026-07-12 06:11:32",0.79904,1,"bloomingday,cooperyf,houniao,uniqueonly"
714,15845859,"Adarsh Anshuman","2026-07-12 08:45:09",0.79904,4,adarshanshuman
715,16536694,"Chetna Varada","2026-07-13 01:42:50",0.79904,12,chetnavarada
716,16542589,马岚,"2026-07-14 08:29:52",0.79904,10,znnnnnnnb
717,16542595,Joaoneve,"2026-07-14 08:37:22",0.79904,9,joaoneve
718,16472503,"Maulana #2","2026-07-20 16:02:38",0.79904,14,naufallalala
719,14204177,"Jasper Meijerink","2026-07-14 12:10:37",0.79904,2,meijerinkjasper
720,16566596,"datageek #4","2026-07-20 01:48:14",0.79904,4,abdelmajiderramaline
721,16571867,"Rohit #26","2026-07-23 09:09:49",0.79904,8,arorarohit
722,16588910,"Shahriyar Shokri","2026-07-23 08:36:59",0.79904,6,shahriyarshokri
723,16590032,HK08081994,"2026-07-28 12:08:26",0.79904,16,hk08081994
724,16604004,"samuel wondimkun","2026-07-27 06:57:22",0.79904,8,samuelwondimkun
725,16606601,"Naman Rindani","2026-07-27 20:48:29",0.79904,2,namanrindani
726,16608631,熊田舜士,"2026-07-28 09:04:15",0.79904,2,kum4t4
727,16510834,"tony jay","2026-07-31 09:36:55",0.79904,4,tonyjay
728,16658540,"mark down","2026-08-04 08:25:40",0.79904,3,markdown114
729,16663962,SiddhantV97,"2026-08-05 00:09:02",0.79904,1,siddhantv97
730,16593063,"Hayden Gyde","2026-08-05 09:12:23",0.79904,26,haydengyde
731,16670217,"Kenny Burgers","2026-08-05 20:54:18",0.79904,6,kennyburgers
732,16670180,"Ben Bolzman","2026-08-05 20:45:36",0.79904,5,benbolzman
733,16674894,"Jihye Bae","2026-08-07 01:31:43",0.79904,20,jihyebae03
734,16671445,DajeongJeon0315,"2026-08-07 01:57:09",0.79904,15,dajeongjeon0315
735,16680229,"Russell Park","2026-08-07 01:24:43",0.79904,10,russellpark
736,16674192,김유민첩할민,"2026-08-07 01:45:07",0.79904,18,yuminiiiiiii
737,16680629,subsub15,"2026-08-07 03:49:23",0.79904,10,subsub15
738,16673976,JinaKim_7121,"2026-08-07 03:54:48",0.79904,11,jinakim7121
739,16691301,inga_error,"2026-08-12 21:29:51",0.79904,9,ingaerror
740,16695940,"이태진 (리교수 Prof.Lee)","2026-08-09 12:59:26",0.79904,1,proflee1996
741,16699006,WShepelev,"2026-08-10 06:53:42",0.79904,5,wshepelev
742,16700893,arabya_01EDU_oujda_08_10,"2026-08-12 14:37:34",0.79904,10,arabya01eduoujda0810
743,16716547,Triquetrus,"2026-08-13 13:40:57",0.79904,2,triquetrus
744,16718057,"Aabdal Shaikh","2026-08-13 16:13:50",0.79904,1,aabdalshaikh
745,16360044,"Gabe bland","2026-06-15 13:51:44",0.79665,3,gabebland
746,3641974,nozomuk,"2026-06-15 16:22:28",0.79665,1,nozomuk
747,14642720,"Hongbin Guokaggle","2026-07-12 05:15:29",0.79665,25,hongbinguokaggle
748,16370341,YunYeong,"2026-06-16 07:38:20",0.79665,1,yyyunyng
749,16375437,"NICOLAS LIJAVETZKY","2026-06-16 23:01:16",0.79665,4,nicolaslijavetzky
750,15924908,"Rebecca Zou0213","2026-06-21 08:33:31",0.79665,15,rebeccazou0213
751,16367715,Axel123456,"2026-06-17 20:31:59",0.79665,13,axel123456
752,16382188,"Jenna #4","2026-06-18 13:29:42",0.79665,6,jennnaaa
753,16327184,"Belen Maneiro","2026-06-21 19:41:04",0.79665,14,belenmaneiro
754,16395310,MercuRr,"2026-06-20 09:39:03",0.79665,4,mercurr
755,16402532,"Emilia Toyos","2026-06-20 13:58:54",0.79665,1,emiliatoyos
756,14921626,HanminHSING,"2026-06-24 03:56:47",0.79665,10,hmhsing
757,16404796,"Emiliano Huergo","2026-06-21 03:15:25",0.79665,7,emilianohuergo
758,16368154,"Agustina Suarez Benito","2026-06-22 02:10:49",0.79665,33,agustinasuarezbenito
759,16404761,"MANUEL LOPEZ MUÑOZ","2026-06-22 02:51:11",0.79665,20,manuellopezmuoz
760,16414669,fbfbhth,"2026-06-22 13:35:51",0.79665,2,fbfbhth
761,16414695,zxp1999,"2026-06-22 13:39:11",0.79665,2,zxp1999
762,16403971,大久保翔啓,"2026-06-23 03:42:00",0.79665,4,shokei
763,16377078,xuyi1111,"2026-06-26 06:55:27",0.79665,32,xuyi1111
764,16394668,"SC5 2025101660 JJY","2026-06-27 07:44:13",0.79665,21,janejiujiang
765,16426916,"Danx Korx","2026-06-24 11:13:07",0.79665,4,danxkorx
766,16432285,WinsYan,"2026-06-25 09:48:31",0.79665,8,winsyan
767,16432298,suzukihinata-dev,"2026-06-26 08:08:09",0.79665,11,suzukihinatadev
768,16416596,"Евгения #2","2026-06-26 20:01:12",0.79665,31,lazarevaevgen
769,16460486,"Aertemis Gong","2026-07-02 15:37:58",0.79665,24,aertemisgong
770,16433034,wangchen,"2026-07-04 07:13:00",0.79665,8,ydfqwc
771,16486036,"lifeifei #2","2026-07-04 12:48:23",0.79665,1,huihui666hhhhhhh
772,16494453,Anurag334,"2026-07-06 10:47:49",0.79665,1,anurag334
773,14314161,suzu10,"2026-07-08 08:08:04",0.79665,4,suzu10
774,16507327,karan_singh-7773,"2026-07-08 09:24:10",0.79665,2,karansingh7773
775,15322345,"MASAAKI NAGAMATSU","2026-08-09 17:00:07",0.79665,23,usermaname1
776,13027191,"Patrick Pawelczyk","2026-07-27 12:30:10",0.79665,3,p4czyk
777,16509124,tophoon1,"2026-07-09 14:08:33",0.79665,20,tophoon1
778,16513448,Shiryuzen,"2026-07-09 16:46:45",0.79665,2,shiryuzen
779,15016363,"SEFFAI AHMEDYACINE","2026-07-10 00:39:34",0.79665,22,seffaiahmedyacine
780,16515051,"Enxi Dong","2026-07-18 02:17:05",0.79665,21,naturesky
781,2025945,smoosi,"2026-07-10 08:57:59",0.79665,1,smoosi
782,14045855,"Mohamed Faisal Salem","2026-07-24 18:10:23",0.79665,2,mohamedfaisalsalem
783,13015924,Tian00,"2026-07-12 02:55:57",0.79665,3,tian00
784,16514936,"David Perez #3","2026-07-11 19:47:00",0.79665,4,davidperez1207
785,16535013,"Turbash Negi","2026-07-12 11:42:36",0.79665,4,turbashnegi
786,16536651,"Jhonatan Valencia","2026-07-12 22:49:53",0.79665,2,jhonatanvalencia208
787,16542435,"Tongzhou Ji","2026-07-14 06:34:46",0.79665,3,tongzhouji
788,16542895,zhangzhuooo,"2026-07-14 08:53:07",0.79665,5,zhangzhuooo
789,16517707,"Baker Benezzine","2026-07-22 21:22:30",0.79665,29,bakerbenezzine
790,16553607,"Sanvith M U","2026-07-16 07:16:35",0.79665,4,sanvithmu
791,16559375,"Jhiovana Silva","2026-07-17 12:31:10",0.79665,1,jhiovanasilva
792,16553229,"Jones Carlos","2026-07-18 03:45:20",0.79665,4,jonescarlos
793,16561891,"iori sutani","2026-07-18 08:22:18",0.79665,3,iorisutani
794,16483625,"Makoto Furukawa","2026-07-25 05:41:45",0.79665,56,makotofurukawa
795,16580250,"Tanmay Mehta","2026-07-21 10:04:18",0.79665,1,tanmaymehta7
796,16581478,"Veselin Roganovic","2026-07-21 13:57:04",0.79665,1,veselinroganovic
797,8183351,Yar_Knzv,"2026-07-28 13:29:00",0.79665,8,yarknzv
798,16585818,"Cascade Matrix","2026-07-22 13:16:40",0.79665,10,cascadematrix
799,16606104,AndTimm,"2026-07-27 14:50:41",0.79665,1,andtimm
800,16611735,genius,"2026-07-29 03:18:35",0.79665,10,genius08
801,16611724,"a a a a a y y y y y y","2026-07-29 03:17:48",0.79665,10,aaaaayyyyyy
802,16607246,Shreyash03062007,"2026-07-31 18:05:45",0.79665,16,shreyash03062007
803,16594357,KrisKros76,"2026-08-03 22:01:00",0.79665,32,kriskros76
804,16638279,"Alvera Reischa","2026-08-01 16:43:57",0.79665,8,alverareischa
805,16639338,"Harsh Patial #2","2026-08-01 21:46:28",0.79665,1,theharshpatial
806,16637324,"Avvy Lavoienne","2026-08-02 06:09:44",0.79665,19,avvylavoienne
807,16644837,hanmmx,"2026-08-05 01:39:57",0.79665,14,hanmmx
808,16650613,"Thu Đến Hạ Sang","2026-08-03 09:02:18",0.79665,3,thunhsang
809,15228123,"Hamza Outayb","2026-08-03 13:44:51",0.79665,3,hamzaoutayb
810,16644564,IamGRootMSE,"2026-08-12 04:51:30",0.79665,9,iamgrootmse
811,16640590,hay,"2026-08-05 00:15:53",0.79665,8,hhaayy
812,16668348,中谷謙介,"2026-08-06 00:41:48",0.79665,5,nk23131
813,16671538,"A N (Narsman)","2026-08-06 03:25:56",0.79665,4,annarsman
814,13802948,anjipoo,"2026-08-06 08:35:10",0.79665,9,anjana0812
815,16675474,arsdqwe,"2026-08-06 14:11:37",0.79665,10,arsdqwe
816,16676170,joyingmin,"2026-08-06 14:50:51",0.79665,10,joyingmin
817,16672932,"_ HAELDH","2026-08-07 01:09:33",0.79665,16,haeldh
818,16680624,thdwldnjsssss,"2026-08-07 02:18:32",0.79665,3,thdwldnjsssss
819,16674124,"taebo shim","2026-08-07 03:01:53",0.79665,8,taeboshim
820,16673343,"Jo yong min","2026-08-07 03:32:57",0.79665,20,joyongmin
821,16667252,"Ammar Mufti","2026-08-07 14:58:32",0.79665,5,ammarmufti
822,16687387,Tiranex,"2026-08-07 23:41:27",0.79665,4,tiranex
823,13574235,encredbile,"2026-08-10 01:56:23",0.79665,5,encredbile
824,14503682,"Ryosuke poteto","2026-08-10 02:53:33",0.79665,25,ryosukepoteto
825,16695895,"Mikhail Trufanov","2026-08-10 15:31:57",0.79665,7,mikhailtrufanov
826,16698218,Voffkal,"2026-08-10 01:20:05",0.79665,2,voffkal
827,13830400,"Terry Gao","2026-08-11 12:36:04",0.79665,25,xiaoniu142857
828,16706683,Roww00,"2026-08-11 09:04:46",0.79665,1,roww00
829,16706690,ttttttnlll6868.,"2026-08-11 09:08:18",0.79665,1,ttttttnlll6868
830,15122969,"Mehran Tajbakhsh","2026-08-11 15:12:31",0.79665,15,mehrantajbakhsh
831,15874986,Jim879793123,"2026-08-12 09:39:51",0.79665,10,jim879793123
832,16709969,"LAN KEYNG","2026-08-12 13:39:47",0.79665,7,lankeyng
833,16349641,"chui chui","2026-06-15 03:06:09",0.79425,1,ngoxuanthuy
834,16356862,"Reece Harries","2026-06-15 11:32:22",0.79425,9,reeceharries
835,16359163,"Mugundhan Y","2026-06-17 17:27:46",0.79425,2,mugundhany
836,12762022,"Vitali Makarau","2026-06-16 08:02:49",0.79425,3,vitalimakarau
837,16240438,WUGAWUGA2,"2026-06-16 15:28:13",0.79425,5,wugawuga2
838,16376878,"Nishant Diwate","2026-06-17 08:31:43",0.79425,7,nishantdiwate
839,16378987,"Hà Tùng 177","2026-06-17 08:06:49",0.79425,4,htng177
840,16070769,aigerim01EDU_astana_05_2026,"2026-06-17 08:32:24",0.79425,11,aigerimhappy
841,14413259,nqy123,"2026-06-17 10:51:51",0.79425,3,nqy123
842,16387403,"Adarsh Ranjan bhardwaj","2026-06-21 08:49:23",0.79425,8,adarshranjanbhardwaj
843,16387368,LiuYxTony,"2026-06-18 16:00:55",0.79425,10,liuyxtony
844,6295472,"Ruslan Vyrodov","2026-06-19 07:17:37",0.79425,12,ruslanvyrodov
845,16391017,"ANDRÉS VAZQUEZ","2026-06-18 21:03:00",0.79425,7,avazqu
846,16390773,"Leandro Faltum","2026-06-22 20:14:28",0.79425,14,leandrofaltum
847,16404798,"Joaquin Andres Iszczuk","2026-06-22 21:10:13",0.79425,9,joaquinandresiszczuk
848,16400864,mraj2805,"2026-06-21 18:33:19",0.79425,8,mraj2805
849,16410971,"Stefano Caruso #2","2026-06-21 23:26:50",0.79425,5,sstefanocaruso123
850,16412870,"Hern Yee Goh","2026-06-22 08:11:58",0.79425,2,hernyeegoh
851,16413898,"chimi ha","2026-06-22 15:22:35",0.79425,2,escanor0714
852,16423825,Ronaldyyc,"2026-06-23 21:44:21",0.79425,4,ronaldyyc
853,16289386,"Sunieve Si","2026-06-24 06:39:54",0.79425,7,sunievesi
854,16425668,"Subramanian Segaran","2026-06-24 07:17:28",0.79425,3,subramaniansegaran
855,16099139,veerachandrakanth.M,"2026-06-24 07:59:38",0.79425,1,veerachandrakanthm
856,16430730,ZhiLiNyuan,"2026-06-25 03:19:55",0.79425,1,lynnsaylyn
857,16432435,"momo kura","2026-06-25 11:05:31",0.79425,9,momokura
858,15571952,RyoSketchbook2007,"2026-06-30 11:07:57",0.79425,3,ryosketchbook2007
859,16433260,"Emir Çakır","2026-06-25 16:31:43",0.79425,4,emircakr
860,11309290,paramedik,"2026-06-25 18:30:32",0.79425,1,paramedik
861,16434966,rayyyeh,"2026-06-25 20:21:37",0.79425,2,rayyyeh
862,15527716,momiji_free,"2026-07-08 07:08:11",0.79425,34,momijifree
863,16442352,"edwige bacquaert","2026-06-27 09:29:59",0.79425,2,edwigebacquaert
864,16452525,"靖涵 xujinghan","2026-07-04 20:39:02",0.79425,11,xtcofficial
865,16457335,"Charith Pendyala","2026-06-30 07:20:46",0.79425,2,charithpendyala
866,16454934,Sahara_100,"2026-07-06 01:17:37",0.79425,25,sahara100
867,16462920,ミーちゃん,"2026-07-08 02:01:06",0.79425,3,haruki75168
868,16456717,"Alkava Ind","2026-07-01 03:09:33",0.79425,5,alkavaind
869,16457843,TanviShelke12,"2026-07-01 11:14:37",0.79425,10,tanvishelke12
870,16466622,"Bruno Kowal 1","2026-07-02 09:54:36",0.79425,19,brunokowal1
871,16480486,cye1024,"2026-07-05 11:52:17",0.79425,7,cye1024
872,16482104,xyls999,"2026-07-03 13:59:42",0.79425,1,xyls999
873,5832314,"keith lancephil","2026-07-04 19:36:02",0.79425,5,keithlancephil
874,16430450,lyq111,"2026-07-05 11:15:14",0.79425,8,lyq111
875,16491299,"emrah oz","2026-07-05 18:08:45",0.79425,2,eozemrah
876,16491985,"Kevin #56","2026-07-06 01:55:12",0.79425,19,kevinlevin009
877,16493729,Kaoru00,"2026-07-07 08:58:09",0.79425,4,kaoru00
878,16495374,"Sasaki Masashige","2026-07-06 15:28:01",0.79425,10,masashigesasaki
879,16498991,"Sahil Katewa","2026-07-07 07:31:50",0.79425,6,sahilkatewa
880,16496502,"Cường Nguyễn #2","2026-07-11 00:39:06",0.79425,12,cngnguy3413
881,16516439,"hugo kuitchoua","2026-07-10 13:44:15",0.79425,4,hugokuitchoua
882,16530663,"чуев василий","2026-07-14 08:37:09",0.79425,10,plutiliy
883,16533100,Saumya990540,"2026-07-11 19:22:44",0.79425,10,saumya990540
884,16517935,"Solidx74 (Kareeb Sadab)","2026-07-11 20:21:08",0.79425,4,solidx74
885,15887328,jiujiuqwq,"2026-07-12 02:38:56",0.79425,14,jiujiuqwq
886,16533856,jiujiuyun,"2026-07-12 03:04:05",0.79425,3,jiujiuyun
887,16536674,"Pablo López Castañón","2026-07-12 22:54:50",0.79425,3,pablolpezcastan
888,16536750,"Mauricio Alanes","2026-07-13 01:27:08",0.79425,9,mauricioalanes
889,16541931,sens24,"2026-07-14 04:41:00",0.79425,4,sens24
890,16516148,"koichi takahashi","2026-07-15 01:34:02",0.79425,11,takahak
891,16543301,jiuru3,"2026-07-14 09:35:26",0.79425,3,jiuru3
892,16507174,"Zein 2 Amr2","2026-07-14 11:10:16",0.79425,22,zein2amr2
893,16539265,"hf Z","2026-07-15 06:46:11",0.79425,2,hfzzzzzz
894,16505762,"Aloha Pika","2026-07-16 03:04:42",0.79425,20,alohapika
895,16554676,killycc,"2026-07-16 10:37:39",0.79425,1,killycc
896,16557689,CleverEagleDev,"2026-07-17 05:21:50",0.79425,5,clevereagledev
897,16491694,Mevindu,"2026-07-21 06:26:19",0.79425,34,mevindu
898,16566720,"Muhammad Kashan","2026-07-18 22:16:01",0.79425,10,muhammadkashannn
899,16570689,yyh666188,"2026-07-21 00:52:18",0.79425,12,yyh666188
900,16573739,WwHAHAHA,"2026-07-20 07:31:46",0.79425,10,wwhahaha
901,16574914,"Dawid Bak","2026-07-20 12:30:52",0.79425,6,dawidbak
902,15925826,leco55443,"2026-07-21 02:59:02",0.79425,1,leco55443
903,14673797,"Ezio Kenway (6610398)","2026-07-21 13:02:19",0.79425,1,eziokenway6610398
904,16552024,Avinash159-159,"2026-07-23 07:35:40",0.79425,5,avinash159159
905,16487064,felly10,"2026-07-23 09:15:49",0.79425,11,felly10
906,16589586,MarPerezG,"2026-07-27 09:50:46",0.79425,13,marperezg
907,15122762,"Alberto Akel","2026-07-23 22:38:43",0.79425,5,albertoakel
908,16591018,Kaishin22,"2026-08-11 21:20:01",0.79425,68,kaishin22
909,7436214,"Mitsuya Yamamoto","2026-08-12 07:46:16",0.79425,11,mitsuyayamamoto
910,16591045,"Marcos R. Morgon","2026-07-24 17:05:00",0.79425,8,marcormorgon
911,16538587,"Yuzef Zaborovskiy","2026-08-03 19:15:50",0.79425,52,yuzefzaborovskiy
912,16606606,"Priyanshi #3","2026-07-27 17:35:41",0.79425,2,priyanshi108
913,16608651,"Aman Aggarwal #4","2026-07-28 10:12:59",0.79425,7,aman25082005
914,16611682,jhddddddddddddddddd,"2026-07-29 02:53:59",0.79425,2,jhddddddddddddddddd
915,16611208,Shreyashsharmabphc,"2026-07-31 19:01:46",0.79425,19,shreyashsharmabphc
916,16610245,"Faustine #2","2026-07-29 05:01:28",0.79425,6,faustine649
917,16584747,AAAAjingru,"2026-08-07 13:09:45",0.79425,13,aaaajingru
918,14974812,"Icaro Vazquez","2026-07-31 23:42:14",0.79425,15,icarovazquez
919,16611733,"kim doyun 20131110","2026-07-30 02:29:20",0.79425,5,kimdoyun20131110
920,16618157,Qaaxaap,"2026-07-30 09:26:25",0.79425,4,qaaxaap
921,16642096,HamidrezaKeshavarz,"2026-08-02 14:14:23",0.79425,1,hamid9
922,15459378,KD02,"2026-08-03 16:35:42",0.79425,1,kdtdao
923,16653744,"giyogoio hlrlqll","2026-08-03 17:15:41",0.79425,9,giyogoiohlrlqll
924,16658491,"tanh clone","2026-08-04 08:36:07",0.79425,6,tanhclone
925,16591840,"qwq elnauh","2026-08-05 07:28:15",0.79425,3,qwqelnauh
926,919916,"Hardiansyah Harmein","2026-08-08 18:42:40",0.79425,15,paladine76
927,16673054,"yff odd","2026-08-10 03:30:32",0.79425,4,yffodd
928,16675564,subsub01,"2026-08-06 13:42:31",0.79425,3,subsub01
929,16674151,jungjy1226,"2026-08-07 03:53:21",0.79425,7,jungjy1226
930,16672679,"jaeryeong lee","2026-08-07 05:00:56",0.79425,19,jaeryeonglee
931,10993373,"Aryavrat Misrha","2026-08-08 06:30:26",0.79425,3,aryavratmisrha
932,16690642,ychatoua_01EDU_oujda,"2026-08-11 13:38:45",0.79425,12,ychatoua01eduoujda
933,15143038,"Samuel Patton","2026-08-09 02:44:15",0.79425,6,samuelpatton22
934,16698561,"Projekt Hortensia","2026-08-10 03:30:45",0.79425,2,projekthortensia
935,16698514,r3y3o3,"2026-08-10 06:00:13",0.79425,10,r3y3o3
936,16711515,"Ken Yaggel","2026-08-12 08:31:06",0.79425,1,kenyaggel
937,15513156,久原祐輝,"2026-08-13 04:41:49",0.79425,2,yuki0524
938,16283489,お髭のまつぼっくり,"2026-06-17 02:42:49",0.79186,11,matu11
939,16354731,"alex chen","2026-07-03 02:41:33",0.79186,6,alexchen369369
940,16356991,"Omer Erdem","2026-06-15 10:25:27",0.79186,2,omererdem555
941,16359790,Thefaking,"2026-06-15 13:06:48",0.79186,1,thefaking
942,16259236,橋本真旺,"2026-06-15 15:57:19",0.79186,7,mao925
943,16366920,"Axel V","2026-06-15 17:46:30",0.79186,2,axelv71
944,15934402,primuks23,"2026-06-17 05:00:24",0.79186,9,primuks23
945,16372938,"boris danailov","2026-06-18 15:40:05",0.79186,13,borisdanailov
946,16346118,"Deera Wijesundara","2026-06-16 16:34:15",0.79186,9,deerawj
947,16378568,"Trần Đức An","2026-06-17 11:46:27",0.79186,9,trncan
948,16322758,TianyuZhou1088,"2026-06-17 11:36:48",0.79186,10,tianyuzhou1088
949,15792136,"khwaja Moula'Ali","2026-07-06 11:41:46",0.79186,20,khwajamoulaali
950,15527159,"yahya khaldy","2026-06-17 12:05:09",0.79186,1,yahyakhaldy
951,16381388,"isak jonsson","2026-06-17 12:32:36",0.79186,1,isakjonsson
952,16385997,"Michael F #2","2026-06-18 04:27:41",0.79186,2,michael2001
953,16387304,Nurzhakhan,"2026-06-18 10:37:04",0.79186,9,nurzhakhan
954,16387723,"Zhamilya Sairan","2026-06-18 12:20:56",0.79186,2,zhamilyasairan
955,16388709,"Filippo Campagnolo #2","2026-06-27 09:06:12",0.79186,12,pipcampa
956,16368355,"JULIETA MONACO","2026-06-18 20:45:29",0.79186,22,julietamonaco
957,16368271,"MARIA ANDARA","2026-06-19 22:02:23",0.79186,14,mariaandara
958,16389623,"GIULIANA INES SABATINO","2026-06-20 03:12:40",0.79186,9,giulianainessabatino
959,16327764,"Franco Mainardi","2026-06-19 01:29:37",0.79186,5,francomainardi
960,16393596,"Jan Zahradnik","2026-06-19 09:08:58",0.79186,8,janzahradnik
961,16327277,BR_minardi,"2026-06-28 06:03:35",0.79186,43,brminardi
962,16395214,"Matias Quiroga01","2026-06-19 14:50:34",0.79186,3,matiasquiroga01
963,16397873,"Pan MuYan","2026-06-20 11:28:30",0.79186,10,panmuyan
964,16395087,liren.wang.2025,"2026-06-20 14:45:47",0.79186,13,lirenwang2025
965,16374594,"MACARENA JUAREZ BOUREL","2026-06-21 12:54:53",0.79186,17,macarenajuarezbourel
966,16374806,"Leandro Agustín Otero","2026-06-21 14:20:48",0.79186,23,leandroagustnotero
967,16366155,"Giuliana Masci","2026-06-21 00:21:52",0.79186,8,giulianamasci
968,16408350,"Fernando Rama","2026-06-21 13:52:04",0.79186,2,fernandorama
969,16408900,AVIRESSENCE,"2026-06-21 15:54:09",0.79186,2,aviressence
970,16403871,lilia77,"2026-06-21 17:23:12",0.79186,8,lilia77
971,16408751,"ningyu zhou","2026-06-21 17:01:09",0.79186,8,ningyuzhou
972,16396704,"Juana Rosales Attadia","2026-06-21 21:23:53",0.79186,25,juanarosalesattadia
973,16391970,"FELIPE OESTERHELD","2026-06-21 23:28:33",0.79186,13,felipeoesterheld
974,16411054,"Juan Cruz Romero","2026-06-21 23:36:30",0.79186,1,juancruzromero2212
975,16404354,"GABRIEL AGUSTI­N RIVAS","2026-06-21 23:47:11",0.79186,13,gabrielagustinrivas
976,16385105,"MATIAS QUIROGA","2026-06-22 13:05:58",0.79186,12,matiasquiroga1
977,16395519,"Agustín Vaira","2026-06-22 14:36:16",0.79186,26,agustnvaira
978,16405027,Hotmail_1,"2026-06-22 14:45:39",0.79186,4,hotmail1
979,16415884,"Maria Constanza Legasa","2026-06-22 18:59:21",0.79186,7,mariaconstanzalegasa
980,16410538,"Ro de la Portilla","2026-06-22 19:33:36",0.79186,14,rodelaportilla
981,16413419,liamxdev,"2026-06-23 11:03:55",0.79186,16,liamxdev
982,14797567,"John sherwin","2026-06-24 01:07:21",0.79186,18,johnsherwin
983,15455427,"Subhan Miriyev","2026-06-28 10:42:53",0.79186,39,subhanmiriyev
984,16314622,DragonLoong1117,"2026-06-24 16:06:54",0.79186,8,dragonloong1117
985,16429468,"Calid Armstrong","2026-06-25 02:17:50",0.79186,13,calidarmstrong
986,16435656,"HoangFe V","2026-06-26 01:42:42",0.79186,2,hoangfev
987,14267914,"parsabagheri ","2026-06-27 13:08:33",0.79186,11,parsabagheri1234
988,16442994,"Jorge G Moreno","2026-06-28 03:37:21",0.79186,9,jorgegmoreno
989,16448390,"Matthew Franco","2026-06-29 02:05:12",0.79186,2,mmfranco04
990,16450034,"Owen Lianggara","2026-06-29 10:36:12",0.79186,2,owenlianggara
991,16384932,Maqarios,"2026-06-30 01:07:09",0.79186,20,maqariossaleh
992,16453097,"Mario López Angeles","2026-07-01 17:43:32",0.79186,14,mariolpezangeles
993,16440145,AlexisPach99,"2026-07-01 17:54:52",0.79186,9,alexispacheco99
994,16060842,"Yunchen Tang","2026-07-01 08:07:12",0.79186,19,yunchentang
995,16460605,"RAUL Gonzales","2026-06-30 16:35:18",0.79186,10,raulgonzalesx
996,16460874,GONZLEEZ,"2026-06-30 18:40:43",0.79186,10,gonzleez
997,8252151,Laszlore,"2026-06-30 17:10:05",0.79186,1,laszlore
998,16462027,"Yury Bembel","2026-06-30 21:26:46",0.79186,10,yurybembel
999,10778274,"Rohid Shakoorzada","2026-07-01 10:19:50",0.79186,7,rohidshakoorzada
1000,16465165,Hase2727,"2026-07-01 10:04:09",0.79186,1,hase2727
1001,16465243,"Ali AbdulHussain","2026-07-01 13:20:06",0.79186,5,aliabdulhussain3
1002,16468679,"Mario López 2","2026-07-01 17:50:33",0.79186,2,mariolpez2
1003,16473028,"YC Y","2026-07-03 01:54:39",0.79186,8,usernameycy
1004,16478133,tangjunxuan20,"2026-07-03 02:10:56",0.79186,1,tangjunxuan20
1005,16479648,yinpeng03,"2026-07-03 03:40:06",0.79186,1,yinpeng03
1006,16480393,xxxx121212,"2026-07-03 07:28:55",0.79186,8,xxxx121212
1007,16481861,huangrubing,"2026-07-03 12:58:16",0.79186,1,huangrubing
1008,16482161,"Victor #31","2026-07-03 14:34:07",0.79186,5,victorlovera
1009,15271716,f12s3d45s6,"2026-07-03 20:40:17",0.79186,1,f12s3d45s6
1010,16474155,"Telman Yusifov","2026-07-05 22:36:38",0.79186,38,yusifovtelman
1011,16487663,Liukaiyueqwerty,"2026-07-04 20:53:00",0.79186,1,liukaiyueqwerty
1012,16490613,Kett,"2026-07-05 16:08:19",0.79186,5,kettxii
1013,16492961,manamana29,"2026-07-06 08:00:53",0.79186,10,manamana29
1014,4927369,"Daniel #25","2026-07-06 08:37:56",0.79186,3,dswann
1015,16494711,"Michał Micherdziński","2026-07-06 14:04:30",0.79186,7,michamicherdziski
1016,16496582,"Aaron OwO","2026-07-07 11:03:05",0.79186,8,aaronowo
1017,16500292,JNICallBack,"2026-07-07 10:49:25",0.79186,1,jnicallback
1018,16504756,Cason,"2026-07-08 04:12:45",0.79186,6,cason226
1019,16483934,"Sean Brass","2026-07-10 20:28:13",0.79186,11,seanbrass
1020,16446258,PutN1k,"2026-07-08 09:30:07",0.79186,17,putn1k
1021,13777117,tiger_56,"2026-07-08 21:29:12",0.79186,2,tiger56
1022,12387426,Sofia_Gilka,"2026-07-14 07:26:24",0.79186,13,sofiagilka
1023,16508710,"Yasuhiro Suzuki #2","2026-07-09 12:27:37",0.79186,5,yasuhiro2025
1024,16508693,tophoon,"2026-07-09 07:44:06",0.79186,20,teachertophoon
1025,16513159,REX1314,"2026-07-09 15:43:01",0.79186,4,rex1314
1026,16513189,sandrone,"2026-07-09 16:52:11",0.79186,3,itscilalonothello
1027,16514792,hc,"2026-07-10 03:10:23",0.79186,6,haolincong
1028,16515366,"Shekhar Golla","2026-07-10 06:17:49",0.79186,1,shekhargolla
1029,16516454,zdraviyatlet,"2026-07-11 10:47:02",0.79186,12,zdraviyatlet
1030,16517410,"Animesh Singh #3","2026-07-10 16:41:10",0.79186,1,animeshsingh21
1031,16531295,"Vincent Chan #2","2026-07-11 08:09:13",0.79186,5,vincentchan0413
1032,16531832,"Dinis Akulov","2026-07-11 11:39:23",0.79186,8,dinisakulov
1033,16516899,"Youseef Talaat","2026-07-23 14:16:34",0.79186,23,youseefmohamed1212
1034,16534587,"Dũng Bùi","2026-07-12 09:10:19",0.79186,6,dungbui121
1035,16535484,"Will Mingorance","2026-07-12 14:48:13",0.79186,9,willmingorance
1036,16536297,xuxiangshu,"2026-07-12 19:42:28",0.79186,10,xuxiangshu
1037,16536879,"KOMATSU Mina","2026-07-13 05:50:59",0.79186,5,komatsumina
1038,14268777,Рафаэль,"2026-08-10 22:35:41",0.79186,47,pozoyan
1039,16539548,Vachor,"2026-07-13 13:37:08",0.79186,2,vachor
1040,16540670,"Никита Запекин","2026-07-13 18:43:51",0.79186,5,weggewewg
1041,13412971,"Xian Xu #2","2026-07-16 15:31:38",0.79186,11,xianxu
1042,16542599,lixiaolanlixiaolan,"2026-07-15 03:56:45",0.79186,16,lixiaolanlixiaolan
1043,16542744,mayuhua000,"2026-07-15 03:19:38",0.79186,19,mayuhua000
1044,16543653,"Milena De Biasi","2026-07-14 10:57:44",0.79186,1,milenadebiasi
1045,16546769,"Collins Amoah","2026-07-14 21:42:39",0.79186,5,collinsamoah
1046,16553753,"Radhika L","2026-07-16 07:39:26",0.79186,7,lradhika2005
1047,16553746,Sushma.M,"2026-07-16 09:41:36",0.79186,6,sush13452
1048,16553931,"V Pravallika","2026-07-16 07:43:30",0.79186,5,pravali16
1049,16551390,"Yusuf Öksüzoğlu","2026-07-16 14:17:55",0.79186,7,yusufkszolu
1050,16555609,"salma Sohbi","2026-07-20 12:08:27",0.79186,21,salmasohbi
1051,16219805,"Anton Ukhabin","2026-07-27 11:33:58",0.79186,125,antonukhabin
1052,16542271,"Sathya Jothi S P","2026-07-30 12:07:37",0.79186,5,sathyajothisp
1053,16558527,WindC011,"2026-07-17 08:24:49",0.79186,3,windc011
1054,16566929,Nurkan123,"2026-08-02 15:03:39",0.79186,5,nurkan123
1055,16569350,byyyyyyyyyy,"2026-07-19 17:02:04",0.79186,4,byyyyyyyyyy
1056,16569775,"jiaxuan luo","2026-07-20 10:47:56",0.79186,15,jiaxuanluo
1057,16583162,"willie Ad","2026-07-21 20:16:54",0.79186,5,williead
1058,16584288,"Charles CTy","2026-08-03 10:48:59",0.79186,4,charlescty
1059,16553849,"badri deepthi","2026-07-22 15:54:02",0.79186,7,badrideepthi
1060,16586808,Wanger523,"2026-07-22 17:06:33",0.79186,1,wanger523
1061,16587560,"Josafa Silva Soares","2026-07-23 01:39:48",0.79186,3,josafasilvasoares
1062,12579817,DonggeonK,"2026-07-23 04:57:44",0.79186,3,stevehawkim
1063,16587842,toda1108,"2026-07-23 06:56:19",0.79186,9,toda1108
1064,16589228,"Viet Hung Tran","2026-07-23 09:23:51",0.79186,1,trvhung568
1065,16515413,"Joo Hyeon Woo","2026-07-23 14:02:54",0.79186,6,joohyeonwoo
1066,16585333,"Yu Su #3","2026-07-25 04:12:10",0.79186,17,goldjade1
1067,16587365,nexus-eval,"2026-07-25 09:13:40",0.79186,7,nexuseval
1068,16597325,"Jojuyn Jostar","2026-07-25 07:46:15",0.79186,5,jojuynjostar
1069,16599897,Leocarneiroo,"2026-07-25 23:18:29",0.79186,5,leocarneiroo
1070,16601648,"Zakaria Bouayad","2026-07-26 15:26:31",0.79186,4,zakariabouayad
1071,16603103,"Anahita Hayati","2026-07-26 20:33:21",0.79186,3,anahitahayaty
1072,16613609,minamihoshino,"2026-07-29 12:58:01",0.79186,1,minamihoshino
1073,16566519,Overth1nk,"2026-07-30 15:19:49",0.79186,12,overth1nk
1074,12491934,"Ryhor Abramovich","2026-07-31 23:28:11",0.79186,9,ryhorabramovich
1075,16634529,"poignant padaeng","2026-08-02 05:44:32",0.79186,11,poignantpadaeng
1076,16632451,"Mohammad Ashkriz","2026-08-01 10:42:27",0.79186,3,mohammadashki
1077,14482256,"Gayatri Sharma #3","2026-08-01 13:22:31",0.79186,7,sharmagayatri
1078,16599114,天命之路,"2026-08-03 12:30:22",0.79186,12,dualqwq
1079,16645883,ecolss,"2026-08-03 05:01:05",0.79186,2,ecolss
1080,16643167,"Chu Van An","2026-08-04 04:45:27",0.79186,21,tbxvnaan
1081,16622354,tbttkc,"2026-08-03 17:25:11",0.79186,28,tbttkc
1082,16654398,nelsonpaiva,"2026-08-03 18:15:00",0.79186,1,nelsonpaiva
1083,16598961,"Kai Shimizu","2026-08-04 07:22:17",0.79186,8,kaishimizu
1084,16663796,"Daniel Nogueira Gontijo","2026-08-05 13:40:27",0.79186,8,dnl2308
1085,15508662,refenst,"2026-08-05 10:03:12",0.79186,2,refenst
1086,16670866,"Vijay Sidd","2026-08-05 23:42:45",0.79186,1,vijaysidd
1087,16633134,Shreyashsharma0306,"2026-08-06 07:12:23",0.79186,3,shreyashsharma0306
1088,16674456,bingo17,"2026-08-06 09:08:38",0.79186,1,bingo17
1089,13912951,parkjunsu3321_,"2026-08-07 00:39:14",0.79186,10,parkjunsu3321
1090,16672499,jeeyea1226,"2026-08-07 01:44:18",0.79186,20,jeeyea1226
1091,16680785,changyun2311,"2026-08-07 03:30:45",0.79186,4,changyun2311
1092,16674379,shhihi,"2026-08-07 02:52:49",0.79186,11,shhihi
1093,16673275,hgkghkgh,"2026-08-07 03:11:53",0.79186,11,hgkghkgh
1094,16668475,"Gaurav Dulal","2026-08-07 03:40:36",0.79186,16,gyr0byte
1095,16680915,heej02,"2026-08-07 03:53:03",0.79186,10,heej02
1096,16681949,"Vyas Senthilkumar","2026-08-07 05:56:14",0.79186,10,vyassenthilkumar
1097,16687722,"Volnov Evgeny","2026-08-07 22:19:34",0.79186,7,volnov
1098,16664977,"Vinh Vu102","2026-08-08 04:37:21",0.79186,10,vinhvu102
1099,14232038,"Abdelrahman mohamed78","2026-08-09 12:25:50",0.79186,21,abdelrahmanmohamed78
1100,16644365,"Richard Wilson","2026-08-09 13:14:55",0.79186,20,richard930
1101,16696965,akhykw,"2026-08-09 16:05:10",0.79186,1,akhykw
1102,16697777,"Rodrigo S","2026-08-09 19:43:41",0.79186,1,rssantos
1103,16677110,"Manish Shw","2026-08-10 11:35:03",0.79186,26,manishshw
1104,15750683,"Ismail Hajji","2026-08-12 16:47:42",0.79186,17,ismailhajji
1105,16702643,"Христина Костик","2026-08-10 19:09:15",0.79186,3,saikyyno2
1106,16583534,MariaAbb,"2026-08-10 22:42:31",0.79186,3,mariaabb
1107,16684473,koredecantcode,"2026-08-12 19:11:06",0.79186,12,koredecantcode
1108,16710388,fouad_essah,"2026-08-12 05:46:46",0.79186,10,fouadessah
1109,16460392,"ADITYA KACHWAHA","2026-08-12 19:07:04",0.79186,33,officialadi2004
1110,15075678,"Joao Pedro Nascimento de Sousa","2026-08-13 15:05:20",0.79186,3,joaopedrosousan
1111,16353746,"Neel Wadake","2026-06-15 07:15:29",0.78947,1,neelwadake
1112,13822969,"Emotion K.","2026-06-27 17:47:48",0.78947,3,emotionk
1113,16355595,"Amit Manjesh","2026-06-15 11:04:59",0.78947,2,amitmanjesh
1114,16159647,"Jose Manuel Gijón","2026-06-15 12:21:01",0.78947,5,josemanuelgijn
1115,16073390,Amano陽菜,"2026-06-15 13:21:56",0.78947,3,amanohinadtx
1116,16358603,"Alexey Kuznetsov #3","2026-06-15 14:59:38",0.78947,7,legtarrr
1117,16367414,SantiagoAlvarez03,"2026-06-15 18:35:22",0.78947,10,santiagoalvarez03
1118,16366118,"Tobias Nacif","2026-06-15 18:57:59",0.78947,6,tobiasnacif1
1119,16329854,"CARLOS PEDRO MARTINEZ","2026-06-15 19:56:08",0.78947,6,carlospedromartinez
1120,16347311,"MARCO GRASSO","2026-06-18 00:28:59",0.78947,10,marcograsso0
1121,16353352,Grasso7,"2026-06-16 00:39:13",0.78947,11,grasso7
1122,16273126,"Boxiong Xie","2026-06-16 01:13:55",0.78947,2,boxiongxie
1123,16369190,edithwong,"2026-06-16 05:48:18",0.78947,3,edithwong
1124,16369519,lalaladuo,"2026-06-16 12:14:12",0.78947,3,lalaladuo
1125,15382687,"Павел #2","2026-06-16 12:19:54",0.78947,2,bublik7288
1126,16372071,huhukick,"2026-06-16 13:02:25",0.78947,2,huhukick
1127,16068205,"Hans Bellmer","2026-07-18 14:15:34",0.78947,66,hansbellmer
1128,16375566,"Vladimir Zvezdkin","2026-06-16 23:37:42",0.78947,10,vladimirzvezdkin
1129,16040402,Hide-kin-123,"2026-07-10 02:45:51",0.78947,12,hidekin123
1130,16378368,"Dmitry #36","2026-06-17 08:07:15",0.78947,9,baranov11
1131,16371016,M4NNB6,"2026-06-17 08:28:28",0.78947,2,m4nnb6
1132,16375130,mfrey085,"2026-06-19 00:53:44",0.78947,23,mfrey085
1133,16332839,"Maria Fernanda Rey","2026-06-20 02:33:38",0.78947,33,mariafernandarey
1134,16287948,Hossain75,"2026-06-17 13:17:17",0.78947,1,hossain75
1135,16241507,Zongrui,"2026-06-25 08:45:58",0.78947,4,zongrui521
1136,16368758,"CAMILA GONZALEZ","2026-06-18 14:00:54",0.78947,19,camilagonzalez20
1137,16382894,"Serena Isaía","2026-06-17 22:15:42",0.78947,5,serenaisaa
1138,16330916,"Facundo Rius Tuñón","2026-06-17 20:26:13",0.78947,11,facundoriustunon
1139,16384990,santig_titanic,"2026-06-18 02:08:13",0.78947,3,santigtitanic
1140,16385662,"Santiago Rotger","2026-06-22 12:12:55",0.78947,3,santiagorotger
1141,16386207,"Anjali Todawat ","2026-06-29 04:30:34",0.78947,2,anjalitodawat
1142,16387666,"Roza Kenzhebekova","2026-06-18 10:42:33",0.78947,3,rozakenzhebekova
1143,16387810,"Ayazhan Abbas","2026-06-18 09:55:56",0.78947,2,ayazhanabbas
1144,16392900,woshilezi123,"2026-06-19 08:53:06",0.78947,2,woshilezi123
1145,16393007,Aroshold,"2026-06-19 06:21:39",0.78947,2,grandrunemaster
1146,16390124,mrtkgr1,"2026-06-19 06:59:04",0.78947,12,mrtkgr1
1147,16393278,ChesterMost,"2026-06-19 11:40:36",0.78947,9,chestermost
1148,16393613,DAINABANDO,"2026-06-19 08:44:36",0.78947,1,dainabando
1149,16394478,**Sandy**,"2026-06-19 11:51:31",0.78947,1,ssandys
1150,16289139,"Fedor Sorokin #2","2026-07-27 13:32:08",0.78947,12,fedorsorokinm
1151,16388905,"Jeronimo Bartolome","2026-06-19 15:46:06",0.78947,17,jeronimobartolome
1152,16264769,"Yashwanth Mendu","2026-07-25 22:02:29",0.78947,10,yashwanthmendu
1153,16393724,"Pragati Kumari","2026-06-19 19:15:31",0.78947,8,pragatiumari
1154,16396216,"Manu Dourisboure","2026-06-19 20:09:10",0.78947,9,manudourisboure
1155,16397198,Perrito2003,"2026-06-20 00:11:42",0.78947,5,perrito2003
1156,16255428,Tory792,"2026-06-20 05:21:38",0.78947,5,tory792
1157,16388178,"Jim Milton","2026-06-20 07:42:06",0.78947,4,jimmilton987
1158,16400447,kanade73,"2026-06-20 08:46:04",0.78947,5,knd703
1159,16373613,"Arunav Borthakur","2026-06-25 06:01:16",0.78947,5,arunavborthakur
1160,16403226,"Agustín Iván Tkachuk","2026-06-20 18:05:46",0.78947,7,agustnivntkachuk
1161,16262080,"Francisco Konig","2026-06-20 23:31:10",0.78947,9,franciscokonig
1162,16384878,"DL #3","2026-06-21 22:18:37",0.78947,16,delfinaluduea
1163,16404434,"Mateo Boerr","2026-06-20 21:18:35",0.78947,3,mateoboerr
1164,16405076,"GEIDO AGUSTIN ARIEL","2026-06-22 03:07:33",0.78947,5,geidoagustinariel
1165,16406616,"Turino Li","2026-06-21 11:05:09",0.78947,6,turinoli
1166,16407073,HAEWONRACHELKIM,"2026-06-22 11:56:10",0.78947,12,haewonrachelkim
1167,16384149,"Md. Ashikullah","2026-06-21 15:52:51",0.78947,14,mdashikullah
1168,16409740,"VENTURA MANUEL BUSTOS","2026-06-22 02:02:32",0.78947,11,venturamanuelbustos
1169,16335379,"WAOM LEE","2026-06-23 03:32:15",0.78947,5,waomlee
1170,16011762,vladee,"2026-06-22 14:28:39",0.78947,8,vladee
1171,16416251,"Mile Nachtajler","2026-06-22 19:07:13",0.78947,6,milenachtajler
1172,16390936,"Jainil Patel #2","2026-06-22 21:38:19",0.78947,13,jainilpatel1
1173,16417560,EyadNASSI,"2026-06-23 01:46:56",0.78947,8,eyadnassi
1174,16418566,"Đức Trọng Bùi","2026-06-23 05:20:31",0.78947,1,ctrngbi
1175,16418855,"Ajitesh Seetesh","2026-06-23 06:34:44",0.78947,5,ajitesh11
1176,16102393,Randy-z4-317,"2026-06-24 07:55:02",0.78947,18,randyz4317
1177,16420692,ReZlll,"2026-06-23 11:51:38",0.78947,1,rezlll
1178,14493636,"Mehmet Akdemir1","2026-06-23 23:34:43",0.78947,3,mehmetakdemir1
1179,16314835,"Paradox Smith","2026-06-24 07:14:32",0.78947,1,paradoxsmith
1180,15403072,"Aleksandr Dulepov","2026-06-26 20:53:58",0.78947,5,aleksandrdulepov
1181,14022956,"Munal Singh","2026-06-24 14:07:29",0.78947,2,munalsingh
1182,16410436,gurshh,"2026-06-24 19:19:53",0.78947,11,gurshh
1183,12129970,"Makarious Robert","2026-06-24 20:01:26",0.78947,10,makariousrobert
1184,15550843,"Dhruv Chudasama","2026-06-24 20:23:42",0.78947,1,dhruv603
1185,16430104,"Agness Mundokweya","2026-07-01 22:37:32",0.78947,3,agnessmundokweya
1186,16430487,"Gustavo Alzeno Brune","2026-06-25 02:53:35",0.78947,8,gustavoalzenobrune
1187,16431645,"Mano Iswarya Maddela","2026-06-25 07:15:00",0.78947,4,manoiswaryamaddela
1188,5241297,"Roshan Antony","2026-06-25 10:04:42",0.78947,1,roshanantony
1189,16432909,w3k01,"2026-06-26 04:53:54",0.78947,6,w3k01i
1190,14237452,MinPlu,"2026-08-13 14:08:41",0.78947,160,minplu
1191,16428157,luozhiyin,"2026-06-25 13:58:16",0.78947,4,mizz02
1192,16428541,"YUQI ZHANG","2026-06-26 08:34:48",0.78947,4,sebastianrodrigue
1193,16373357,"Justin Chiao #2","2026-06-28 07:53:28",0.78947,34,justinchiao02
1194,13331198,gehad3sam,"2026-06-27 14:50:31",0.78947,17,gehad3sam
1195,16433193,"Eizha Robinson","2026-06-30 06:12:06",0.78947,50,eizharobinson
1196,14251173,Litms_jp,"2026-06-27 09:50:19",0.78947,3,litmsjp
1197,16443741,ACEtaffy18831883,"2026-06-27 16:25:18",0.78947,2,acetaffy18831883
1198,16440678,SibleyStreetFolsom,"2026-06-28 00:07:31",0.78947,14,sibleystreetfolsom
1199,16444959,"Вадим Протопопов","2026-06-28 02:06:05",0.78947,1,huarache7
1200,4851808,"Abhimanyu Singh #3","2026-06-28 06:55:42",0.78947,3,abhimanyusingh2000
1201,16424732,"Hasan Genç","2026-07-04 17:55:42",0.78947,18,xhagee
1202,16439049,"JiaHao Songg","2026-06-29 02:07:16",0.78947,9,jiahaosongg
1203,16448879,"Ethan Moynihan","2026-06-29 03:19:24",0.78947,2,ethanmoynihan
1204,16450858,"Sayaka Gozkara","2026-06-29 16:28:11",0.78947,10,sayakagozkara
1205,15133659,"amir #2","2026-06-29 15:57:59",0.78947,7,amir909
1206,15477256,Collector,"2026-07-03 11:11:55",0.78947,9,iliyasshaizada
1207,16455718,"Edwin Evans","2026-06-30 04:10:19",0.78947,3,edwinevans
1208,16451602,"Varad Hajare","2026-06-30 10:20:38",0.78947,3,varadhajare
1209,16452551,"Abhishek Patil #3","2026-07-01 15:14:20",0.78947,12,abhipatil1403
1210,16458857,ronaldo67_67,"2026-07-12 16:01:18",0.78947,21,ronaldo6767
1211,16452550,"Prajyot Mohite","2026-06-30 16:17:41",0.78947,9,prajmoh
1212,16460695,"Abhishek Patil #4","2026-06-30 18:59:13",0.78947,8,abhishekpatil1403
1213,16443581,黎徳康惟,"2026-07-19 16:03:48",0.78947,40,tunnz15
1214,16463889,1251434735,"2026-07-02 03:43:52",0.78947,4,ykosuke
1215,16464944,"Denis Borodin","2026-07-01 09:34:34",0.78947,2,denisborodincogsci
1216,16459150,"Sanket Pusande","2026-07-01 11:01:48",0.78947,20,sanketpusande
1217,15454235,선린인터넷고등학교,"2026-07-01 11:29:14",0.78947,3,seowonjang
1218,16458494,Praasaad,"2026-07-01 15:10:52",0.78947,10,praasaad
1219,16262868,lclc,"2026-07-02 02:55:44",0.78947,6,cuiwenkai
1220,16471738,"Naisha Gajkandh","2026-07-02 05:25:52",0.78947,3,naishagajkandh
1221,16470364,Рамиль,"2026-07-02 12:02:34",0.78947,6,biapex
1222,16216021,infinity74114,"2026-07-02 16:30:21",0.78947,31,infinity74114
1223,15224349,Sahil_4851,"2026-07-04 16:23:50",0.78947,11,sahil4851
1224,16460491,"Mahdiyar Zabihi","2026-07-02 20:58:38",0.78947,2,mahizab
1225,16473170,"Xie Ruiqi","2026-07-03 07:57:25",0.78947,8,xieruiqi
1226,16482511,oopsoops666888123,"2026-07-03 16:35:08",0.78947,10,oopsoops666888123
1227,16472446,"Omraj Pisal","2026-07-05 12:33:50",0.78947,17,omrajpisal
1228,16486207,APicebar,"2026-07-05 06:40:12",0.78947,5,apicebar
1229,16462146,"Владислав Сербин","2026-08-11 23:30:45",0.78947,22,vladislavsa111
1230,16488436,zhangyb11,"2026-07-05 14:41:48",0.78947,4,zhangyb11
1231,16486660,"Bao Litong","2026-07-05 05:25:42",0.78947,11,baolitong
1232,16490314,"Jose Daniel de S Moura","2026-07-13 12:12:25",0.78947,19,josedanieldesmoura
1233,16490628,mynameismozam,"2026-07-05 15:01:44",0.78947,2,mynameismozam
1234,16483457,"barnaby obrien","2026-07-05 18:14:35",0.78947,7,barnabyobrien
1235,16492123,Rehan.Aprl,"2026-07-06 00:50:40",0.78947,1,rehanaprl
1236,2377724,VishnuNair,"2026-07-06 09:00:52",0.78947,4,visceralnair
1237,16495415,"Nya Liu","2026-07-06 14:19:47",0.78947,1,nyaliu
1238,16494857,"wentao zang","2026-07-06 14:46:14",0.78947,5,wentaozang
1239,16496268,"Xiong Yifu","2026-07-06 17:03:53",0.78947,1,bearif
1240,16499909,"KANDUKURU GNANA DEEP","2026-07-07 09:20:48",0.78947,4,kandukurugnanadeep
1241,16500349,"Linear Qubit","2026-07-07 11:11:27",0.78947,1,linearqubit
1242,16506215,青いバンダナ,"2026-08-01 14:26:53",0.78947,10,banndana
1243,16507536,ablaz33,"2026-07-08 10:05:27",0.78947,1,ablaz33
1244,16508119,"Ashray Bagde","2026-07-08 12:42:35",0.78947,1,ashrayaaaaa
1245,2396909,tsunamiallan,"2026-07-09 00:02:51",0.78947,1,tsunamiallan
1246,16511155,"Krishna Teja Degala","2026-07-09 06:17:37",0.78947,1,krishnatejadegala
1247,14700176,SRT2006,"2026-07-10 05:03:05",0.78947,7,srt2006
1248,14099303,"V Nithin Kumar","2026-07-10 10:20:46",0.78947,2,vnithinkumar
1249,14248402,lihz,"2026-07-10 16:08:46",0.78947,6,nqhpaads
1250,16517394,"saeed doker","2026-07-10 21:51:07",0.78947,5,saeeddoker
1251,16512455,"Hamza sajid","2026-07-13 07:08:23",0.78947,9,anonymusserver
1252,16533656,"Rayhan Malik Husein A.F","2026-07-12 00:25:27",0.78947,1,rayhanmalikhuseinaf
1253,15162219,"Andy He #3","2026-07-12 08:09:22",0.78947,1,andythatguy
1254,11165402,"JJ Espinoza","2026-07-13 16:17:53",0.78947,5,jjespinoza
1255,16537891,"HAIL_Yena Lee","2026-07-15 08:39:25",0.78947,16,hailyenalee
1256,16542364,"Kohei Aoyagi","2026-07-16 04:21:39",0.78947,19,koheiaoyagi
1257,16542876,yanshuyu2026,"2026-07-14 08:14:10",0.78947,6,yanshuyu2026
1258,16531196,"yt wu","2026-07-15 06:21:59",0.78947,20,ytwu0411
1259,16544237,Saka07,"2026-07-14 13:46:11",0.78947,2,saka07
1260,16545511,"Gaurav #29","2026-07-14 21:15:18",0.78947,3,gaauraav13
1261,16393304,佐藤奏斗,"2026-07-17 09:22:25",0.78947,32,okayu28
1262,16550343,"LÊ MẠNH THẮNG","2026-07-15 11:06:49",0.78947,2,lmnhthng
1263,16509641,"Benjamin Mignard","2026-07-15 12:55:44",0.78947,2,benjaminmignard
1264,16487047,outsxde,"2026-07-15 13:19:22",0.78947,4,outsxde
1265,16553722,"YASHASWINI P N","2026-07-16 07:42:20",0.78947,4,yashaswinipn
1266,16554254,hexingwei33,"2026-07-16 10:02:01",0.78947,10,hexingwei33
1267,16554043,"Oladoja Ismail","2026-07-19 11:40:00",0.78947,7,oladojaismail
1268,16556282,"wenshuai J","2026-07-17 15:42:27",0.78947,14,wenshuaij
1269,16545111,"Bagavathi C","2026-07-17 04:31:04",0.78947,12,bagavathic
1270,5665632,YanaPIIDXer,"2026-07-17 12:37:10",0.78947,6,yanapiidxer
1271,16559809,"HAFIZ FAUZAN SYAFRUDIN","2026-07-17 16:02:20",0.78947,3,hafizfauzansyafrudin
1272,16488155,TetraHexa,"2026-07-18 02:51:00",0.78947,6,tetrahexa
1273,16563665,"Jin Sun #2","2026-07-18 07:36:06",0.78947,1,sleepingzzzj
1274,16504366,"Vijay Ola","2026-07-18 13:16:30",0.78947,3,vijayola
1275,16555471,reet13,"2026-07-20 13:58:21",0.78947,8,reet13
1276,16509904,Nunezca,"2026-07-18 23:17:51",0.78947,3,nunezca
1277,16568580,"Dishank Vora","2026-07-19 06:27:00",0.78947,1,vdishank
1278,16569763,"Geddes Janey","2026-07-19 12:56:23",0.78947,3,geddesjaney
1279,16555797,yuuri2222,"2026-08-06 12:14:08",0.78947,36,yuuri2222
1280,16560079,"Soham Bhadja","2026-07-20 07:41:04",0.78947,4,sohambhadja
1281,16550150,"Taha Shak","2026-07-26 17:16:21",0.78947,4,tahashak
1282,16570504,MrGelvolk,"2026-07-27 20:51:06",0.78947,28,mrgelvolk
1283,16554397,"xonyu wang","2026-07-24 02:30:28",0.78947,12,xonyuwang
1284,16579406,有友　花鈴,"2026-08-13 07:38:33",0.78947,87,karinaritomo
1285,16570719,"yu Feynman","2026-07-22 07:07:25",0.78947,6,yufeynman
1286,16559391,"Romeo Scot","2026-08-13 23:36:20",0.78947,59,romeoscot
1287,16581711,"Sumit #6","2026-07-21 14:34:01",0.78947,1,summit2006
1288,16583663,"Vitor Malandrin","2026-07-22 01:02:19",0.78947,3,vitormalandrin
1289,16584263,lishichen2006,"2026-07-22 05:06:31",0.78947,1,lishichen2006
1290,16506214,み“みず”ず,"2026-07-22 06:03:34",0.78947,13,kaggle2077
1291,16584939,"Tristan Peroy","2026-07-22 17:29:39",0.78947,9,tristanperoy
1292,16585522,"Jaleel Dibani","2026-07-23 11:34:33",0.78947,11,jaleeldibani
1293,16513118,qweerwqweerwe,"2026-07-24 00:43:00",0.78947,5,qweerwqweerwe
1294,16591461,"MATHEUS L GRESPAN","2026-07-24 17:32:18",0.78947,2,matheuslgrespan
1295,16595364,"ghayth abidli","2026-07-24 22:38:33",0.78947,2,ghaythabidli
1296,11855682,"Wang Hung-Cheng","2026-07-25 07:31:26",0.78947,1,wanghungcheng
1297,16569434,"Dhananjay bopche","2026-07-25 11:08:31",0.78947,4,dhananjaybopche
1298,16592319,Waezqq,"2026-07-26 06:00:23",0.78947,20,waezqq
1299,16600410,23f2003437,"2026-07-26 05:37:39",0.78947,5,aman22800
1300,16489115,Philwillcode,"2026-07-27 11:23:07",0.78947,19,philwillcode
1301,16601838,cuixb0223,"2026-07-26 12:40:52",0.78947,1,cuixb0223
1302,16597990,"Xinchen Li233","2026-07-26 14:46:11",0.78947,4,xinchenli233
1303,16602656,rtertergsb,"2026-08-07 11:25:18",0.78947,42,rtertergsb
1304,16589216,Humbert757,"2026-08-08 14:20:21",0.78947,18,humbert757
1305,16596932,"Peng yan 12341","2026-07-27 07:34:54",0.78947,2,pengyan12341
1306,16605499,"满慈 王","2026-08-10 15:34:29",0.78947,9,wmanci
1307,14836804,Olegend,"2026-07-28 11:15:23",0.78947,19,olegend
1308,16611201,"Kyrylo Mukomela","2026-08-01 19:00:20",0.78947,19,kyrylomukomela
1309,16613136,"kumar #6","2026-07-29 10:38:59",0.78947,2,kumarjeeavn
1310,3035289,"Mario Rugeles","2026-07-29 22:39:50",0.78947,2,mrugeles
1311,14994305,"Ryan Kim #8","2026-07-30 17:21:34",0.78947,10,ryankim1234
1312,16616685,gaoruihua,"2026-07-30 02:06:16",0.78947,1,gaoruihua
1313,16558162,zhanghaorui,"2026-07-31 15:32:07",0.78947,21,zhrhorry
1314,16631591,"Duy Anh Đinh","2026-07-31 16:31:55",0.78947,3,duyanhinh
1315,16547791,"Edward L #3","2026-08-01 00:51:25",0.78947,10,treedle
1316,16634766,QuinnC,"2026-08-01 06:31:45",0.78947,5,splinchoony
1317,16635022,YuhengYang2026,"2026-08-03 10:11:05",0.78947,18,yuhengyang2026
1318,10310275,"Rakai Wizard","2026-08-02 01:04:43",0.78947,2,rakaiwizard
1319,16640414,"Mohammad Sahil Shaikh","2026-08-02 06:44:45",0.78947,1,mohammadsahilshaikh
1320,16609923,Cyr1ll,"2026-08-02 09:59:35",0.78947,20,cyr1ll
1321,16641343,"Linnan QuantForge","2026-08-02 14:21:08",0.78947,6,linnanquantforge26
1322,16644900,"Nguyễn Văn Chiến","2026-08-03 08:37:55",0.78947,5,nguyenvanchien34
1323,16556009,"Malika S1","2026-08-03 12:51:50",0.78947,30,malikas1
1324,16655486,"abdiel celis garcia","2026-08-04 00:46:50",0.78947,3,abdielcelisgarcia
1325,16663637,"Fatma Yıldız","2026-08-05 18:44:10",0.78947,9,ftmyldz03
1326,16671818,"Kiruba #2","2026-08-06 04:20:56",0.78947,8,kiruba31
1327,16672404,CodeitSprintAiTrack,"2026-08-06 05:42:34",0.78947,2,codeitsprintaitrack
1328,16672299,JunhyeokKoo,"2026-08-07 03:24:55",0.78947,20,junhyeokkoo
1329,16675717,"SHO YANAGISAWA","2026-08-06 13:25:58",0.78947,4,syanagi93
1330,16678221,ZeusDaGoose,"2026-08-06 19:58:56",0.78947,4,zeusdagoose
1331,16680022,"Brandon Gaston","2026-08-07 04:35:39",0.78947,5,mushmon
1332,16672728,jiyeongE,"2026-08-07 03:41:06",0.78947,20,jiyeonge
1333,16674218,chaseongill,"2026-08-07 01:48:50",0.78947,13,chaseongill
1334,16672651,chaseongil,"2026-08-07 03:46:07",0.78947,20,chaseongil
1335,14621555,thisiswoong,"2026-08-07 03:03:51",0.78947,20,thisiswoong
1336,16672419,wpdlfmadmswldus,"2026-08-07 03:09:49",0.78947,20,wpdlfmadmswldus
1337,16672969,sksmswldus,"2026-08-07 03:29:36",0.78947,18,sksmswldus
1338,16680905,chaeeeeeun,"2026-08-07 03:50:05",0.78947,5,chaeeeeeun
1339,16618023,"Stole P","2026-08-07 14:05:37",0.78947,7,stolep
1340,16688639,"Mike Michael Katete","2026-08-08 04:41:35",0.78947,3,michaelkatete
1341,16689160,"Fernando Díaz Loo","2026-08-10 03:14:51",0.78947,7,fernandodl25
1342,16689613,HikaruTU,"2026-08-10 08:35:20",0.78947,7,hikarutu
1343,16661422,"mohammed alshokry","2026-08-08 09:12:26",0.78947,11,mohammedalshokry
1344,10638581,"Daniel Nordfors","2026-08-09 20:36:02",0.78947,1,danielnor
1345,16697896,LiuXingjian,"2026-08-13 22:40:39",0.78947,11,lxingjian
1346,16695698,Tototttt,"2026-08-10 01:05:22",0.78947,8,tototttt
1347,16699226,caicanyu,"2026-08-10 06:27:38",0.78947,2,bhc0831
1348,16631260,"changfeng li777","2026-08-10 09:15:52",0.78947,21,changfengli777
1349,16701540,"Domenico Elia Cirese","2026-08-11 18:15:23",0.78947,4,domenicoeliacirese
1350,16694453,MrPisagor,"2026-08-11 20:14:06",0.78947,30,ataberkkoc
1351,16699304,"ISHWARYA E 25CS085","2026-08-11 04:44:24",0.78947,6,ishwaryae25cs085
1352,16694913,PEACHMODE,"2026-08-11 09:03:20",0.78947,3,peachmode
1353,16684471,vimeagi,"2026-08-13 17:02:54",0.78947,50,vimeagi
1354,16709039,"ADITYA KACHWAHA #2","2026-08-11 19:23:09",0.78947,10,adityakachwaha
1355,16632995,"Ali Azizi #2","2026-08-13 13:14:44",0.78947,23,aliazizi1
1356,16711794,樊航宇fhy555,"2026-08-12 09:28:38",0.78947,2,fhy555
1357,16708119,"Avi Akshit","2026-08-13 13:43:03",0.78947,3,aviakshit
1358,16708338,"Wamique Abro","2026-08-12 20:52:30",0.78947,6,wamiqueabro
1359,16715523,"Saner K","2026-08-13 04:02:35",0.78947,3,saner123
1360,16715574,WOWTIMWOW,"2026-08-13 04:58:00",0.78947,4,wowtimwow
1361,15254439,Maksik,"2026-08-13 07:51:56",0.78947,12,vompyz
1362,16719616,Augustin_Jiang,"2026-08-14 03:15:16",0.78947,5,augustinjiang
1363,11065406,"Rabia Naz","2026-06-15 00:45:19",0.78708,1,rabianaz22
1364,12441034,"CODING MASTER 24","2026-08-13 04:26:53",0.78708,592,codingmaster24
1365,16131115,tangxinyv,"2026-06-21 03:04:17",0.78708,7,tangxinyv
1366,16358497,KKAAQQYY,"2026-06-19 07:13:18",0.78708,4,kkaaqqyy
1367,16358967,"Aktan Muratov","2026-06-15 12:26:20",0.78708,1,aktanmuratov
1368,16362148,"Raghuveer Singh Negi","2026-06-15 14:40:29",0.78708,1,raghuveersinghnegi
1369,16363196,"Markov law","2026-06-17 10:23:57",0.78708,11,markovlaw
1370,16273176,"Taorui Huang","2026-06-16 01:24:13",0.78708,2,torribrett
1371,16297717,"hyeon 05","2026-06-16 03:34:39",0.78708,1,hyeon05
1372,16368988,YutongFeng,"2026-06-16 06:27:05",0.78708,5,yutongfengoff
1373,16340094,"Youshou Xi","2026-06-18 08:52:47",0.78708,12,youshouxi
1374,16371865,"Denis Sadovoy","2026-06-16 12:27:16",0.78708,1,denissadovoy
1375,7277571,Chuma,"2026-06-16 16:33:11",0.78708,3,bukuruma
1376,16374690,"Camila González","2026-06-16 18:54:43",0.78708,1,camilagonzalez3020
1377,16375892,"Andre Fortes","2026-06-17 00:45:55",0.78708,2,andrefortes
1378,16357602,"Evi Foutsitzi","2026-06-17 13:34:31",0.78708,19,evifoutsitzi
1379,16381490,"Lautaro Ignacio Franco","2026-06-20 00:42:47",0.78708,17,lautaroignaciofranco
1380,4007013,"Shoichiro Kisanuki","2026-06-17 13:44:26",0.78708,1,shoichirokisanuki
1381,10675115,GaoLaq,"2026-06-17 14:59:13",0.78708,8,gaolaq
1382,16382696,"Eswar Sastry","2026-06-17 15:00:14",0.78708,2,eswarsastry
1383,16370692,"Vineet Gupta #4","2026-06-18 07:30:48",0.78708,12,vineetgupta321
1384,16384913,"MILENA NACHTAJLER","2026-06-22 17:28:19",0.78708,16,milenanachtajler
1385,16045548,前田美羽,"2026-06-18 00:59:59",0.78708,5,biwamimi88
1386,16385922,dk1000n,"2026-06-18 05:47:04",0.78708,3,dk1000n
1387,16385815,"Triston zhen","2026-06-19 16:01:00",0.78708,7,tristonzhen
1388,16306638,"WOONYOUNG JEONG","2026-06-19 05:02:53",0.78708,12,zlem1490
1389,16376578,Huzhongyuan,"2026-06-18 05:57:45",0.78708,3,pizzss
1390,16385412,WangRui1994,"2026-06-18 07:54:36",0.78708,7,wangrui1994
1391,16389535,"Jay Bhatade","2026-06-18 14:51:56",0.78708,1,jaybhatade
1392,16368244,"Tomas Ferrero","2026-06-18 18:02:49",0.78708,21,tomasferrero
1393,16384070,"IGNACIO JOSÉ DIEHL","2026-06-18 22:16:51",0.78708,15,ignaciojosdiehl
1394,16391565,"MANUELA DOURISBOURE","2026-06-19 01:46:02",0.78708,10,manueladourisboure
1395,16322579,ek5em4,"2026-07-02 13:45:05",0.78708,18,ek5em4
1396,16391009,Kunal_Anand7222,"2026-06-19 09:30:38",0.78708,3,kunalanand7222
1397,16229742,"Anshika Kataria","2026-06-21 11:32:57",0.78708,10,anshikakataria
1398,16395363,"lxh unbound","2026-06-19 15:09:57",0.78708,1,lxhunbound
1399,16395729,"Aryan Garg 71187]","2026-06-19 16:38:28",0.78708,1,aryangarg71187
1400,16387853,realhonest,"2026-06-20 00:04:49",0.78708,11,realhonest
1401,16125054,"Ram Patidar","2026-06-20 06:27:05",0.78708,1,icy0dude
1402,16400637,"shotaro katayama","2026-06-20 09:01:25",0.78708,3,shotarokatayama
1403,16395492,"Ismail #6","2026-06-20 10:49:47",0.78708,2,shanker4k
1404,5664269,JDJ,"2026-06-20 11:47:20",0.78708,3,joabdavid
1405,16403301,"Tasnim Rahmatullah","2026-06-20 16:14:28",0.78708,3,tasnimrahmatullah
1406,16348308,"Milena Abril Legaspi","2026-06-21 01:34:29",0.78708,13,milenaabrillegaspi
1407,16405174,juanmzb,"2026-06-21 21:38:49",0.78708,10,juanmzb
1408,14945779,"Clinton M","2026-06-21 06:55:38",0.78708,6,motarim
1409,16407690,wduestc001@gmailc.com,"2026-06-21 12:01:14",0.78708,2,wduestc001gmailccom
1410,16407347,SnakenSnake,"2026-06-21 12:51:47",0.78708,5,michael1horse
1411,16408237,"Hardik Sachdeva #2","2026-06-24 20:17:02",0.78708,12,hxrdiksachdeva
1412,16405399,"ROSARIO DE LA PORTILLA","2026-06-21 20:15:38",0.78708,10,rosariodelaportilla
1413,16410311,"Halnon Neiford","2026-06-22 00:10:47",0.78708,10,dadojo
1414,15203371,"keqin li","2026-06-22 03:27:12",0.78708,10,keqinli
1415,16412456,rabi31x,"2026-06-22 07:23:43",0.78708,10,rabi31x
1416,16388265,"Shiva Ravi","2026-06-28 10:06:01",0.78708,35,shivaravi18
1417,16413386,"Anjara Niavo","2026-06-22 09:23:47",0.78708,1,anjaraniavo
1418,16413699,"Taha Zarei","2026-08-10 20:33:36",0.78708,3,tahazarei
1419,16412817,"Rihito Takahashi","2026-06-23 12:40:56",0.78708,11,rihitotakahashi
1420,16414738,xiaopengzeng,"2026-06-22 13:55:14",0.78708,8,xiaopengzeng
1421,16415431,Silence7,"2026-06-22 15:42:45",0.78708,1,silence7
1422,16415729,"Bautista Lucero","2026-06-22 21:37:51",0.78708,3,bautistalucero
1423,16418435,"The Flight Tech","2026-06-23 04:52:56",0.78708,3,theflighttech
1424,16414476,Jiajun_Sun666,"2026-06-23 06:41:31",0.78708,13,jiajunsun666
1425,16419812,Xiaoyang2,"2026-06-23 10:01:52",0.78708,10,xiaoyang21
1426,16418972,"Michael #83","2026-06-28 07:14:21",0.78708,18,mcau123
1427,16422773,"Saksham #4","2026-06-23 18:39:42",0.78708,1,sakshamdev2005
1428,16424834,"Kenta Asakura","2026-06-24 03:14:27",0.78708,3,kentaasakura
1429,16425660,Attention,"2026-06-24 06:47:55",0.78708,1,casria
1430,16427451,lunar-farm,"2026-06-24 12:34:26",0.78708,1,lunarfarm
1431,16271665,Jhojan00,"2026-07-20 16:58:55",0.78708,22,jhojanaguilera
1432,16430344,akiakiakita,"2026-06-25 00:50:25",0.78708,4,akiakiakita
1433,16435207,Afzal_17,"2026-06-25 21:19:56",0.78708,3,afzaldeeplearn
1434,16415415,SPRyZENXCALIUS,"2026-06-26 02:09:31",0.78708,5,spryzenxcalius
1435,16435877,SvarnaBrahman,"2026-06-26 03:07:50",0.78708,1,svarnabrahman
1436,15791860,"Soltan #2","2026-06-26 06:59:44",0.78708,1,variablesan
1437,16128930,"Lila Kakad","2026-06-27 01:34:58",0.78708,10,lilakakad
1438,16262365,"Blake Gray","2026-06-27 00:55:14",0.78708,7,blakegray06
1439,16440927,Lilakaka,"2026-06-27 02:54:49",0.78708,10,lilakaka
1440,16443812,Palosu,"2026-06-27 16:22:43",0.78708,6,palosu
1441,16443313,"Serkan Yeşillik","2026-06-27 16:53:59",0.78708,10,serkanyeillik
1442,15163215,"Gautam R","2026-06-28 07:00:10",0.78708,11,gautamr1357
1443,16428678,"MAKARAND PRABHAKAR GHARE","2026-07-03 15:41:29",0.78708,13,gharemp
1444,16447106,Cat-xx-v2,"2026-06-28 15:48:49",0.78708,10,catxxv2
1445,16447654,"Ritesh Mourya","2026-06-28 16:54:39",0.78708,1,riteshmourya16
1446,16447757,"Safal Thapa234","2026-06-29 17:09:45",0.78708,20,safalthapa234
1447,16449788,"Longg Hồ","2026-06-29 07:41:36",0.78708,2,longgh
1448,16348230,kaito-09,"2026-06-29 08:40:42",0.78708,7,kaito09
1449,16450908,"jakie chen1122","2026-06-29 12:38:38",0.78708,5,jakiechen1122
1450,16452871,"Kiran Patil #2","2026-06-30 05:14:17",0.78708,20,kiranp45
1451,16455270,"S Samanta","2026-06-30 02:15:43",0.78708,1,gopogo
1452,16455587,Irv40189,"2026-07-07 18:54:04",0.78708,7,irv40189
1453,15799245,"Saif Mahdi","2026-07-31 05:40:39",0.78708,17,saifsamianmahdi
1454,15205586,"Param Bande","2026-06-30 16:15:19",0.78708,10,parambande28
1455,16452595,"Kiran Kayat","2026-07-01 14:09:58",0.78708,16,kirankayat
1456,15708251,"Enti Yashwani Rao","2026-06-30 16:05:17",0.78708,2,entiyashwanirao
1457,16458563,"Amol Lugade","2026-07-02 14:24:53",0.78708,18,amollugade
1458,16460701,"K S Patil","2026-06-30 18:45:29",0.78708,7,kspatil
1459,3849256,"Vivek Nikam","2026-08-11 13:47:15",0.78708,11,viveknikam1
1460,16459348,"Ngô Xuân Hoàng","2026-06-30 18:31:20",0.78708,8,ngoxuanhoang
1461,16462087,Shubh_Parmar_69,"2026-06-30 22:30:14",0.78708,3,shubhparmar69
1462,16463075,"Nathan Rosenfeld","2026-07-03 01:51:19",0.78708,6,nathanrosenfeld
1463,16105041,LazySneaky,"2026-07-01 03:28:45",0.78708,1,lazysneaky
1464,16463688,Gulliver34,"2026-07-01 05:48:56",0.78708,1,gulliver34
1465,16267959,"Youssef Saad","2026-07-01 11:34:08",0.78708,2,usfasaad
1466,16460120,"Komal Malusare","2026-07-01 12:32:05",0.78708,11,komalmalusare
1467,16466665,Tom_Simpson_09,"2026-07-02 10:20:18",0.78708,10,tomsimpson09
1468,16459826,Prashant9890,"2026-07-01 14:42:52",0.78708,12,prashant9890
1469,16461477,"Diya Poptani","2026-07-01 15:22:41",0.78708,5,diyapoptani
1470,16468010,weiiiew,"2026-07-01 16:18:27",0.78708,10,weiiiew
1471,5712545,"sangmin Kim 6600","2026-07-04 10:54:56",0.78708,22,sangminkim6600
1472,16465642,jiangletian,"2026-07-02 08:47:46",0.78708,4,jiangletian
1473,16472778,Kennyluo666,"2026-07-02 08:55:20",0.78708,4,kennyluo666
1474,16474125,goblynnh,"2026-07-02 13:51:00",0.78708,2,goblynnh
1475,14837214,"Андрей Ганин","2026-07-02 23:11:19",0.78708,8,qwertyyyy769492
1476,16475031,"Gaurav Kumar #27","2026-07-02 16:59:47",0.78708,1,varuag799
1477,16461417,"Bryncev Ivan","2026-07-02 20:04:10",0.78708,12,bryncevivan
1478,16464737,zzrkamisama,"2026-07-03 02:26:24",0.78708,21,zzrkamisama
1479,16479646,1251433151,"2026-07-03 03:48:53",0.78708,5,nakayamayuto
1480,16393180,"岩田 颯太（g2430027）","2026-07-10 06:21:01",0.78708,17,g2430027
1481,16480494,HaolinT,"2026-07-03 07:31:51",0.78708,2,donkkk1
1482,16480489,"Guo Wenhua","2026-07-03 08:40:50",0.78708,8,guowenhua
1483,16481083,HONG_11568+,"2026-07-03 09:39:44",0.78708,2,hong11568
1484,16484296,CortexExplorer,"2026-07-04 06:57:02",0.78708,4,cortexexplorer
1485,16485213,Princemight,"2026-07-04 13:45:56",0.78708,8,princemight
1486,16486123,"Zhenxing Hua","2026-07-04 13:15:27",0.78708,1,zhenxinghua
1487,16487843,"Marianne Hubert","2026-07-04 23:28:56",0.78708,2,mariannehubert
1488,16489039,网嗯mmmmmm,"2026-07-05 07:53:51",0.78708,1,mmmmmmlokj
1489,15129045,THEFAI,"2026-07-05 11:36:30",0.78708,7,theonlyfai
1490,16489981,JiaQyln,"2026-07-05 12:34:14",0.78708,3,jiaqyln
1491,15826052,"Ryder Yao","2026-07-11 13:16:52",0.78708,10,ryderyao
1492,16489694,"Martin Oleynikov","2026-07-09 12:19:23",0.78708,3,martinoleynikov
1493,16491958,"Anas Salmi","2026-07-05 23:17:24",0.78708,1,anassalmi
1494,16462606,"Benedict #2","2026-07-07 04:07:34",0.78708,34,benkhj
1495,8207382,"ashwani balyan","2026-08-13 13:58:08",0.78708,23,ashwanibalyan
1496,16499254,TSE930203,"2026-07-07 08:02:30",0.78708,4,tse930203
1497,15077562,"Bhagirath Argade","2026-07-11 08:14:17",0.78708,26,bhagirathargade
1498,16499729,"Binhua Wan","2026-07-07 08:23:08",0.78708,1,binhuawan
1499,16500061,Scrit1,"2026-07-07 09:50:21",0.78708,2,scrit1
1500,16500291,"MNizar SID-LAKHDAR","2026-07-07 11:04:16",0.78708,4,mnizarsidlakhdar
1501,16501780,"Sindri Magnusson","2026-07-08 06:42:27",0.78708,12,sindrimagnusson
1502,16504948,"Lukas Panos","2026-07-08 00:23:46",0.78708,1,lukaspanos
1503,16505428,MinhTinK32,"2026-07-08 03:33:28",0.78708,2,minhtink32
1504,16507011,DataSamuraiLab,"2026-07-08 09:03:09",0.78708,3,datasamurailab
1505,16507107,"Amirah Ogunlaja","2026-07-08 10:03:02",0.78708,2,amirahogunlaja
1506,16507669,Limengya,"2026-07-13 04:59:17",0.78708,7,limengya
1507,16508413,"Takeshi Izu","2026-07-08 13:59:37",0.78708,1,takeshiizu
1508,16454593,"Ярослав Ардинцев","2026-08-11 08:17:45",0.78708,12,friendzonedbymath
1509,13721338,Tophoon,"2026-07-09 03:45:08",0.78708,20,tophoon
1510,16511577,"Kushal Kumar #3","2026-07-09 08:00:54",0.78708,1,kushal1147
1511,16381631,"wei chen F129","2026-07-15 12:58:05",0.78708,16,weichenf129
1512,5488331,kflyn2020,"2026-07-09 20:33:15",0.78708,4,kflyn2020
1513,16514250,"Suraja Hasarinda","2026-07-09 21:15:04",0.78708,1,surajahasarinda
1514,16510154,"Fabricio Panama Mendez","2026-07-09 23:49:07",0.78708,7,fabriciopanamamendez
1515,16515725,"Максим #7","2026-07-13 12:48:50",0.78708,7,maxim977
1516,16491649,Aladdinbadar,"2026-07-13 16:26:03",0.78708,14,aladdinbadar
1517,15976024,"Peter Chege","2026-08-08 17:18:30",0.78708,7,pchege
1518,16530995,"Free Tang","2026-07-11 07:10:23",0.78708,6,freetang
1519,16531373,gangpie,"2026-07-11 08:49:30",0.78708,3,gangpie
1520,16480295,"Lucas Li #3","2026-07-11 10:06:14",0.78708,9,lucasli1001
1521,14576940,zhangGD2020,"2026-07-11 13:52:13",0.78708,3,zhanggd2020
1522,16533120,"D004_Prachi Paunikar","2026-07-11 18:08:35",0.78708,1,d004prachipaunikar
1523,16500025,"Chu Minh Hiền","2026-07-12 03:14:47",0.78708,14,chuminhhin
1524,16535470,"Authur Wang","2026-07-12 14:12:21",0.78708,1,authurwang
1525,15264959,"Rawsie Nguyen","2026-07-20 09:55:49",0.78708,25,rawsienguyen
1526,611168,Egg_in_the_Shell,"2026-07-12 20:01:29",0.78708,1,"osciiart,yukimiyazaki"
1527,16510320,"Hariya Masayuki","2026-07-16 08:04:39",0.78708,7,hariyamasayuki
1528,16512954,xiaohuaifeng,"2026-07-22 13:18:39",0.78708,26,xiaohuaifeng
1529,16539714,Fuwenzhuo,"2026-07-13 14:39:14",0.78708,5,fuwenzhuo
1530,16540328,Exu5iai,"2026-07-13 16:51:43",0.78708,2,exu5iai
1531,16540044,"Jack Hilbert","2026-07-18 18:41:26",0.78708,23,jackhilbert6
1532,16540414,Aerivain,"2026-07-13 17:15:06",0.78708,1,aerivain
1533,16541023,"Kristen Suh","2026-07-14 15:20:58",0.78708,9,kristensuh
1534,16514492,"Bruno Jos/e Marques","2026-07-14 00:47:24",0.78708,5,brunojosemarques
1535,16541818,"Neha S #2","2026-07-18 03:46:24",0.78708,10,potatofroggo
1536,16538148,松下稜河,"2026-07-14 06:56:04",0.78708,8,ryoga13
1537,16538308,"Qiu shanT","2026-07-14 08:39:33",0.78708,19,qiushant
1538,14686461,"Mahesh Munnuru","2026-07-14 09:45:58",0.78708,5,maheshmunnuru
1539,16543933,"veda vaishnavi penumatcha","2026-07-14 12:15:28",0.78708,1,vedavaishnavip
1540,16513656,"Muneeb Shafique","2026-07-28 11:53:42",0.78708,22,muneebshafique512
1541,16358753,"archie h","2026-07-15 12:02:39",0.78708,7,archieh2007
1542,16551524,"Manthan Ghogare","2026-07-15 16:16:59",0.78708,2,manthanghogare
1543,16551724,"Wladyslaw Kobcew","2026-07-15 18:25:50",0.78708,2,wladyslawkobcew
1544,16551832,"Fatima Athar","2026-07-15 17:37:24",0.78708,1,fatiime
1545,16398510,"Mohamed Alturfi","2026-08-11 17:44:44",0.78708,27,mohamedalturfi
1546,16552248,"Rylan Frantz","2026-07-15 21:42:11",0.78708,4,rylanfrantz
1547,16541404,Shigezoh,"2026-08-08 06:53:18",0.78708,10,shigezoh
1548,16553617,Nisarga_61,"2026-07-16 07:36:29",0.78708,6,nisarga61
1549,16554353,"Basel Alaa el-din","2026-07-16 09:13:33",0.78708,3,baselalaaeldin
1550,16554299,RinRin3014,"2026-07-16 09:30:12",0.78708,2,rinrin3014
1551,16555325,akihiro_umeda,"2026-08-09 01:48:00",0.78708,4,akihiroumeda
1552,16555970,"Mohit Gupta #6","2026-07-16 17:09:08",0.78708,3,mohitguptacr1
1553,16550697,kacper150,"2026-07-16 18:29:25",0.78708,15,kacper150
1554,16557238,"Mustafa Al-Soufi","2026-07-17 02:00:33",0.78708,2,mustafaalsoufi
1555,16515153,"Starry Zhu","2026-07-17 02:15:25",0.78708,27,che43562
1556,16545317,"Koen van Gent","2026-07-17 08:59:45",0.78708,26,koenvangent
1557,16559595,"Jixuan LIU","2026-07-17 14:19:01",0.78708,2,jixuanliu2121
1558,16560126,"Кирилл Тымчишин","2026-07-17 19:09:44",0.78708,7,kirilltym
1559,16555489,"Zhou Chen","2026-07-18 07:21:56",0.78708,9,oliverazc
1560,16560985,IvanYakovl,"2026-07-19 13:57:58",0.78708,9,ivanyakovl
1561,14020364,"Aman Kumar Chauhan","2026-07-19 08:10:25",0.78708,1,amankch23
1562,16569981,AplazerPro,"2026-07-19 12:01:38",0.78708,1,aplazerpro
1563,12311682,"Rick Clauser","2026-07-19 12:56:37",0.78708,3,rickclauser
1564,16571474,"Amazigh Imine","2026-07-19 17:18:52",0.78708,1,mazighimine
1565,16254735,"belal helmy","2026-07-20 00:06:52",0.78708,3,belalhelmy
1566,16575272,"Austin LKY","2026-07-20 13:52:11",0.78708,9,austinlky
1567,16462410,Pokeshark007,"2026-07-21 00:56:23",0.78708,74,pokeshark007
1568,16572480,"Jackie Jackson","2026-07-29 00:07:20",0.78708,24,jmc517
1569,16580163,seaweedbrain,"2026-07-21 10:13:18",0.78708,7,devbarik
1570,16581406,na2226,"2026-07-21 13:49:45",0.78708,1,na2226
1571,16567094,yasu2kawa,"2026-07-22 14:16:27",0.78708,23,yasu2kawa
1572,16536672,tameriku,"2026-07-22 07:08:29",0.78708,7,tameriku
1573,16536849,"Jerry Thomas John","2026-07-30 03:03:56",0.78708,24,jerrythomasjohn
1574,16585901,"Avner Maxwell Lim","2026-07-22 13:56:17",0.78708,4,avnermlim
1575,14546859,Ryosuke018,"2026-07-22 14:11:25",0.78708,6,ryosuke018
1576,16587711,RlaDus9061qwQW!!k,"2026-07-23 07:55:44",0.78708,4,rladus9061qwqwk
1577,14766420,jack5932,"2026-07-23 08:13:12",0.78708,5,jackzhuzhu111
1578,16589336,Akshat200820,"2026-07-23 09:50:56",0.78708,1,akshat200820
1579,16126770,"Aiden Katambwa","2026-07-23 16:35:52",0.78708,1,aidenkatambwa
1580,6916862,HaoxiangGaoMM,"2026-07-24 16:38:55",0.78708,12,haoxianggaomm
1581,14381076,"Risa Ujihara","2026-07-25 06:56:07",0.78708,5,risaujihara
1582,16579215,김진성.,"2026-07-24 15:05:45",0.78708,17,wlstjd011011
1583,16593760,"Mani vivek Dangeti","2026-07-27 10:21:17",0.78708,3,manivivekdangeti
1584,16593864,glebko1,"2026-07-24 13:50:05",0.78708,5,glebko1
1585,16592863,"Buddhi Rashmika","2026-07-30 09:00:29",0.78708,10,buddhirashmika
1586,16589400,HoshiuZ,"2026-07-25 08:52:15",0.78708,16,hoshiuz
1587,16598231,M_Sakurai213,"2026-07-25 11:21:16",0.78708,1,msakurai213
1588,14725200,Taranin,"2026-07-25 20:12:02",0.78708,1,usefulzzzzzz
1589,16601824,"Mehmet Batmaz","2026-07-26 12:35:49",0.78708,1,mehmetbatmaz
1590,16602239,"Carlos Victorio","2026-07-26 19:34:47",0.78708,5,carlosvictorio
1591,16600979,ikdmst,"2026-07-26 15:30:01",0.78708,4,ikdmst
1592,16603015,"Karin Abe","2026-07-26 20:35:33",0.78708,5,karinnotebook
1593,16603310,"Isabel Beneyto","2026-07-27 00:42:37",0.78708,3,isabelbeneyto
1594,16602487,Milkomeda74583,"2026-07-27 05:33:45",0.78708,12,milkomeda74583
1595,16602286,jcll520,"2026-07-27 10:24:17",0.78708,7,jcll520
1596,16605642,Fltt64,"2026-07-28 09:41:26",0.78708,5,fltt64
1597,16595162,ptorresrenau,"2026-07-27 16:33:23",0.78708,3,pablotorresrenau
1598,16602605,"Jen Gori","2026-07-27 18:24:37",0.78708,17,jengori2026
1599,16606910,iamrealabot,"2026-07-30 19:46:47",0.78708,2,iamrealabot
1600,16607692,"Wendong  Xie","2026-07-28 03:09:27",0.78708,2,dongstat
1601,16606620,"Shamas Tabrej","2026-07-28 07:46:32",0.78708,2,tabreh56
1602,16596796,Tokey,"2026-07-28 09:02:14",0.78708,14,tokeytut
1603,16608558,"exe pan","2026-07-29 09:37:48",0.78708,14,exepan
1604,16599131,"steve #5","2026-07-30 01:26:55",0.78708,16,stevedge
1605,16581181,"Kirill LInger","2026-08-12 08:46:47",0.78708,6,kirilllinger
1606,16612562,naeun071002,"2026-07-29 08:38:58",0.78708,4,naeun1002
1607,16612837,peizhijing,"2026-08-02 17:24:59",0.78708,2,peizhijing
1608,16613114,"karim data","2026-07-29 10:27:39",0.78708,6,karimdata
1609,16614579,"AI Kitchen","2026-07-29 19:06:11",0.78708,5,swhghs
1610,16616625,Rayy,"2026-08-03 11:30:31",0.78708,3,cloudcuckoo
1611,16618772,"Bao Xindi","2026-07-30 11:35:08",0.78708,2,baoxindi
1612,16622968,"Rupam Bhattacharjee1","2026-07-30 20:07:53",0.78708,1,rupambhattacharjee1
1613,16503982,"Hadad Bautista García","2026-07-30 22:55:21",0.78708,7,hadadbautistagarca
1614,16623516,Lucas_Ribeiro00,"2026-07-31 01:50:08",0.78708,5,lucasribeiro00
1615,16623655,alan,"2026-07-31 02:25:15",0.78708,7,alanxieling
1616,16633176,David-Brown,"2026-07-31 19:51:36",0.78708,3,imdb23h
1617,16634119,"Matheus P. Silveira","2026-08-02 06:39:35",0.78708,11,matheuspsilveira
1618,16634623,"Keisuke #2","2026-08-01 05:49:01",0.78708,1,kesuke
1619,15606626,GbordIam,"2026-08-01 07:40:34",0.78708,6,gbordiam
1620,16636170,Hakusai1378,"2026-08-01 16:45:56",0.78708,5,hakusai1378
1621,16638355,"Robbie McNair","2026-08-01 19:36:08",0.78708,8,robbiem22
1622,16445605,IKEMEN1997,"2026-08-02 07:24:36",0.78708,13,ikemen1997
1623,16640514,"linqiang lu","2026-08-02 07:47:20",0.78708,10,linqianglu
1624,16640685,"Griffen Yu","2026-08-02 08:22:20",0.78708,1,griffenyu
1625,15915391,"Sehal Hasan","2026-08-02 09:29:44",0.78708,5,sehalhasan
1626,16644277,Infoman31,"2026-08-02 19:25:17",0.78708,1,infoman31
1627,16057915,datasutudent,"2026-08-03 05:08:58",0.78708,1,datasutudent
1628,16651914,"Đinh Tiến Cường","2026-08-03 11:21:50",0.78708,10,cuongdz2k7
1629,16584611,"Romeo Nkazimulo","2026-08-13 23:17:03",0.78708,30,romeonkazimulo
1630,16654360,"Saqr Ameen","2026-08-03 18:14:51",0.78708,4,saqrameen
1631,13889899,"Yogesh Jadhav #3","2026-08-12 20:22:02",0.78708,5,dynamo14324
1632,16657999,"Meghna Srivastava","2026-08-08 08:18:02",0.78708,4,karpzilla
1633,16659307,"Pavel Manolescu","2026-08-04 10:16:31",0.78708,5,pavelmanolescu
1634,16622985,dungen_hamster,"2026-08-04 22:23:59",0.78708,19,dungenhamster
1635,14084714,"Abdul Jobayer","2026-08-04 18:12:14",0.78708,4,abduljobayer
1636,16659216,Karma_350234,"2026-08-05 03:22:18",0.78708,15,karma350234
1637,16667836,"Diogo Policarpo","2026-08-05 13:30:43",0.78708,6,diogopolicarpo
1638,16668171,"Rilen T. L.","2026-08-05 17:11:33",0.78708,6,rilentl
1639,16667325,"Suhasini Patill","2026-08-07 11:37:53",0.78708,7,suhasinipatill
1640,16670878,"Shiv Aleti","2026-08-05 23:47:13",0.78708,1,shivaleti
1641,16672621,vaibhavbhagat0525,"2026-08-11 14:01:08",0.78708,16,vaibhavbhagat0525
1642,16674186,FANZEZHENG,"2026-08-13 08:25:32",0.78708,7,fanzezheng
1643,16674139,dfklsdjkfl,"2026-08-07 03:55:39",0.78708,11,dfklsdjkfl
1644,16674506,Kiran_g,"2026-08-06 14:13:03",0.78708,3,gkiran008
1645,16674923,"Chockalingam #2","2026-08-06 11:47:16",0.78708,7,redboycheatz
1646,16675001,"Sameer Khopade","2026-08-13 10:52:29",0.78708,12,sameerkhopade
1647,16675967,"Sukhbold Chimeddorj","2026-08-06 13:47:20",0.78708,1,sukhboldch
1648,16675749,godlybadger,"2026-08-11 14:17:58",0.78708,16,godlybadger
1649,16672753,"Vaibhav Bhagat #3","2026-08-06 14:25:24",0.78708,4,vaibhavbhagat1
1650,16676596,MikhailSyomkin,"2026-08-06 15:32:00",0.78708,1,mikhailsyomkin
1651,16679924,kaaggg,"2026-08-07 00:22:42",0.78708,2,kaaggg
1652,16680186,CHOMINJOON,"2026-08-07 01:13:12",0.78708,10,chominjoon
1653,16673192,"Cho Min-joo","2026-08-07 01:44:40",0.78708,20,chomj1
1654,16672586,brian1800,"2026-08-07 02:31:48",0.78708,12,brian1800
1655,16676111,"Daniel Hwang (CY B5G)","2026-08-07 02:36:22",0.78708,13,danielhwangcyb5g
1656,16672384,v3ndjchennylee,"2026-08-07 02:47:28",0.78708,14,v3ndjchennylee
1657,16671447,godongdong2,"2026-08-07 03:42:15",0.78708,19,godongdong2
1658,16672825,minjuyang726,"2026-08-07 03:54:41",0.78708,14,minjuyang726
1659,16680872,"‍김재웅[재학 / 융합인재학부]","2026-08-07 03:39:05",0.78708,10,brian2247
1660,16680724,"Soeun Leeeeeeee","2026-08-07 03:57:43",0.78708,3,soeunleeeeeeee
1661,16680581,DareZta23,"2026-08-07 08:43:28",0.78708,9,darezta23
1662,16681899,"Yi De Tsai","2026-08-07 08:32:41",0.78708,2,yidetsai
1663,16682018,"Sameer KB","2026-08-07 05:39:26",0.78708,1,sameerkb736410
1664,16676049,"Monika B","2026-08-12 12:05:06",0.78708,7,monikabhaware12
1665,16589782,Rex77021,"2026-08-09 10:53:36",0.78708,14,rex77021
1666,16676077,"Kyle Stankowski","2026-08-07 20:59:31",0.78708,6,kylestankowski
1667,16689255,LokiTummala,"2026-08-08 06:18:26",0.78708,1,lokeshnaidutummala
1668,15339111,"Степан Мищенко","2026-08-08 08:27:00",0.78708,10,asdewqtthjjgfhjkfg
1669,16687771,ychatoua_01EDU_oujda_08_2026,"2026-08-08 11:11:22",0.78708,20,yousrach1
1670,2453090,"John Kuhn","2026-08-09 01:04:51",0.78708,2,johnlk58
1671,14016228,"Harshith  Penukonda","2026-08-09 05:39:03",0.78708,1,harshithpenukonda
1672,15396618,"Yusufcan Önalan","2026-08-10 10:56:10",0.78708,17,yusufcannalan
1673,16696161,brinnerbeard,"2026-08-09 13:33:08",0.78708,1,brinnerbeard
1674,16696581,"Luo jianlin","2026-08-10 04:42:35",0.78708,11,luojianlin
1675,16687044,v-krishna@25,"2026-08-09 18:07:40",0.78708,10,vkrishna25
1676,16697299,"alive #2","2026-08-09 17:14:57",0.78708,1,alivew
1677,16697677,"gnosnay lyu","2026-08-09 19:13:13",0.78708,2,gnosnaylyu
1678,16677503,wall_ball,"2026-08-09 22:57:37",0.78708,5,wallball
1679,16698510,"STEFAN EDBERG","2026-08-10 05:11:45",0.78708,5,stefanedbrg
1680,16696198,"Tony Larichony","2026-08-10 12:27:01",0.78708,8,tonylarichony
1681,16700408,"Yi Zhibo","2026-08-10 09:40:02",0.78708,1,yizhibo
1682,16699274,hemalatha_kpr,"2026-08-11 04:34:01",0.78708,8,hemalathakpr
1683,16706914,"Xu Wentao","2026-08-11 10:37:37",0.78708,2,bfodxwt
1684,13185142,Abhas20,"2026-08-13 17:46:04",0.78708,16,abhas20
1685,16708207,田村大樹,"2026-08-11 15:08:34",0.78708,1,tmrdiki
1686,16708963,"Jonás Martínez Cuesta","2026-08-11 17:56:58",0.78708,1,jonsmartnezcuesta
1687,4609526,"Ryosuke Ishida","2026-08-12 22:56:32",0.78708,11,rockbirds12
1688,16579599,risatsuruoka,"2026-08-13 08:00:20",0.78708,114,risatsuruoka
1689,16712338,Malte19,"2026-08-12 18:08:08",0.78708,3,malte19
1690,16712465,"Shashvat Singham","2026-08-12 13:14:58",0.78708,3,shashvatsingham
1691,16713666,"Siesto Elemento","2026-08-12 17:43:13",0.78708,2,siestoelemento
1692,16715343,"Johan BONILLA MENDIETA","2026-08-13 05:05:22",0.78708,4,johanbonillamendieta
1693,16717848,aleilei123,"2026-08-13 16:09:16",0.78708,3,aleilei123
1694,16685929,"Walter Mann","2026-08-13 18:30:06",0.78708,5,waltermann
1695,15021322,ZhaZhaStudy,"2026-06-15 01:35:31",0.78468,1,zhazhastudy
1696,16318121,"Erick Antunes Raposo","2026-06-18 15:09:25",0.78468,18,erickantunesraposo
1697,16263035,cote03,"2026-06-17 01:35:21",0.78468,10,cote03
1698,16343125,zakalando,"2026-06-15 06:34:59",0.78468,1,zakalando
1699,16353095,"Ngô Bảo Lâm","2026-06-15 07:44:38",0.78468,9,ngbolm
1700,16354819,"Saif Rehman 63","2026-06-15 11:02:38",0.78468,7,saifrehman63
1701,16316421,thedirktastik,"2026-06-15 12:56:30",0.78468,3,thedirktastik
1702,16052703,yvonne555,"2026-06-15 15:23:55",0.78468,10,yvonne555
1703,16315296,tshrKM,"2026-06-15 14:20:16",0.78468,3,toshihirokamo
1704,10129165,"Muhammed Tausif","2026-08-13 15:16:36",0.78468,56,muhammedtausif
1705,16366742,"Aastha Sharma","2026-06-15 17:36:58",0.78468,1,aasthasharma1611
1706,16366852,"Axel Diego","2026-06-15 18:14:59",0.78468,10,axeldiego
1707,16367901,@dityaBan3rj33,"2026-06-15 19:19:04",0.78468,1,dityaban3rj33
1708,15046049,牛蒼蠅,"2026-08-13 18:38:06",0.78468,59,oxgadfly
1709,16273149,"Fan Yang #2","2026-06-16 01:21:32",0.78468,2,hellofairy
1710,1843177,"Neo Bui","2026-06-17 01:12:20",0.78468,3,neobui
1711,16273159,JoanLi02,"2026-06-16 01:22:17",0.78468,2,joanli02
1712,16273160,"Shiyu Sun #2","2026-06-16 01:25:04",0.78468,2,flechazolix
1713,16358518,张紫佳123,"2026-06-16 03:20:04",0.78468,2,jia147258
1714,16355668,didxorms,"2026-06-16 08:46:33",0.78468,4,didxorms
1715,16370033,kotleha,"2026-06-16 12:16:45",0.78468,2,kotleha
1716,16371974,Epipany,"2026-06-17 05:42:47",0.78468,2,epipany
1717,16374656,"Bianca Florentina Dumitrache","2026-06-16 18:42:19",0.78468,1,srtabibi
1718,16375813,keaixiaozhu,"2026-06-17 00:35:23",0.78468,5,keaixiaozhu
1719,16379727,"Uğur Tatlısöz","2026-06-17 10:09:42",0.78468,5,ugurtatlisoz
1720,16380408,松原柚月,"2026-06-17 11:48:49",0.78468,5,diayudu26
1721,16380781,"Pradeep #10","2026-06-17 11:09:53",0.78468,1,hsyushsbsjshgdh
1722,16379810,"Ai Teng","2026-06-17 11:37:00",0.78468,3,aiteng
1723,16366301,"Marcio Constancio Junior","2026-06-17 15:02:22",0.78468,16,mconstanciojr
1724,16381834,KodaiKawajiri,"2026-06-17 13:16:03",0.78468,1,kodaikawajiri
1725,16381985,wangyifan513,"2026-06-17 13:36:52",0.78468,2,wangyifan513
1726,16382086,saxsir,"2026-06-18 14:51:20",0.78468,5,saxsir
1727,16345940,"JOAQUIN HERNAN RILO","2026-06-19 17:42:02",0.78468,23,joaquinhernanrilo
1728,16383469,"Shao Chi Chew","2026-06-17 17:11:18",0.78468,3,shaochichew
1729,16383835,polaroytov,"2026-06-17 17:56:26",0.78468,1,polaroytov
1730,16374461,"Matheus Viana Domingos","2026-06-17 18:49:30",0.78468,4,matheusvianadomingos
1731,16384572,"Viktor Bezrondyi","2026-06-17 20:55:56",0.78468,1,viktorbezrondyi
1732,16388163,TemirlanK,"2026-06-18 11:05:58",0.78468,3,temirlank
1733,16387900,"Zhadyra Tussupbekova","2026-06-18 10:37:55",0.78468,7,zhadyratussupbekova
1734,16387966,Yera,"2026-06-18 10:55:46",0.78468,2,yerassylis
1735,14791265,"DK Armada","2026-06-18 10:59:21",0.78468,2,dkarmada
1736,16388280,Shuhei_Ikezawa,"2026-07-08 04:57:37",0.78468,7,shuheiikezawa
1737,16327178,"Juan Berardo","2026-06-19 16:17:31",0.78468,15,juanberardo
1738,16383847,"Aghiad shtat","2026-06-25 07:08:59",0.78468,16,aghiadshtat
1739,16385053,Cjulian6,"2026-06-21 17:47:54",0.78468,20,cjulian6
1740,15978265,柳沢佳樹,"2026-06-19 00:50:38",0.78468,17,hanahozifc
1741,16392747,cheonhyeonjun,"2026-06-19 06:20:16",0.78468,5,cheonhyeonjun
1742,16393210,"Marcus Soltau","2026-06-19 07:14:12",0.78468,3,marcussoltau
1743,16393827,LYZi,"2026-06-19 09:38:43",0.78468,4,luoyizi
1744,16388088,"Yashendra Singh","2026-06-21 16:58:10",0.78468,8,excommunicado26
1745,16394809,hboot,"2026-06-19 13:33:06",0.78468,2,bohboot
1746,16395086,"Reza Sajjadi","2026-06-19 14:09:33",0.78468,1,rezasajjadi82
1747,16395167,"Kayes Ahamed","2026-06-19 14:39:05",0.78468,2,kayesahamed
1748,15936595,"Daniel Černý","2026-06-21 11:45:11",0.78468,4,danielern72
1749,16396684,"Menlo Tom","2026-06-19 23:00:10",0.78468,3,menlotom
1750,16375682,Олежа,"2026-06-19 23:54:58",0.78468,9,skyraks
1751,16207876,"Kelly Brennan","2026-06-20 00:03:37",0.78468,1,kellybrennan
1752,16400155,"Илья Мороховец","2026-06-20 08:04:57",0.78468,8,ilushka124
1753,16401096,谢晚荣三,"2026-06-20 10:00:18",0.78468,1,addaoh
1754,16401980,"islom Ochildiev","2026-06-20 13:02:19",0.78468,4,islomochildiev
1755,16402721,"Mithunn S","2026-06-20 14:29:09",0.78468,1,smithunn
1756,16402853,"Fujii Yuna","2026-06-20 15:01:23",0.78468,2,fujiiyuna
1757,16391826,"MAGDALENA MORMANDI","2026-06-20 15:40:52",0.78468,20,magdalenamormandi
1758,16403439,zhihui666888,"2026-06-20 16:35:27",0.78468,1,zhihui666888
1759,15978420,"Slavisa Radović","2026-07-08 11:14:31",0.78468,4,slavisaradovi
1760,16406363,Atman-13,"2026-06-21 08:01:56",0.78468,1,atman13
1761,16407182,"Qizheng Ye","2026-06-23 12:34:40",0.78468,7,qizhengye
1762,12379713,fuelman,"2026-06-21 13:46:23",0.78468,1,fuelman
1763,16253835,"Ben Lehany-Fee","2026-06-21 14:43:57",0.78468,8,benlehanyfee
1764,16408887,MEROBO,"2026-06-23 13:16:44",0.78468,8,m3robo
1765,16411090,"Nahuel Rodriguez","2026-06-21 23:56:28",0.78468,1,rodnahuel8199
1766,16411058,"Maximo Gandolfo","2026-06-22 02:13:30",0.78468,13,maximogandolfo
1767,16411498,"Maximo Gandolfo1","2026-06-22 02:37:05",0.78468,2,maximogandolfo1
1768,16411362,"조승미 ","2026-06-22 07:30:52",0.78468,4,duckthegreat
1769,14072279,AZacharegkas,"2026-06-22 08:17:49",0.78468,2,azacharegkas
1770,16411375,parkhyowon,"2026-06-22 07:59:01",0.78468,2,parkhyowonon
1771,16410806,"dias ziyada","2026-06-22 19:15:00",0.78468,6,diasziyada
1772,16414536,"24071497 HOÀNG MẠNH KIÊN","2026-06-22 13:48:48",0.78468,2,kienmanhhoang
1773,16265777,"Axel Xaverius","2026-06-29 06:18:47",0.78468,24,axelxaverius
1774,16414811,"Marcos Gabriel","2026-06-24 14:15:44",0.78468,6,marcosgabreu
1775,16416439,"Rachel Korsunsky","2026-06-22 22:11:55",0.78468,9,rachelkorsunsky
1776,16416366,"Mert Kyz","2026-06-22 18:53:05",0.78468,4,mertkyz
1777,16416925,"Clara Capdepont","2026-06-22 21:34:00",0.78468,10,claracapdepont
1778,16417071,"Clara maria capdepont","2026-06-22 22:12:33",0.78468,6,claramariacapdepont
1779,16417787,lazy1cat1miaoaowuuuu,"2026-06-23 02:23:49",0.78468,2,lazy1cat1miaoaowuuuu
1780,16418261,Texiii,"2026-06-23 03:56:02",0.78468,1,texiii
1781,16418398,eraser251826,"2026-06-23 04:35:46",0.78468,1,eraser251826
1782,16392955,"Susmittha B","2026-06-23 07:15:38",0.78468,6,susmitthab
1783,16239008,xiaoyang010,"2026-06-23 08:51:48",0.78468,10,xiaoyang010
1784,16413214,"Brandon Johan","2026-07-09 11:49:25",0.78468,4,brandonjohan
1785,16367912,"Kheersagar Parja","2026-06-24 08:33:23",0.78468,6,kheersagarparja
1786,16421092,"Kota Utsunomiya","2026-06-24 14:06:50",0.78468,11,kotautsunomiya
1787,16423544,"Arob Wor","2026-06-23 20:11:34",0.78468,1,arobwor
1788,16424338,kin0ee,"2026-06-23 22:43:50",0.78468,1,kin0ee
1789,16424889,rizhkh,"2026-06-25 03:23:09",0.78468,6,rizhkh
1790,12681790,mintonic,"2026-07-10 23:35:18",0.78468,5,mintonic
1791,16410938,"Ilya Strigunkov","2026-06-24 21:25:16",0.78468,13,ilyastrigunkov
1792,16430360,"sillk sillk","2026-06-25 00:51:44",0.78468,5,sillksillk
1793,16087600,Dorissssss,"2026-07-04 22:43:05",0.78468,4,dorissssss
1794,15915615,"Kazui Tamamura","2026-06-27 12:03:34",0.78468,12,kazuitamamura
1795,16430997,"Amr Alhorimy","2026-06-30 13:57:27",0.78468,24,amralhorimy
1796,16432066,Hedgehog&Fox,"2026-06-25 08:27:20",0.78468,1,hedgehogfox
1797,16418161,"Amanda TianTian","2026-06-29 01:27:17",0.78468,7,amandatiantian
1798,16380386,MyMLTraining-3845,"2026-07-07 11:18:08",0.78468,6,mymltraining3845
1799,16425745,madjichan,"2026-06-25 10:34:06",0.78468,4,madjichan
1800,16433261,taoan1,"2026-06-25 18:51:35",0.78468,2,taoan1
1801,7497463,Otokoyaman114,"2026-06-25 14:12:11",0.78468,6,otokoyaman114
1802,16433840,"Nacho Poole","2026-06-25 15:00:51",0.78468,2,nachopoole
1803,16433576,"Stefan Freitag","2026-06-25 15:14:49",0.78468,2,karfreitag101
1804,16433958,Chelsiii,"2026-06-25 17:18:22",0.78468,3,chelsiii
1805,15857893,"Riki #3","2026-07-12 15:22:32",0.78468,10,riki1101
1806,16434390,"Khoa Nguyen Tran Dang","2026-06-25 17:51:06",0.78468,5,khoanguyentrandang22
1807,16434518,"Арсений Коптев","2026-06-25 18:26:35",0.78468,9,litlduckk
1808,16434810,"Elias Ramineli","2026-06-25 19:12:39",0.78468,3,eliasramineli
1809,16437780,洁洁组合,"2026-06-26 11:24:25",0.78468,10,yrj006
1810,16434368,"Philip Kalachev","2026-06-26 10:46:02",0.78468,2,philipkalachev
1811,16190098,underparjj,"2026-06-27 09:26:22",0.78468,7,underparjj
1812,16419344,CaERu_korokoro,"2026-06-26 11:09:03",0.78468,3,caeru11291129
1813,16437906,"li zi (zylar)","2026-06-26 11:14:55",0.78468,1,lizizylar
1814,16438564,"Nabin Shahi","2026-06-29 12:35:08",0.78468,6,nabinshahi1998
1815,16436660,Samlu,"2026-06-26 16:07:07",0.78468,3,samlu95
1816,16437951,"Heet Shah #3","2026-06-26 17:17:13",0.78468,10,hs5853
1817,16434910,Ashuu6705,"2026-07-07 19:02:26",0.78468,13,ashuu6705
1818,16136825,"Ryan Connor","2026-06-26 19:41:19",0.78468,5,ryanconnor05
1819,16440623,"Truman Learns Code","2026-06-26 23:13:46",0.78468,3,trumanlearnscode
1820,16138324,"Ilene Pham","2026-06-27 04:25:09",0.78468,7,ilenepham
1821,16441480,ssgga_js,"2026-06-27 06:10:30",0.78468,1,ssggajs
1822,13775270,Zrzr_00,"2026-06-30 05:03:24",0.78468,11,zrzr00
1823,16441563,WYSSR1225,"2026-06-27 08:06:36",0.78468,4,wyssr1225
1824,16442034,LIiRRR,"2026-06-27 08:48:34",0.78468,3,liirrr
1825,16401538,"Inoue Hiroaki","2026-07-04 14:26:25",0.78468,6,pheasant0spirits
1826,16442384,"KARAN MANTRII","2026-07-03 16:44:55",0.78468,9,karanmantrii
1827,16442825,ChrisBaker98,"2026-06-27 11:55:59",0.78468,5,chrisbaker98
1828,16442982,"Mohammed Mehran Shaikh","2026-06-27 12:08:52",0.78468,3,mohammedmehranshaikh
1829,16443662,ShadyRalph,"2026-06-27 15:28:09",0.78468,2,shadyralph
1830,14085307,"Nader Hany1234","2026-07-14 08:13:03",0.78468,11,naderhany1234
1831,16443782,"Subaru Morimoto","2026-06-27 15:55:10",0.78468,1,subarumorimoto
1832,16437794,"Fayaz Mohammed N","2026-06-27 16:34:47",0.78468,3,fayazmohammedn
1833,16444216,notpersian,"2026-06-27 23:46:01",0.78468,3,notpersian
1834,15501342,"SUMIT KUMAR #5","2026-06-28 04:28:21",0.78468,1,sumitkumar1802
1835,16445375,"Kent Christian Auxtero","2026-06-28 17:47:15",0.78468,3,kentchristianauxtero
1836,16420559,LDub2F,"2026-07-22 11:13:19",0.78468,22,ldub2f
1837,16447221,MinhTuan3011,"2026-06-30 05:38:07",0.78468,5,minhtuan3011
1838,16448194,"Jeff Li #2","2026-06-28 20:07:34",0.78468,1,jeffli63
1839,16448999,"Bảo Nguyễn #2","2026-06-29 06:08:58",0.78468,4,hehhehee
1840,16426170,"Иван Морозов","2026-06-29 06:33:14",0.78468,7,leader831
1841,15661518,e.zakharoff,"2026-08-04 11:15:23",0.78468,17,ezakharoff
1842,16445726,"Abdul Mukit #2","2026-06-29 14:38:47",0.78468,9,abdulmukit98
1843,3901669,"yuko na","2026-06-29 16:01:20",0.78468,6,yukona
1844,16456384,"Лиля Давлетова","2026-06-30 04:54:37",0.78468,1,lilredwitch
1845,16458742,"Kaya Nakazato","2026-06-30 11:07:37",0.78468,3,kayanakazato
1846,16443811,shuminghao,"2026-06-30 12:14:27",0.78468,7,shuminghao
1847,16453454,"Digvijay vaibhav  Patil","2026-07-01 08:53:11",0.78468,15,digvijayvaibhavpatil
1848,16459751,geexzi,"2026-06-30 13:27:21",0.78468,1,geexzi
1849,16458266,"Zhanran Li","2026-07-02 03:24:15",0.78468,30,zhanranli
1850,14950612,"guilhem jalras","2026-06-30 14:13:55",0.78468,5,guilhemjalras
1851,16452695,"usha B raut","2026-07-01 10:41:33",0.78468,7,ushabraut
1852,16460190,"Yuhei H.","2026-06-30 15:58:23",0.78468,6,yuheih
1853,16460404,"Shubham Vispute","2026-06-30 16:11:09",0.78468,2,shubhamvispute20
1854,8017559,"Akanksha Patil #2","2026-06-30 16:12:01",0.78468,4,akankshaspatil
1855,16462875,Optimis,"2026-07-01 03:10:37",0.78468,1,optimis
1856,16459563,"Marine RAFFY","2026-07-01 10:23:22",0.78468,11,marineraffy
1857,15707972,"Siya Sao","2026-07-01 11:19:56",0.78468,6,siyasao
1858,16314661,Louis_MButhia,"2026-07-01 13:33:57",0.78468,2,louismbuthia
1859,16397933,"Alejandro Melguizo","2026-07-01 15:51:37",0.78468,4,alejandromelguizo
1860,16452738,heisenye,"2026-07-02 08:20:23",0.78468,4,heisenye
1861,16472117,"Yudai Kittaka","2026-07-02 10:51:34",0.78468,5,yudaikittaka
1862,16266385,Dortp58,"2026-07-03 08:46:32",0.78468,40,dortp58
1863,14911219,cot6rd,"2026-08-04 19:32:30",0.78468,2,cot6rd
1864,16475763,"Slamdicey ","2026-07-02 20:32:11",0.78468,1,slamdicey
1865,16479590,"YChao Wang","2026-07-03 03:37:13",0.78468,3,supercoud
1866,16480093,hu_jinjin_222,"2026-07-03 06:01:13",0.78468,5,hujinjin222
1867,16480247,凯圣帝君,"2026-07-03 06:40:30",0.78468,1,knight11111111
1868,16473437,"Việt Đào Xuân","2026-07-03 08:39:37",0.78468,11,vitoxun
1869,16480496,leerhon,"2026-07-03 08:24:52",0.78468,7,leerhon
1870,16480360,gdhuwc,"2026-07-03 09:58:32",0.78468,6,gdhuwc
1871,16022033,ywas8@qq.com,"2026-07-13 10:28:56",0.78468,3,ywas8qqcom
1872,16481082,"OSCAR JM","2026-07-03 11:19:14",0.78468,6,oscarjm
1873,16481304,irsdodger,"2026-07-06 07:10:49",0.78468,8,irsdodger
1874,14325667,"Gabriel Nogale","2026-07-03 15:06:24",0.78468,6,gabrielnogale
1875,2859562,"Dwayne Dorsey Jr.","2026-07-03 15:34:44",0.78468,3,vikingsfan
1876,16482447,"Ishita Umredkar","2026-07-03 15:57:29",0.78468,3,ishitaumredkar
1877,16483737,"[Deleted] 1435f9b4-559c-41bd-890d-b4663ab8342c","2026-07-03 22:57:12",0.78468,1,del=baa04b3385a07ffa
1878,16484085,chenvision,"2026-07-04 02:35:38",0.78468,3,chenvision
1879,16484067,TianHaoYang7,"2026-07-04 04:04:11",0.78468,10,tianhaoyang7
1880,16480366,llccyy123,"2026-07-04 04:36:49",0.78468,12,llccyy123
1881,16480400,liangzhitong1234,"2026-07-04 06:39:46",0.78468,13,liangzhitong1234
1882,16484843,liangxiran,"2026-07-04 07:33:49",0.78468,4,ryan070410
1883,16482092,xtg520xmg,"2026-07-05 07:57:48",0.78468,17,xtg520xmg
1884,16455689,BloodyGymVisitor,"2026-07-12 09:46:38",0.78468,8,bloodygymvisitor
1885,16477884,Brawlerleg,"2026-07-04 11:59:54",0.78468,10,brawlerleg
1886,16485478,WinDomKings,"2026-07-04 10:10:23",0.78468,2,windomkings
1887,16485802,Shum127,"2026-07-04 12:23:25",0.78468,6,shum127
1888,380414,FadenMügeMersin,"2026-07-27 19:04:29",0.78468,14,fmmersin
1889,16485932,Guanshengbo,"2026-07-04 12:36:06",0.78468,2,guanshengbo
1890,16375265,"Konno Hiroharu","2026-07-04 21:10:40",0.78468,12,lambdap
1891,16487831,Mahnoor357,"2026-07-04 22:52:34",0.78468,1,mahnoor357
1892,16488296,"Zhiling Jin3232","2026-07-05 03:27:43",0.78468,1,zhilingjin3232
1893,16488590,"ZHANG SAN123","2026-07-05 05:40:19",0.78468,1,zhangsan132
1894,16489292,Canon,"2026-07-05 09:15:19",0.78468,1,sotakurihara1
1895,16489327,kshanzzz,"2026-07-05 09:32:25",0.78468,3,kshanzzz
1896,609007,PavelLiashkov,"2026-07-05 11:13:57",0.78468,4,bigbag1983
1897,16491163,egerb_gym,"2026-07-05 19:52:16",0.78468,4,egerbgym
1898,10743826,Riemenschneider161,"2026-07-05 19:13:26",0.78468,18,riemenschneider161
1899,16490417,karim_qqq,"2026-07-22 14:29:40",0.78468,9,karimqqq
1900,16491786,"Matthew Lee #7","2026-07-05 22:39:39",0.78468,3,matthewhlee7
1901,16488341,"Zhenghao Li","2026-07-06 08:19:14",0.78468,4,zhenghaoli65
1902,16493653,wangjingyuuu,"2026-07-06 08:07:05",0.78468,1,wangjingyuuu
1903,16494289,IY,"2026-07-06 10:29:31",0.78468,10,irotrader
1904,16494645,"Muhammed Can Yigit","2026-07-06 11:37:45",0.78468,2,muhammedcanyigit
1905,16494844,kochigit,"2026-07-06 12:19:01",0.78468,1,kochigit
1906,16497204,"Lucas Petitjean","2026-07-06 23:19:09",0.78468,10,mushasterion
1907,16468338,"Sk Electro","2026-07-07 15:57:07",0.78468,22,skelectro
1908,16497548,坂本律男,"2026-07-07 00:48:44",0.78468,1,sakamotoritsuo
1909,16496846,moverzd,"2026-07-19 17:32:33",0.78468,34,moverzd
1910,16497956,tooooodayistheday,"2026-07-07 03:35:31",0.78468,1,tooooodayistheday
1911,16485273,wankkun,"2026-07-12 08:23:29",0.78468,9,wankkun
1912,15778504,afaisal0,"2026-07-07 10:22:35",0.78468,13,afaisal0
1913,12048332,Kali99,"2026-07-07 09:19:10",0.78468,1,kali99
1914,16500128,Victor_Su_Q_Q,"2026-07-07 14:22:42",0.78468,10,victorsuqq
1915,16501307,"youness chamess eddin","2026-07-14 00:04:48",0.78468,5,younesschamesseddin
1916,16492449,aminadaven,"2026-07-08 14:06:55",0.78468,4,aminadaven
1917,2435248,jomutta,"2026-07-08 03:03:55",0.78468,4,jomutta
1918,16505391,gPwls1227,"2026-07-08 03:23:34",0.78468,10,gpwls1227
1919,16506055,"Hinata Horie","2026-07-08 05:50:33",0.78468,4,hhstar2160
1920,16338963,plunges_mousers,"2026-07-08 09:56:38",0.78468,10,plungesmousers
1921,16508165,"Alan Shilu Mathew","2026-07-14 10:34:48",0.78468,15,alanshil
1922,16112677,"Jyothika Seru","2026-07-08 15:32:18",0.78468,2,jyothikaseru
1923,16509426,"Aaryan Shelar","2026-07-08 18:41:53",0.78468,2,aaryanshelar
1924,16509863,"Ecrin Taran","2026-07-08 21:42:40",0.78468,1,ecrintaran
1925,16509731,"Maria Shatrova","2026-08-01 22:29:01",0.78468,7,mariashatrova
1926,16444879,"Alemu chamada","2026-07-09 01:46:04",0.78468,13,alechamada
1927,16510936,"AYUSH Bhagat","2026-07-09 05:14:53",0.78468,1,bhagatayush2094
1928,16511804,"Nidhi Shenolikar","2026-07-09 09:07:14",0.78468,2,nidhishenolikar
1929,16512111,"pro pretty","2026-07-10 03:54:57",0.78468,2,propretty
1930,16512149,"Ashish Tiwari #6","2026-07-09 10:13:15",0.78468,1,ashish995
1931,16512629,"damine saad #2","2026-07-09 13:31:12",0.78468,7,mddaminesaad
1932,16511843,Lucky-888K,"2026-07-09 14:04:27",0.78468,9,lucky888k
1933,16513170,SLeePY,"2026-07-09 16:04:09",0.78468,10,sleepy13
1934,16500784,"Kevin Andrew Flynn","2026-07-09 20:04:31",0.78468,21,kevinandrewflynn
1935,16486541,"NOBORU TANI","2026-07-11 08:42:29",0.78468,5,noborutani
1936,14933105,masakos,"2026-07-15 07:09:33",0.78468,8,masakos
1937,16516009,anonymous_builder;P,"2026-07-10 09:15:18",0.78468,2,anonymousbuilderp
1938,16497564,"Sazid Bayezid","2026-07-11 13:19:24",0.78468,5,sazidbayezid
1939,16517146,"Ahmed Abdullah #2","2026-07-10 15:21:10",0.78468,1,ahmedbusaeed
1940,16517512,"Zyboo Zhou","2026-07-10 17:22:26",0.78468,1,zyboozhou
1941,16517616,"Aminah Abdussamy","2026-07-10 18:12:08",0.78468,2,aminahabdussamy123
1942,16518069,"Aryamaan Dash","2026-07-10 21:50:32",0.78468,1,aryamaandash
1943,16531206,"yuchang zhang888","2026-07-11 07:24:57",0.78468,1,yuchangzhang888
1944,16498268,TaraokaTarou,"2026-07-12 08:27:58",0.78468,18,taraokatarou
1945,16531161,whl0516,"2026-07-11 13:11:01",0.78468,5,whl0516
1946,16532870,"Harrishmen Mathavan","2026-07-11 17:49:17",0.78468,2,harrishmen
1947,16533126,"[Deleted] 92ff555d-be6f-4640-bc35-afa046813b18","2026-07-11 18:05:03",0.78468,1,del=6fc9c6477d50a0fb
1948,15031936,hnaka-m,"2026-07-16 22:10:15",0.78468,12,hnakam
1949,16533767,yamashuuu,"2026-07-12 02:40:42",0.78468,3,yamashuuu
1950,16482065,戸梶璃音,"2026-07-12 10:49:49",0.78468,9,rionee05
1951,16534617,"Amin Aminov","2026-07-12 11:40:15",0.78468,8,aminaminov
1952,16535271,"Mulya Ady Kredo Ong","2026-07-12 13:14:48",0.78468,1,mulyaadykredoong
1953,16535527,"Bowen Dang","2026-07-12 14:27:44",0.78468,1,flewaway
1954,16535803,"Shin Take","2026-07-12 16:24:21",0.78468,2,shintake
1955,16536112,"Patricia Ramos","2026-07-12 22:18:40",0.78468,4,patriciaramosrosario
1956,16536881,Boson328,"2026-07-13 02:33:34",0.78468,10,boson328
1957,16515949,FishWotou,"2026-07-13 05:24:01",0.78468,2,fishwotou
1958,16537966,AyushRn,"2026-07-13 07:19:35",0.78468,3,ayushrn
1959,16538881,Дашка,"2026-07-14 12:16:45",0.78468,10,doradery
1960,16438515,"Manuhash ","2026-07-22 10:16:53",0.78468,11,manuhash
1961,16518127,Ba8TiC2ZH8zjjKu9,"2026-07-13 20:05:09",0.78468,4,ba8tic2zh8zjjku9
1962,16541032,"Nived K P","2026-07-13 20:38:10",0.78468,1,nivedkp
1963,16541954,"Janielle Fan","2026-07-14 04:13:17",0.78468,5,janiellefan
1964,16542031,"Muhammad Khalid Iqbal ","2026-07-15 10:22:48",0.78468,5,muhammadkhalidiqbal
1965,16542650,"Liu Hongyi.cs","2026-07-14 08:38:50",0.78468,3,liuhongyics
1966,16542687,rainbooow001,"2026-07-14 08:13:19",0.78468,10,rainbooow001
1967,16543207,王琳翔🤣,"2026-07-14 09:03:25",0.78468,1,wlx979189057
1968,16543213,djhdjh111,"2026-07-14 09:45:04",0.78468,4,djhdjh111
1969,16379409,"Sora Ohtani","2026-07-14 11:43:52",0.78468,15,soraohtani
1970,16543463,"Yunyang Li #2","2026-07-14 10:57:32",0.78468,2,lyycloud
1971,16543874,ForeverUnleashed,"2026-07-14 13:27:40",0.78468,5,aquillium27
1972,16512458,Suhail.3528,"2026-07-16 10:53:13",0.78468,8,suhail3528
1973,16535637,"Yazz Minja","2026-07-14 20:00:28",0.78468,7,yazzminja
1974,16549465,w0nka,"2026-07-15 07:04:27",0.78468,1,fajarmaulana7
1975,16135575,"Dương Ngọc Trang Đài","2026-07-15 14:35:10",0.78468,29,dngngctrangi
1976,16551186,"Ayesha Asif","2026-07-15 15:10:42",0.78468,2,ayeshaasif1512
1977,16549859,coconutwater,"2026-07-15 15:35:51",0.78468,2,coconutwater
1978,16551388,"Davy Ahonon","2026-07-17 21:08:17",0.78468,9,davyahonon
1979,16552331,"Rahib Vk","2026-07-15 21:08:28",0.78468,2,rahibvk
1980,16552271,"Tatsumi #2","2026-07-15 21:35:50",0.78468,3,hydrogen12
1981,2649145,detkov,"2026-07-15 22:54:04",0.78468,3,detkov
1982,16448541,gamedoescool,"2026-07-16 02:25:46",0.78468,4,gamedoescool
1983,16551137,"giacomo mapelli","2026-07-16 08:58:14",0.78468,13,giacomomapelli
1984,16554468,"Bhavya Patela","2026-07-16 09:41:34",0.78468,1,bhavyapatela
1985,16554638,Rahman04Musfiq,"2026-07-16 10:25:29",0.78468,1,rahman04musfiq
1986,16505866,kylehuang0805,"2026-07-16 19:11:24",0.78468,8,kylehuang0805
1987,16557226,fumin0ri,"2026-07-17 01:12:42",0.78468,1,fumin0ri
1988,16559233,"[Deleted] 0c78b80a-9b73-4105-a885-278d03a7f13b","2026-07-17 11:42:36",0.78468,1,del=0df144f68a609f65
1989,16549887,"Егор Зарубин","2026-07-17 13:14:41",0.78468,8,zarubined
1990,16560315,slurpy1337,"2026-07-17 16:20:34",0.78468,1,slurpy1337
1991,16564267,YYCRCY,"2026-07-18 09:17:20",0.78468,1,yycrcy
1992,16565391,"Evandro Gomide","2026-07-18 13:13:00",0.78468,7,evandrogomide
1993,16370408,赤木勇斗,"2026-07-19 04:37:28",0.78468,13,yu100516
1994,16568282,中原和勇,"2026-07-20 03:41:44",0.78468,5,kazuo517
1995,16568901,zchen2357,"2026-07-19 07:30:37",0.78468,1,zchen2357
1996,4408768,"Mohammad Suleman Khan","2026-07-19 08:48:32",0.78468,2,mohammadsulemankhan
1997,13429111,"Dockest Nice","2026-07-19 10:08:16",0.78468,10,dockestnice
1998,16570040,"Dao Zho","2026-07-19 12:17:57",0.78468,1,daozho
1999,16570250,"Md Arif","2026-07-19 13:08:35",0.78468,1,mdarif29
2000,16559710,mukhamed_nnn,"2026-07-22 16:13:10",0.78468,19,mukhamednnn
2001,16393648,Qiyuanhu,"2026-07-19 18:58:28",0.78468,2,qiyuanhu1991
2002,16571892,chris2049,"2026-07-19 19:00:41",0.78468,1,chris2049
2003,16573888,"Bassel M","2026-07-20 06:54:02",0.78468,2,drbasselesq
2004,16569827,"Desyat IO","2026-07-20 07:19:18",0.78468,14,desyatio
2005,14440304,オロゴン,"2026-07-21 14:11:57",0.78468,12,kei1277
2006,16574059,"Joel A J","2026-07-25 10:52:33",0.78468,4,joelaj2005
2007,16574427,tc_adventureking,"2026-07-20 09:21:15",0.78468,10,tcadventureking
2008,15239805,lucianotupinaba,"2026-07-20 16:24:31",0.78468,7,lucianotupinaba
2009,14301857,Maguta719,"2026-07-21 06:07:49",0.78468,2,maguta719
2010,16579897,"wildfire kindle","2026-07-21 09:07:40",0.78468,1,wildfirekindle
2011,16579314,TEIKOTA,"2026-07-21 09:59:26",0.78468,7,teikota
2012,16505960,"Mohamed Amine ARARI","2026-07-21 12:16:33",0.78468,4,mohamedaminearari
2013,16558354,"Cj Browne","2026-07-25 07:45:49",0.78468,17,cjfrown
2014,16582575,debjk1337,"2026-07-21 16:55:34",0.78468,2,antonfeoktistov
2015,16578147,"Luis Miguel Marin","2026-07-22 01:30:29",0.78468,2,miguelkquioty
2016,16579411,Purmoon,"2026-07-29 04:50:55",0.78468,19,purmoon
2017,16559433,MYosyy,"2026-07-28 03:22:41",0.78468,7,myosyy
2018,16543190,"Kavya #5","2026-07-22 06:32:42",0.78468,4,kavyasd
2019,16584623,erikbre,"2026-07-22 07:10:11",0.78468,1,erikbre
2020,16580512,tl0829,"2026-07-29 09:09:14",0.78468,19,tl0829
2021,16586112,"Tina Moradi","2026-07-22 15:26:27",0.78468,3,ttinaa
2022,16586258,"Julia Maxime","2026-08-01 10:07:20",0.78468,5,juliamaxime
2023,16586265,Gicky1,"2026-07-22 14:57:23",0.78468,2,gicky1
2024,16544730,阳光灿烂,"2026-07-23 06:02:33",0.78468,31,yangcan1125
2025,16586653,"Edcarlos Cardoso","2026-07-22 21:07:41",0.78468,5,edcarloscardoso
2026,16586968,"Chaitanya G","2026-07-22 17:45:59",0.78468,1,chaitanya4156
2027,16587261,"Oke Boadu","2026-07-22 19:46:27",0.78468,1,okeboadu
2028,16587781,cppython,"2026-07-23 02:20:42",0.78468,4,shicao
2029,16548020,"Ronchen Luo","2026-07-23 03:49:51",0.78468,19,ronchenluo
2030,16589952,yigitkuyucuu,"2026-07-23 13:37:20",0.78468,6,yigitkuyucuu
2031,16590021,Dagg9587,"2026-07-23 13:47:02",0.78468,1,dagg9587
2032,16590398,sokoranohimazin,"2026-07-23 15:45:32",0.78468,1,sokoranohimazin
2033,16590420,"Pratik Mahankal14","2026-07-23 15:54:34",0.78468,1,pratikmahankal14
2034,16590519,"YiHao Ma","2026-07-24 05:45:44",0.78468,6,myheeer
2035,16590316,darkitime,"2026-07-23 17:54:37",0.78468,5,darkitime
2036,16590461,"Julia #17","2026-07-26 12:07:25",0.78468,9,juliaplata
2037,16591158,"Izael Julio Silva","2026-07-24 00:33:50",0.78468,5,izaeljuliosilva
2038,16590042,"Yixuan Li123","2026-07-24 09:39:06",0.78468,3,yixuanlily
2039,16593236,"Youzi 0x","2026-07-24 10:34:07",0.78468,3,youzi0x
2040,16590138,"perla Jones (五five)","2026-07-24 14:11:55",0.78468,4,perlajonesfive
2041,16590652,Cnmf210,"2026-07-24 15:11:57",0.78468,10,cnmf210
2042,16486298,"Phat Tran #2","2026-07-25 07:02:17",0.78468,13,bentrandeveloper
2043,16595307,"Murilo Santana","2026-07-24 21:33:41",0.78468,2,murilosantana
2044,16589197,takumi8647,"2026-07-25 05:15:59",0.78468,10,takumi8647
2045,16597499,"Yu Bo yuan","2026-07-25 07:44:57",0.78468,1,zzy555666
2046,16597636,Evander,"2026-07-25 08:50:28",0.78468,3,jiaoweishen
2047,16598877,Hidekatsu,"2026-07-25 14:55:52",0.78468,4,hidekatsu
2048,16539482,IADoronin1994,"2026-07-27 09:14:12",0.78468,14,iadoronin1994
2049,16590104,岡野航希,"2026-07-25 17:19:46",0.78468,6,kokiokano
2050,15349786,wanabe_715,"2026-07-25 19:45:16",0.78468,2,wanabe715
2051,16599157,Paphangkon1412,"2026-07-26 08:55:13",0.78468,3,paphangkon1412
2052,16601216,"Ramadan Mubarak","2026-07-26 13:10:56",0.78468,3,ramadanmubarak
2053,16601199,"Ayush Sharma #14","2026-07-26 09:07:44",0.78468,2,ayushsharma1311
2054,16601431,"Laxit Rajput","2026-07-26 16:57:43",0.78468,3,laxitrajput
2055,16600994,yundawu,"2026-07-26 11:47:24",0.78468,3,yundawu
2056,16603190,"Archie A","2026-07-26 21:51:13",0.78468,1,archiea2
2057,16604878,SHICHIES,"2026-07-27 09:14:32",0.78468,1,shichies
2058,16593529,kvasty,"2026-07-27 15:03:15",0.78468,3,kvasty
2059,16554312,Pand,"2026-07-27 17:07:23",0.78468,2,pand999
2060,16606981,"Alapati Jaswanth","2026-07-27 20:38:10",0.78468,10,alapatijaswanth
2061,16607371,"José Zoz","2026-07-28 00:15:41",0.78468,2,joszoz
2062,16607482,"joaquin parra 198196","2026-07-28 01:09:11",0.78468,6,joaquinparra198196
2063,16607713,"Haixin Yue","2026-07-28 03:14:25",0.78468,2,haixinyue
2064,16608249,最强扫地僧,"2026-07-28 06:59:36",0.78468,2,yyx466005036
2065,16608678,weijinchen,"2026-07-28 08:21:09",0.78468,2,weijinchen
2066,16609876,mellu,"2026-07-28 13:54:26",0.78468,2,mingu1
2067,16610572,"David khiangte","2026-07-28 17:05:27",0.78468,1,davidkhiangte
2068,2938203,"Weifeng Sun","2026-07-30 17:47:48",0.78468,9,soaringmaple09
2069,16611436,"John Gomez","2026-07-28 23:59:58",0.78468,1,johngigabyte
2070,16608692,長崎智人（長崎智人）,"2026-07-29 03:55:19",0.78468,14,tomonchu
2071,16611709,bsw0716,"2026-07-29 03:10:08",0.78468,3,bsw0716
2072,16611725,kimchangyoon,"2026-07-29 03:17:29",0.78468,10,kimchangyoon
2073,16613010,"ziye xie","2026-07-31 09:56:20",0.78468,3,ziyexie
2074,16589893,"Christina Syrrakou","2026-07-29 12:58:56",0.78468,11,krissyra
2075,16613835,shreyashsharmaaaa,"2026-07-29 14:02:58",0.78468,2,shreyashsharmaaaa
2076,16614516,"Kaushik Karma","2026-08-07 08:01:03",0.78468,9,kaushikkarma
2077,16614540,"[Deleted] fb599eeb-17c7-46f5-bd8c-30147e39713b","2026-07-29 17:48:56",0.78468,2,del=47e41aeedc502049
2078,15028098,"Kerwin Caballas","2026-07-31 11:34:58",0.78468,1,kercaballas
2079,16630942,"Ninh Bùi","2026-08-02 08:22:13",0.78468,2,btninh
2080,16632162,"Hùng Nguyễn Hữu","2026-08-03 01:40:40",0.78468,3,hungngh
2081,16632863,"Recep Öztürk","2026-07-31 17:35:55",0.78468,1,rcpztrrk1
2082,16633374,"Aarush pandey","2026-07-31 20:42:00",0.78468,1,aarushpandey
2083,16633683,"Best sports","2026-08-01 00:08:58",0.78468,3,bestsports
2084,16633731,"Adel Lasaleta","2026-08-01 00:39:07",0.78468,4,adellasaleta
2085,16633778,"Liyan Zhao","2026-08-01 00:47:26",0.78468,9,liyanzhao20120719
2086,16600358,pepperpapa,"2026-08-01 05:30:47",0.78468,17,pepperpapa
2087,16638899,wsertfyhujygt,"2026-08-01 18:09:53",0.78468,1,wsertfyhujygt
2088,16638931,"Grishma Patil","2026-08-01 18:19:54",0.78468,1,grishmapatil023
2089,16639184,"Fadil Njikam","2026-08-01 20:14:25",0.78468,1,fadilnjikam
2090,16639586,ReneGrNeto,"2026-08-02 20:45:38",0.78468,8,renegrneto
2091,15740083,"el científico","2026-08-05 05:55:42",0.78468,26,elcientfico
2092,16639788,"SoloG #2","2026-08-02 05:09:36",0.78468,4,gzhong2019
2093,13804438,RandomArabic,"2026-08-02 08:29:47",0.78468,1,randomarabic
2094,16641081,nhwwnhww,"2026-08-02 10:45:41",0.78468,1,nhwwnhww
2095,16641280,jyq6666,"2026-08-02 12:25:22",0.78468,4,jyq6666
2096,16647862,"KAIYU FENG","2026-08-03 06:32:32",0.78468,1,kaiyufeng
2097,16648985,dddddal,"2026-08-03 07:16:50",0.78468,4,dddddal
2098,16652364,OfirTzrik,"2026-08-03 12:12:11",0.78468,4,ofirtzrik
2099,16652527,"Prateek Dagar","2026-08-03 12:00:07",0.78468,1,prateekdagar
2100,16654154,Tuan22012007,"2026-08-03 17:53:01",0.78468,1,tuan22012007
2101,16654851,"Hamish Campbell #2","2026-08-03 23:06:23",0.78468,9,hjdcampbell
2102,16655568,"MKawamorita ","2026-08-04 01:27:00",0.78468,2,mkawamorita
2103,16623772,"ryota nohara","2026-08-04 01:52:16",0.78468,1,ryotanohara
2104,16657220,Tian_Wang1210,"2026-08-04 05:52:20",0.78468,1,tianwang1210
2105,1189300,"Swaminathan Iyer","2026-08-04 09:39:17",0.78468,1,swambie
2106,16660327,"Артем Артемьев","2026-08-11 12:36:30",0.78468,7,artemartemev123321
2107,16660416,xieyawen,"2026-08-05 11:02:27",0.78468,20,xieyawen
2108,16660156,"Zişan Ferzin YALÇIN","2026-08-04 13:22:34",0.78468,7,zisanferzin
2109,16565917,"Maximus Desir","2026-08-04 12:58:48",0.78468,7,maximusdesir
2110,16656997,夜幻冰锋,"2026-08-04 14:35:17",0.78468,10,yhbfff
2111,16660068,"Lâm Sơn Tống","2026-08-05 12:10:36",0.78468,18,lmtng0721
2112,16635304,forest3001,"2026-08-10 14:50:52",0.78468,18,forest3001
2113,16662733,"DHENYFFER CAROLINE ALMEIDA ARANTES","2026-08-04 18:06:56",0.78468,1,dhenyfferarantes
2114,16657521,yuliang615,"2026-08-12 13:42:42",0.78468,37,yuliang615
2115,16665705,gakkler,"2026-08-06 06:20:49",0.78468,16,gakkler
2116,16666438,"Bryan Loong","2026-08-05 09:43:23",0.78468,6,bryanloong
2117,16666827,"George Gavrilov","2026-08-05 10:36:23",0.78468,1,georgegavrilov
2118,16669206,"علي الفتيحي","2026-08-05 16:52:57",0.78468,1,aliree
2119,16671137,"Emmanuel Canizales","2026-08-06 01:56:38",0.78468,2,emmanuelcanizales
2120,16672650,juwon1228,"2026-08-07 01:55:36",0.78468,20,juwon1228
2121,16673071,MINMINNI,"2026-08-06 07:54:49",0.78468,10,minminni
2122,16009247,"Jiwon Song #2","2026-08-07 03:44:06",0.78468,19,jiwonsong144
2123,16673255,chauahanvivanshu,"2026-08-06 07:33:41",0.78468,2,chauahanvivanshu
2124,16672386,kimjungbin,"2026-08-07 01:13:10",0.78468,4,biiinbin
2125,16673986,"jiwon song","2026-08-06 08:57:17",0.78468,9,kagglemarch
2126,16673044,sabasch1,"2026-08-06 08:40:50",0.78468,10,sabasch1
2127,16674939,"Mahnoor Zaffar","2026-08-06 10:45:31",0.78468,3,mahnoor45722
2128,16675062,"Samiksha Lade","2026-08-11 14:18:05",0.78468,12,samikshalade
2129,16673206,"Harshada Padwal","2026-08-11 14:03:54",0.78468,10,harshadap03
2130,16675812,"sonal kulkarni","2026-08-11 14:23:02",0.78468,16,sonalkulkarni11
2131,16452574,"Vaibhav Pande","2026-08-12 14:39:57",0.78468,10,vsp7350
2132,16676768,ViníciusMantovaniDourado,"2026-08-06 15:52:35",0.78468,1,vinimantovanidourado
2133,16678954,"Ullhas Y Kumar","2026-08-06 20:04:43",0.78468,1,ullhasykumar
2134,16672344,"Soeun Lee LEE","2026-08-07 02:20:17",0.78468,19,soeunleelee
2135,16681024,"Er.Kartik Topannavar","2026-08-07 14:16:10",0.78468,5,erkartiktopannavar
2136,16649827,"Rian Joshua Yones","2026-08-07 06:02:08",0.78468,6,rianjoshuayones
2137,16682658,"Brian Mwangi #3","2026-08-11 16:40:48",0.78468,2,blackseed
2138,16683489,"eric hanth","2026-08-07 08:52:14",0.78468,2,erichanth
2139,16683535,"Ivaylo Dionisov","2026-08-07 10:09:23",0.78468,2,idioniso
2140,16673229,Diimomom,"2026-08-12 18:05:07",0.78468,22,diimomom
2141,11650131,Miki_Nuummiu,"2026-08-08 14:01:21",0.78468,13,mikinuummiu
2142,16685713,"Guillem Brascó","2026-08-07 14:40:15",0.78468,1,wilikreack
2143,16676289,"Ritesh Ghadi 29","2026-08-12 17:55:55",0.78468,29,riteshghadi29
2144,16686105,"Aksel Aghajanyan","2026-08-07 15:43:43",0.78468,1,aksel588
2145,16686593,gustj5,"2026-08-07 17:38:42",0.78468,2,gustj5
2146,7136961,"Aaqib Mehrban","2026-08-07 23:17:50",0.78468,2,rajaaaqib775
2147,16673514,"nick yu-007","2026-08-08 03:42:55",0.78468,6,nickyu007
2148,16645319,mitsato,"2026-08-13 19:00:16",0.78468,4,mitsato
2149,16690646,"Anthony Xie11","2026-08-08 11:14:32",0.78468,1,anthonyxie11
2150,16691648,nnworks,"2026-08-08 15:30:26",0.78468,1,nnworks
2151,16692746,Leon_Eti,"2026-08-08 21:09:08",0.78468,3,leoneti
2152,16693665,janele07,"2026-08-09 04:47:21",0.78468,5,janele07
2153,16693978,"Charlotte Deng","2026-08-09 05:45:08",0.78468,1,crd928
2154,16680396,"Chakrabhuana V  Deva","2026-08-09 06:26:06",0.78468,8,chakrabhuanavdeva
2155,16694364,"Prudhvi Samraj Nakkanaboyina","2026-08-09 07:23:37",0.78468,1,prudhvisamran
2156,16695449,"Karam Khasawneh","2026-08-09 15:13:14",0.78468,4,karamkhasawneh
2157,16696477,Vaishnavi22052006,"2026-08-09 14:34:32",0.78468,3,vaishnavi22052006
2158,15365430,"Yassin abdallah","2026-08-09 14:43:05",0.78468,3,yassinabdallah
2159,16683912,"Lina Jagtap","2026-08-11 14:23:15",0.78468,19,linajagtap
2160,16699632,"SHIN HUIDONG","2026-08-10 07:37:58",0.78468,3,shinhuidong
2161,16683253,phoebeee,"2026-08-14 02:42:07",0.78468,4,xianmaolanti
2162,16676443,"Vaibhav Patil #4","2026-08-11 17:52:11",0.78468,18,vaibhavpatil13
2163,16700633,"Yuanxin Qin","2026-08-10 11:33:21",0.78468,3,yuanxinqin
2164,16701514,Pizzaaaaaaaaa,"2026-08-10 13:47:31",0.78468,1,pizzaaaaaaaaa
2165,16701714,"EVARIST JOSEPH EVARIST","2026-08-10 14:37:04",0.78468,2,evaristjosephevarist
2166,16702939,emiruzun7706,"2026-08-10 19:51:44",0.78468,2,emiruzun7706
2167,16703120,"Bhanu Karanwal","2026-08-10 20:40:28",0.78468,7,bhanukaranwal
2168,16704350,Orochimaru,"2026-08-10 23:10:17",0.78468,2,ishan8061
2169,16684454,Zerdfu,"2026-08-11 03:46:19",0.78468,6,zerdfu
2170,16705204,Azio,"2026-08-11 03:50:35",0.78468,10,xiongshijie
2171,16706232,YUXUCH,"2026-08-11 08:14:22",0.78468,3,yuxuch
2172,16706346,JonathanM0923,"2026-08-11 09:48:57",0.78468,7,jonathanm0923
2173,16681950,"Pruthviraj Bandal","2026-08-11 14:18:44",0.78468,5,rajbandal
2174,16654706,Nual,"2026-08-11 18:38:00",0.78468,6,houky1
2175,16708830,"Raaghav Raaj","2026-08-11 17:49:26",0.78468,6,raaghavraaj
2176,16709352,"Denizcan Boyraz","2026-08-11 20:29:36",0.78468,4,denizcanboyraz
2177,16709698,"Разрушитель Плотин","2026-08-11 23:43:29",0.78468,1,razrushitel
2178,16711277,"Pasan Diksura","2026-08-12 08:50:04",0.78468,6,diksura
2179,16712127,"forarok dud","2026-08-13 13:18:39",0.78468,14,forarokdud
2180,16712421,coredumpdev,"2026-08-12 12:42:28",0.78468,3,coredumpdev
2181,16713036,"Jesús Peñaranda","2026-08-12 15:47:53",0.78468,9,jesuspe
2182,16698962,hijikatalab(2026),"2026-08-13 10:06:40",0.78468,8,"wayuto,yamadashin"
2183,15801712,teddyoweh,"2026-08-12 19:06:02",0.78468,1,teddyoweh
2184,12274883,"Leozoroaster #2","2026-08-12 23:35:22",0.78468,1,zhoulu1
2185,16715268,"Camden Johnson","2026-08-13 03:10:17",0.78468,3,camdenjohnson2021
2186,16716548,YueranZhangHLJ,"2026-08-13 09:12:25",0.78468,3,yueranzhanghlj
2187,16716974,"Theophilus Marcus","2026-08-13 11:01:23",0.78468,3,theophilusmarcus
2188,16719107,"Gentral Gresham","2026-08-14 01:21:19",0.78468,4,gentralgresham
2189,16346485,"Fourmyle Of Ceres","2026-06-15 01:15:05",0.78229,3,fourmyleofceres
2190,16348003,starry-sky-155,"2026-06-15 02:45:53",0.78229,9,starrysky155
2191,16348901,金子武蔵,"2026-06-15 03:54:41",0.78229,6,kmkmkmzzz
2192,16283171,じゃっく,"2026-06-15 02:29:12",0.78229,10,jack3554
2193,16349131,もっさん,"2026-06-17 02:04:34",0.78229,3,motohashi04
2194,16090226,"ATHARVA NAIK","2026-08-12 03:29:28",0.78229,42,atharvanaik
2195,16077619,"Cecilia Cassandra","2026-06-15 11:24:23",0.78229,2,ceciliacassandra
2196,16351719,"Selvaprakash Ramalingam","2026-06-15 05:25:57",0.78229,2,selvaprakashrd
2197,16353640,"Harry nancy","2026-06-15 07:09:36",0.78229,1,harrynancy
2198,16255784,"zhanghao #4","2026-06-15 11:01:16",0.78229,4,mendymandy
2199,16129049,zhaojing2596,"2026-06-17 05:55:58",0.78229,6,zhaojing2596
2200,16119044,"xiao xinxin12","2026-06-21 10:56:59",0.78229,23,xiaoxinxin12
2201,16059846,"Aleksandar Visnjic","2026-06-15 12:16:14",0.78229,5,ljsafihleuifholadjsv
2202,16359206,"Jesper Roddik","2026-06-15 12:39:39",0.78229,1,jesperroddik
2203,16359469,"Haruto HANDA","2026-06-15 13:08:37",0.78229,2,harutohanda
2204,16361470,"Chukka ReddyAnusha","2026-06-26 16:33:17",0.78229,6,anushachukkaanusha
2205,16340805,carlospmartinez25,"2026-06-15 18:43:30",0.78229,10,carlospmartinez25
2206,16366759,amberyounusdev,"2026-06-15 17:46:24",0.78229,2,amberyounusdev
2207,16367757,"Ian Colon","2026-06-15 18:36:55",0.78229,1,iancolon
2208,16367976,XiaoHouZi03,"2026-06-15 19:58:35",0.78229,2,xiaohouzi03
2209,16367922,"Alex Lonsdale","2026-06-15 20:00:56",0.78229,5,alexlonsdale
2210,16273169,"Zhiting Liu","2026-06-16 01:04:14",0.78229,1,zzzl527
2211,16369187,"Ting Xu #2","2026-06-16 05:03:14",0.78229,2,tingxu02
2212,16369699,河本壮史,"2026-06-16 06:47:31",0.78229,6,takeshiiaster
2213,16190095,haruten,"2026-06-16 07:15:59",0.78229,1,haruten
2214,16327012,KYCXlyy,"2026-06-16 07:32:22",0.78229,1,kycxlyy
2215,16370674,KWONOCHANG,"2026-06-16 09:17:13",0.78229,6,kwonochang
2216,16091999,"SD #2","2026-06-18 05:24:04",0.78229,7,stefdec
2217,16357880,"On Kobayashi","2026-06-17 10:32:17",0.78229,10,onkobayashi
2218,16373728,"Naitik Pandey","2026-06-16 16:23:18",0.78229,4,naitikpy
2219,16356647,杨玄阳l专注中,"2026-06-16 16:38:16",0.78229,16,yangxuanyang
2220,16373772,"Kalla K.SUSHANTH KUMAR","2026-06-16 17:03:55",0.78229,2,sushanth12345678
2221,16375877,"Isabella Bravo","2026-06-17 00:24:14",0.78229,1,isabellabravoo
2222,16375033,"Chí Kiên Ngô","2026-06-23 10:54:19",0.78229,5,chkinng
2223,16376852,kimhyunji,"2026-06-17 03:24:31",0.78229,1,lacol6151
2224,16377000,"Betty Chu","2026-06-17 03:49:01",0.78229,3,bettychu
2225,16377057,o02541321,"2026-06-17 04:00:32",0.78229,2,o02541321
2226,16379352,"Joldasbaev Shaxrux","2026-06-17 08:21:56",0.78229,2,joldasbaevshaxrux
2227,16374385,"Estia Maliqari","2026-06-17 08:28:15",0.78229,5,estiamaliqari
2228,16380935,chorlin,"2026-06-17 12:10:26",0.78229,3,chorlin
2229,282718,VolodymyrDovganyk,"2026-06-18 10:01:26",0.78229,11,voldov
2230,16291774,"Jack Matos","2026-06-17 15:45:00",0.78229,2,jackmatos
2231,16382974,Lucas._.Chou436951020,"2026-06-17 15:46:24",0.78229,3,lucaschou436951020
2232,16383450,"Balkrishan Chamariya","2026-06-19 16:21:29",0.78229,2,balkrishanchamariya
2233,15561831,"Phakphoom Wongchaiya","2026-06-17 18:21:43",0.78229,1,phakphoomwongchaiya
2234,16384162,"Mohitveer Kahlon","2026-06-17 19:11:36",0.78229,1,momoneykahlon
2235,16385049,"Dylan Lucero","2026-06-18 00:02:41",0.78229,8,djlucero
2236,16385923,yyyeseulllllll,"2026-06-18 05:38:55",0.78229,2,yyyeseulllllll
2237,16385933,"dahyun #2","2026-06-18 05:50:16",0.78229,5,dahyun45
2238,16385926,yeonwj,"2026-06-18 05:37:58",0.78229,3,yeonwj
2239,16387448,"rizabek alpamys","2026-06-18 09:04:57",0.78229,10,rizabekalpamys
2240,16387691,"rizabek alpamys 2","2026-06-18 10:03:39",0.78229,10,rizabekalpamys2
2241,16388171,"Zinat A","2026-06-18 11:08:28",0.78229,10,zintabd
2242,16368188,"David Añón Salas","2026-06-19 15:50:44",0.78229,27,davidansalas
2243,16388848,"MOUSTAPHA DRAME","2026-06-18 12:58:05",0.78229,1,moustaphadrame99
2244,16389500,"Михаил Вихор","2026-06-18 14:44:20",0.78229,1,mixer9396
2245,16390023,alextg-data,"2026-06-18 16:38:48",0.78229,1,alextgdata
2246,12457978,Ocarima,"2026-06-18 19:34:48",0.78229,6,ocarima
2247,16391916,"morning ken","2026-06-19 00:53:44",0.78229,1,morningken
2248,16392212,lingnaer,"2026-07-14 22:54:01",0.78229,9,lingnaer
2249,16392696,"John Quiruz","2026-06-19 06:12:34",0.78229,8,johnquiruz
2250,16393378,"Raman Manohar Singh","2026-06-19 07:46:23",0.78229,1,ramanmanoharsingh
2251,16394586,"SUMIT 12880","2026-06-19 12:20:57",0.78229,1,sumit12880
2252,10572192,本望弘久,"2026-07-04 08:53:06",0.78229,22,hirohisahonmo
2253,16395416,"Letsema Joyce Lenao","2026-06-19 15:19:00",0.78229,1,letslen
2254,16385833,"Morgan Zhen","2026-06-19 15:51:03",0.78229,3,morganzhen
2255,12291798,"Thiago Silva #3","2026-06-19 17:41:56",0.78229,1,thiagoddsilva
2256,16396909,procrastin,"2026-06-19 22:21:45",0.78229,5,procrastin
2257,16333108,"valentino ray isabell","2026-07-26 12:16:15",0.78229,9,valentinorayisabell
2258,16397212,mossaab,"2026-06-21 22:45:56",0.78229,15,m0ssaab
2259,16392973,"Neon Bit","2026-06-26 17:30:22",0.78229,7,neonbit
2260,16400337,"Mariia Rapina","2026-06-23 18:54:15",0.78229,8,mariiarapina
2261,10085241,background404,"2026-07-03 07:04:16",0.78229,4,background404
2262,16400719,"Pablo Martin Palomino","2026-06-20 09:20:47",0.78229,4,pablomartinpalomino
2263,16394129,Mashruf,"2026-06-20 13:32:41",0.78229,6,mashruf
2264,15463269,"Arda Çiftçi","2026-06-20 13:20:04",0.78229,1,ardaciftci
2265,10529254,"Yashaswini Shivathaya","2026-06-20 13:28:46",0.78229,1,yashaswinishivathaya
2266,16326225,"Denis Orlov0609","2026-06-20 13:34:03",0.78229,1,denisorlov0609
2267,16401958,中村成汰,"2026-06-30 12:55:41",0.78229,16,rakkaei
2268,16402503,SeongBeomKO,"2026-06-20 13:56:47",0.78229,1,seongbeomko
2269,16318890,Ashish-Shukla,"2026-06-20 15:23:07",0.78229,1,shukla79
2270,16403068,caetano_matos,"2026-06-20 15:48:17",0.78229,2,caetanomatos
2271,16310660,kshintaro,"2026-06-20 17:08:35",0.78229,8,kshintaro
2272,16348882,Gazelle3,"2026-06-28 05:09:02",0.78229,19,gazelle3
2273,15284002,"Shravya Mogaveera","2026-06-21 06:01:11",0.78229,3,shravyamogaveera111
2274,16405884,"Aimal Khan","2026-06-21 10:33:22",0.78229,4,aimallkhan
2275,16407059,"Tahrim Janin","2026-06-21 10:52:48",0.78229,3,tahrimjanin
2276,16404318,"Boris Bezmenov","2026-06-21 12:28:13",0.78229,7,borisbezmenov
2277,16407769,Med,"2026-06-22 08:58:01",0.78229,9,medana
2278,16409767,"Youssef Zarzour","2026-06-21 17:34:08",0.78229,1,youssefzarzour
2279,16411689,"Alan Scheinbaum","2026-06-22 03:42:26",0.78229,1,alanscheinbaum
2280,16411352,seoooohg,"2026-06-22 06:59:12",0.78229,4,seoooohg
2281,16412409,CBYEmma,"2026-06-22 07:19:00",0.78229,3,cbyemma
2282,16412812,dlfksjflskdj,"2026-06-22 07:35:07",0.78229,1,ldskfjslkfjsd
2283,16392084,standupmin,"2026-06-22 08:16:02",0.78229,5,standupmin
2284,16413203,xiaohan2119,"2026-06-22 08:49:20",0.78229,1,xiaohan2119
2285,16399202,yewon0606,"2026-06-22 09:37:09",0.78229,5,yewon0606
2286,16414093,"Prasanth Lakkoji","2026-06-22 11:52:08",0.78229,1,prasanthlakkoji
2287,16413873,brltmxm,"2026-07-10 12:40:17",0.78229,13,brltmxm
2288,16409136,Lincanxi,"2026-06-22 15:08:25",0.78229,2,lincanxi
2289,16415243,QQlynf,"2026-06-22 15:13:09",0.78229,1,qqlynf
2290,16414797,"Ion Zota","2026-07-07 13:17:12",0.78229,9,ionzota
2291,16391074,"christian huang1","2026-06-23 12:09:58",0.78229,14,christianhuang1
2292,16416336,GAUTAM2001,"2026-06-22 18:09:41",0.78229,1,gautam2001
2293,16416789,"Mahin Mortuza","2026-06-22 20:29:11",0.78229,5,mahinmortuza
2294,14481711,"Mohammed arfan shafin","2026-06-22 23:12:56",0.78229,9,mohammedarfanshafin
2295,16154079,AdaDee,"2026-06-23 10:35:29",0.78229,6,adadee
2296,16412403,"Zooher Houssen","2026-06-23 06:53:52",0.78229,3,zooherhoussen
2297,1678212,robin_lm,"2026-06-23 07:40:31",0.78229,6,robin2018lm
2298,16099585,kazu-automation,"2026-06-23 09:17:15",0.78229,2,kazuautomation
2299,16420560,"eeshaan gupta","2026-07-03 06:40:07",0.78229,5,eeshaangupta
2300,13333457,RiRinbaru,"2026-06-23 12:16:52",0.78229,7,ririnbaru
2301,16421237,Xiaoyang3,"2026-06-23 13:44:21",0.78229,1,xiaoyang3
2302,16415784,"C Wing Yip","2026-06-23 16:05:38",0.78229,7,cwingyip
2303,16421888,arex_66,"2026-06-24 05:14:28",0.78229,2,arex66
2304,16423821,"Clare Wright","2026-06-25 21:43:09",0.78229,2,clareecewright
2305,16424597,"Kavya Sharma1","2026-06-24 01:54:32",0.78229,2,kavyasharma1
2306,16425644,YJ_C_CYJ,"2026-06-24 06:43:16",0.78229,1,yjccyj
2307,16425777,"Chaitanya #9","2026-06-24 07:21:10",0.78229,9,chaitanya5699
2308,16427554,"Gautham Dhinakar","2026-06-24 12:56:24",0.78229,1,gauthamdhinakar
2309,16428452,"Praveen Kumar #20","2026-06-24 15:41:24",0.78229,1,infinitepraveen
2310,16426855,zyysxy,"2026-06-24 16:27:11",0.78229,8,zyysxy
2311,16429309,"Abdalmonim Bakheet","2026-06-24 18:45:01",0.78229,1,abdalmonimbakheet
2312,16429504,"David Nou","2026-06-29 22:32:48",0.78229,2,davidnou
2313,16430807,"Logan Pairman","2026-06-25 05:09:38",0.78229,8,loganpsm
2314,16432054,前yuu,"2026-06-25 08:25:22",0.78229,1,yuu333
2315,16432120,"Najmul Alam","2026-06-25 09:22:42",0.78229,9,najmulalam193
2316,16432467,小泉壮真,"2026-06-25 10:51:53",0.78229,7,sk000256
2317,16432674,aadi_kaggle123,"2026-06-25 10:41:17",0.78229,2,aadikaggle123
2318,16433197,"WEI QIANQIAN","2026-06-26 07:00:02",0.78229,8,bystanderq
2319,14979828,"Joseph Ressler","2026-07-17 15:40:45",0.78229,31,josephressler
2320,16434726,"Olga Daczko","2026-06-25 18:34:16",0.78229,2,olgadaczko
2321,16432866,"Bibek Lama","2026-07-05 13:58:36",0.78229,4,bl0679947
2322,12679410,"Zack Ozaki","2026-06-26 05:37:30",0.78229,30,zackozaki
2323,16436083,vertexandnode,"2026-06-26 04:45:12",0.78229,2,vertexandnode
2324,16436242,"handsome SANG","2026-06-26 05:21:39",0.78229,1,handsomesang
2325,16432246,"E AirPho","2026-06-26 10:32:26",0.78229,16,eairpho
2326,16437184,JesenMO,"2026-06-26 09:15:31",0.78229,7,jesenmo
2327,16114177,"Avaan Rayamajhi","2026-06-26 19:36:52",0.78229,4,avaanrayamajhi
2328,16440381,"Adem Şimşek","2026-06-29 17:49:10",0.78229,14,ademimek
2329,16440930,Vsidha,"2026-06-27 02:15:57",0.78229,1,vsidha
2330,16441067,sarah951963,"2026-06-27 03:41:54",0.78229,10,sarah951963
2331,16441577,yuel,"2026-06-27 06:37:24",0.78229,1,yuelll9
2332,16443335,"Zachary Thornton","2026-06-27 14:33:26",0.78229,8,zacharythornton
2333,16443770,Basel@min,"2026-06-27 15:54:13",0.78229,1,baselmin
2334,16444243,"Sahib Aghakishiyev","2026-06-27 18:13:50",0.78229,1,sahibaghakishiyev
2335,16429431,"Serhat Türedi","2026-06-27 18:41:13",0.78229,2,serhattredi
2336,16445166,"Anay Duggal","2026-06-28 04:27:13",0.78229,1,anayduggal22
2337,16445557,"Muhammad Fahad Ahmad","2026-06-28 07:02:02",0.78229,1,muhammadfahadahmad
2338,16345747,"Rob Wright","2026-06-28 14:18:19",0.78229,1,robwright78
2339,16447618,Jumichar,"2026-06-28 16:46:21",0.78229,1,jumichar
2340,11232902,"Дмитрий Яшков","2026-06-28 17:44:33",0.78229,6,rendayse
2341,16440212,huangshengyya,"2026-06-28 18:36:33",0.78229,2,huangshengyya
2342,16429905,"Gabriel Hamrle","2026-06-28 21:49:37",0.78229,3,gabrielhamrle
2343,16429851,AlxGomes,"2026-06-30 13:13:46",0.78229,5,alxgomes
2344,16449060,"William Gilmore","2026-06-29 04:57:55",0.78229,2,williamvgilmore
2345,16409814,olHwHlo,"2026-06-29 05:05:26",0.78229,3,olhwhlo
2346,16449321,dannbond,"2026-06-29 05:42:37",0.78229,2,dannbond
2347,16421305,heizirui,"2026-06-29 08:33:56",0.78229,8,hzrbb224
2348,16450226,"Danish Erhan","2026-06-29 11:50:56",0.78229,4,danisherhan
2349,15215111,"Engin Kilic #2","2026-06-29 17:46:21",0.78229,10,enginkilic48
2350,16451491,qiaogun,"2026-06-29 14:42:50",0.78229,2,qiaogun
2351,16453323,"Kyle Nguyen #3","2026-06-29 19:27:46",0.78229,1,vikhangg
2352,16455441,PhongTapCode,"2026-06-30 03:47:54",0.78229,5,phongtapcode
2353,16455516,"Cora Gao","2026-06-30 03:02:09",0.78229,2,coragao
2354,16456429,1251434010,"2026-07-03 04:37:33",0.78229,18,mkazuaki
2355,16457026,Kosuke0902,"2026-06-30 06:24:38",0.78229,1,kosuke0902
2356,16132287,"Dron Rane","2026-07-16 11:49:06",0.78229,5,dronrane
2357,13957507,"Priyanka Salunkhe","2026-06-30 12:40:09",0.78229,2,salunkhepriyanka
2358,16440633,"David Sánchez","2026-06-30 20:58:38",0.78229,4,davidsgz
2359,16462789,Zee1205,"2026-07-13 07:20:13",0.78229,9,zee1205
2360,16458636,PratikMore45,"2026-07-01 03:01:13",0.78229,5,pratikm45
2361,16463854,G1251434013,"2026-07-02 03:46:59",0.78229,13,g1251434013
2362,16465161,Glacrassck,"2026-07-02 07:01:45",0.78229,10,glacrassck
2363,16465434,"Jaime M. Legaz","2026-07-01 11:17:13",0.78229,2,jaimemartinezlegaz
2364,16466292,Claudesewitz,"2026-07-01 13:03:40",0.78229,5,claudesewitz
2365,16452733,"Alpa Kamani","2026-07-01 15:11:50",0.78229,22,alpakamani
2366,16468125,"Aryaman Singhal (2013)","2026-07-01 16:16:07",0.78229,1,aryamansinghal2013
2367,16470783,"João Max Germano Lima","2026-07-02 17:10:13",0.78229,3,joomaxgermanolima
2368,15399192,"Ishan Mishra","2026-07-02 06:38:08",0.78229,3,ishanmishra
2369,16472331,"gayatri rajguru","2026-07-02 08:42:47",0.78229,2,gayatrirajguru
2370,16472970,"Maks Vasin","2026-07-02 09:24:31",0.78229,1,maksvasin
2371,16472296,"Khongor kikai k21","2026-07-15 03:35:18",0.78229,11,khongorkikaik21
2372,16473575,zhouzzzzzzy,"2026-07-02 12:10:46",0.78229,4,zhouzzzzzzy
2373,16473906,buildwitharyaman,"2026-07-02 12:48:41",0.78229,1,buildwitharyaman
2374,16474514,xhy12321,"2026-07-02 14:56:41",0.78229,1,xhy12321
2375,16475174,mmcuda,"2026-07-02 17:30:07",0.78229,1,mmcuda
2376,16477973,lindonglian39,"2026-07-03 00:57:22",0.78229,1,lindonglian39
2377,16478554,yichenchai123,"2026-07-03 02:17:32",0.78229,1,yichenchai123
2378,16455518,Janice2874,"2026-07-13 04:29:07",0.78229,7,janice2874
2379,16472295,G1251433302,"2026-07-03 03:13:44",0.78229,9,g1251433302
2380,16479550,kmgandhhm,"2026-07-04 08:06:28",0.78229,13,kmgandhhm
2381,16480358,BEIZHI,"2026-07-03 07:00:20",0.78229,2,beizhiwkmckad
2382,16480320,getrain,"2026-07-05 06:45:26",0.78229,9,getrain
2383,16480776,"Vihaan Parekh","2026-07-03 08:50:45",0.78229,5,vihaanparekh
2384,16480978,"Éric Duhamel","2026-07-03 09:47:30",0.78229,2,ricduhamel
2385,16481131,pcy1234566,"2026-07-03 09:34:28",0.78229,1,pcy1234566
2386,16480826,"Tian hao Qing Nano7ko","2026-07-03 12:12:31",0.78229,3,tianhaoqingnano7ko
2387,14747529,Maani87,"2026-07-03 12:45:59",0.78229,1,maani87
2388,16482575,"Antonio Natale","2026-07-15 10:36:54",0.78229,3,antonionatale10
2389,16482733,Wenky,"2026-07-03 16:59:42",0.78229,2,wenky55
2390,16470725,"Raghav Bandreddi","2026-07-03 22:30:24",0.78229,2,raghavbandreddi
2391,16471563,brunosilva10,"2026-07-04 01:17:19",0.78229,13,brunosilva10
2392,16479602,Waffles_185,"2026-07-04 04:35:24",0.78229,4,waffles185
2393,15944154,wcy20060711,"2026-07-04 06:14:01",0.78229,6,wcy20060711
2394,16484839,Mimo,"2026-07-06 06:16:58",0.78229,6,stan1eyyyhuang
2395,16485252,asdfg123211,"2026-07-04 09:16:25",0.78229,6,asdfg123211
2396,15140034,hkaito,"2026-07-05 15:22:54",0.78229,20,hkaito
2397,15432478,Sinfonietta,"2026-07-05 11:13:40",0.78229,8,sinfonietta
2398,16485665,"Inimfon Udomisor","2026-07-04 11:11:14",0.78229,1,inimfonudomisor
2399,14110528,photon_xxx,"2026-07-04 12:00:29",0.78229,3,photonxxx
2400,16446856,"Deepak Lamba","2026-07-05 11:31:48",0.78229,20,lambadeepak15
2401,16485918,Guangzialpha,"2026-07-04 12:14:46",0.78229,1,guangzialpha
2402,16486747,sanyuyi,"2026-07-04 16:08:41",0.78229,1,sanyuyi
2403,16475655,"Tasnim Taz","2026-07-04 16:50:07",0.78229,3,tasnimtaz
2404,16081550,"Anjou Makino","2026-07-09 14:11:23",0.78229,8,anjou0618
2405,16488229,afuleka,"2026-07-08 21:52:49",0.78229,16,afuleka
2406,14831621,ryu277,"2026-07-05 09:25:14",0.78229,3,ryu277
2407,16489450,abjott,"2026-07-05 10:06:01",0.78229,4,abjott
2408,16487738,"Lukas Vavlic","2026-07-05 20:10:31",0.78229,4,lukasvavlic
2409,16490551,"Albert Noroyan","2026-07-05 14:51:56",0.78229,2,albertnoroyan
2410,16490573,"Koki Ito #2","2026-07-05 15:10:03",0.78229,3,kokiiiiii
2411,16491114,SawyerWD,"2026-07-05 17:02:24",0.78229,3,sawyerwd
2412,16491475,Pratham00008,"2026-07-05 18:53:40",0.78229,1,pratham00008
2413,16491537,"Ayush Singh #16","2026-07-05 19:43:00",0.78229,4,ayushsinghiitd77
2414,16492460,"Barakat Ahmad","2026-07-06 02:42:03",0.78229,1,barakatahmadd
2415,16492541,"Huy Nguyen #9","2026-07-06 03:47:24",0.78229,6,huynguyen1213
2416,16492510,ism4il-b,"2026-07-06 03:18:37",0.78229,2,ism4ilb
2417,16492587,"Teddy Chen","2026-07-06 04:52:04",0.78229,3,kokated
2418,16488551,fchendaily,"2026-07-06 04:57:08",0.78229,2,fchendaily
2419,16474020,Damiih,"2026-07-06 05:50:42",0.78229,9,damiih
2420,16492823,"Matthew Valdez21212","2026-07-06 06:02:53",0.78229,2,matthewvaldez21212
2421,16429185,Hardik_guptaa,"2026-07-06 08:14:56",0.78229,13,hardikguptaa
2422,15930097,"Daniel Cherkasskiy Saini","2026-07-06 12:15:49",0.78229,3,danielcsaini
2423,16495266,satossy,"2026-07-06 15:37:31",0.78229,4,satossy
2424,16495775,toorutle,"2026-07-06 15:58:18",0.78229,3,toorutle
2425,16496368,"Deepika Nuthalapati","2026-07-06 17:25:40",0.78229,1,deepika258
2426,16496680,varefalcons,"2026-07-06 18:30:57",0.78229,1,varefalcons
2427,16461965,"Laurence Dale","2026-07-30 07:30:05",0.78229,6,laurencedale
2428,16497140,"Ahsan Atif","2026-07-06 21:19:07",0.78229,1,ahsanatif
2429,16497737,Zebra0919345246,"2026-07-07 05:56:29",0.78229,3,zebra0919345246
2430,16239032,Mahiro001,"2026-07-07 09:06:47",0.78229,3,mahiro001
2431,16500020,"Bharat Kumar | IIT Jodhpur","2026-07-07 09:48:16",0.78229,3,bhrt21
2432,16500388,Atishay_19,"2026-07-07 12:22:56",0.78229,4,atishay19
2433,16501197,"Hoa Nguyễn #2","2026-07-07 15:14:34",0.78229,9,hoanguyn112
2434,16501715,"Vladimir Odintsov","2026-07-07 17:46:16",0.78229,8,vladimirodintsov
2435,16501870,"JIVRAJ SINGH","2026-07-07 18:44:18",0.78229,1,jivrajsingh
2436,15698426,"Daniel Munyiri","2026-07-07 19:55:00",0.78229,7,danielmunyiri
2437,16504316,tamima13,"2026-07-07 20:32:46",0.78229,1,tamima13
2438,16504340,"Nur Farhan ","2026-07-07 21:13:10",0.78229,2,nurfarhanbubun49
2439,16504410,"Aamer Javed","2026-07-07 21:38:23",0.78229,5,aamerjavedmce
2440,16504796,"Guillaume Rostaing","2026-07-20 23:10:40",0.78229,6,guillaumerstg
2441,16494567,"Kurtis Jackson Smith","2026-07-08 01:01:01",0.78229,5,kurtisjsmith
2442,16485104,"Xuan Jiang","2026-07-08 02:25:41",0.78229,4,jadest
2443,16505388,yeonoeyj,"2026-07-08 02:33:21",0.78229,2,yeonoeyj
2444,16506467,"Muhammad Ibrahim #3","2026-07-08 07:43:43",0.78229,9,mibrahim094131
2445,16431226,"Muhammad Awais Tariq","2026-07-08 08:25:16",0.78229,5,muhammadawaistariq87
2446,16337911,sprawls,"2026-07-08 09:10:06",0.78229,14,sprawls
2447,16507524,xdcfgvbhj,"2026-07-08 10:59:23",0.78229,10,xdcfgvbhj
2448,16507563,"Vijay Bhupathiraju ","2026-07-08 10:17:44",0.78229,2,vijaybhupathiraju
2449,16509113,"Ankita sharma","2026-07-08 17:03:16",0.78229,2,anki1101
2450,16512446,"nakhin polthai","2026-07-09 11:39:30",0.78229,1,nakhinpolthai
2451,16512868,"Chettupelly Dhiren7","2026-07-09 13:44:26",0.78229,3,chettupellydhiren7
2452,16512881,quick404,"2026-07-09 14:57:51",0.78229,3,quick404
2453,16512770,"Tamashii Arsya","2026-07-09 15:15:13",0.78229,3,tamashiiarsya
2454,13728979,"Андрей Богданов","2026-07-09 18:42:56",0.78229,11,dronyy
2455,16514672,samirmehta14,"2026-07-10 01:35:31",0.78229,2,samirmehta14
2456,16512951,"Mohammad Mahdi Arefi","2026-08-05 14:57:56",0.78229,7,mohammadmahdiarefi
2457,16515371,Lith5z,"2026-07-10 08:31:17",0.78229,2,huangyingxuan
2458,16517069,chamber_pot,"2026-07-15 11:40:49",0.78229,5,chamberpot
2459,16259669,"Roman Penzov","2026-07-10 18:17:54",0.78229,11,romanpenzov
2460,16517560,oliviusdm,"2026-07-10 20:21:22",0.78229,5,oliviusdm
2461,16512178,"Aliza Waseen","2026-07-11 12:15:11",0.78229,5,alizawaseen
2462,12987088,whalopico,"2026-07-11 14:08:59",0.78229,18,whalopico
2463,16530946,"Madhu Sath","2026-07-11 05:47:09",0.78229,2,madhusath
2464,16531187,"Ayesha Abdussamy","2026-07-11 07:20:07",0.78229,2,ayeshaabdussamy
2465,16511537,"Mengxuan Zhang","2026-07-11 08:47:26",0.78229,6,mengxuanzhang06
2466,16531884,杉浦翔真,"2026-07-11 11:31:06",0.78229,4,shoma20
2467,16532017,"Egor Trufanov","2026-07-11 11:46:44",0.78229,4,egortrufanovai777
2468,16532187,"Luis Fernando de Medinilla Rojas","2026-07-11 12:33:52",0.78229,2,luisdemedinilla
2469,16532643,lreaner,"2026-07-11 15:00:32",0.78229,1,lreaner
2470,15091071,datswhaaan,"2026-07-11 15:54:23",0.78229,5,datswhaaan
2471,16533192,Aryan413,"2026-07-11 19:21:53",0.78229,5,aryan413
2472,16533268,"Marcos Silveira #3","2026-07-13 13:44:56",0.78229,10,msilve
2473,16517662,"Denys Maherovskyi","2026-07-11 20:01:28",0.78229,4,denysmaherovskyi
2474,16531587,"Kenji Mikawa","2026-07-12 00:04:36",0.78229,4,kenjimikawa2
2475,16512735,モンパレ太郎,"2026-07-12 05:28:37",0.78229,8,monpare
2476,16533936,"Cassiano Silva","2026-07-13 02:12:32",0.78229,13,cassianosilva
2477,16534428,"Mike Yu #2","2026-07-12 07:55:31",0.78229,1,nnnnnnnike
2478,16516397,"Dmitry German","2026-07-12 07:55:35",0.78229,17,dmitrygerman
2479,13450381,森下友優,"2026-07-12 09:35:37",0.78229,2,morisii
2480,16299826,"Mika Takahashi","2026-07-13 06:34:20",0.78229,14,mktkhs
2481,16517119,"Sabikun Nahar Jessie","2026-07-12 17:36:46",0.78229,4,sabikunnaharjessie
2482,16491835,"Hamed #2","2026-07-13 07:26:24",0.78229,29,hamedsedky
2483,16537457,"jinda hu","2026-07-17 01:44:54",0.78229,11,jindahu
2484,16538110,"Gyuho Han","2026-07-13 08:18:19",0.78229,3,gyuhohan03
2485,16539788,vanaaaaaa,"2026-07-13 14:40:03",0.78229,1,vanaaaaaa
2486,16536630,Erik_karls,"2026-07-13 15:56:19",0.78229,5,erikkarls
2487,16540034,"Othmane Bichara","2026-07-13 16:11:16",0.78229,2,othmanebichara
2488,16540684,"Renato Argachoff Viana","2026-07-18 01:13:01",0.78229,5,renatoargachoffviana
2489,732217,nbhk,"2026-07-13 22:30:29",0.78229,3,msmnbhk
2490,16541621,_KadeApricot,"2026-07-15 16:07:24",0.78229,20,kadeapricot
2491,16542269,hetttr,"2026-07-14 05:35:36",0.78229,1,hetttr
2492,16542487,JP_008,"2026-07-14 08:01:48",0.78229,5,jpaliasjothiprakash
2493,16542740,hantinghan,"2026-07-15 04:01:58",0.78229,18,hantinghan
2494,16542658,TouGou,"2026-07-14 09:22:28",0.78229,10,tougou123456
2495,16507902,RivkaWork,"2026-07-14 10:53:49",0.78229,33,rivkawork
2496,16543565,"Danna Brasdefer","2026-07-27 12:43:55",0.78229,21,dannabrasdefer
2497,16543698,"Kundan Kudoz","2026-07-14 11:11:47",0.78229,1,kundankudoz
2498,16543966,chengcheng22,"2026-07-14 14:04:58",0.78229,10,chengcheng22
2499,4286303,lan1mel,"2026-07-14 13:57:14",0.78229,7,lan1mel
2500,16542613,山竹不吃皮,"2026-07-14 14:12:11",0.78229,8,chengcheng777
2501,16496761,"Raji Ridwanullah","2026-07-14 15:43:42",0.78229,8,rajiridwanullah
2502,16548991,"Surya velu. Co","2026-07-15 08:11:29",0.78229,7,suryavelu9344014829
2503,16549551,"lee ganyu","2026-07-15 07:25:38",0.78229,1,leeganyu
2504,16382189,"suraj veerubhotla","2026-07-16 05:44:05",0.78229,20,surajveerubhotla
2505,16550904,Loadfs,"2026-07-17 11:16:05",0.78229,8,loadfs
2506,16551349,SanjanaMora,"2026-07-15 17:18:07",0.78229,4,sanjanamora
2507,13940643,Christopher0192,"2026-07-16 14:57:15",0.78229,7,christopher0192
2508,16552518,"Dannie Strubhar","2026-07-15 23:15:36",0.78229,7,strubhar
2509,16554166,"Anh Từ Lê Tuấn","2026-07-16 08:26:42",0.78229,1,anhtltun
2510,16554581,Carota,"2026-07-16 10:31:29",0.78229,3,carota
2511,16554670,"Arpit Jain #5","2026-07-18 02:46:23",0.78229,13,arpitjain789
2512,16536626,"Роман #2","2026-07-16 19:47:29",0.78229,2,romanneromanov
2513,16556693,"karim mashaly","2026-07-16 19:51:04",0.78229,1,karimmashaly
2514,16538064,yawwpa,"2026-07-18 00:40:12",0.78229,10,yawwpa
2515,13799495,"Enygson Silva","2026-07-16 23:50:31",0.78229,11,enygson
2516,16538658,jhfnbie,"2026-07-19 09:57:53",0.78229,23,jhfnbie
2517,16515501,Alex.Jin,"2026-07-24 05:54:24",0.78229,23,alexez8
2518,16553894,Belinda111,"2026-07-17 05:56:53",0.78229,14,belinda111
2519,16557366,"veda yezek","2026-07-17 08:19:27",0.78229,2,vedayezek
2520,16543464,BKGDar,"2026-07-17 08:46:53",0.78229,5,bkgdar
2521,16554338,"Prathmesh Lagdive","2026-07-17 11:49:46",0.78229,9,prathmeshlagdive
2522,16559384,Neptunium,"2026-07-17 14:37:04",0.78229,9,albertliu1
2523,10888004,"Christopher Hom","2026-07-17 19:51:46",0.78229,4,christopherhom
2524,16556021,"Eliane A da Silva","2026-07-18 01:02:24",0.78229,8,elianeadasilva
2525,16561721,"[Deleted] 6765ce93-d7cc-48c5-b1aa-63de64760ef6","2026-07-18 03:02:02",0.78229,4,del=73141028bf28e2b1
2526,16562150,"Ashyrkat Yerzhan","2026-07-18 05:41:30",0.78229,5,ashyrkatyerzhan
2527,16561676,"Jonny Zuu","2026-07-18 05:34:45",0.78229,2,jonnyzuu
2528,16563008,"Amishi Agrawal","2026-07-18 06:18:17",0.78229,1,amishiagrawal71
2529,16564579,べすちゃん,"2026-07-18 10:08:54",0.78229,1,beth0624
2530,16565688,query,"2026-07-18 14:21:18",0.78229,3,queryyyy
2531,16565765,kokmip,"2026-07-18 14:46:51",0.78229,4,kokmip
2532,16545020,"Devi Charan Teja Siriki","2026-07-18 18:08:52",0.78229,3,devicharantejasiriki
2533,16566352,"zeul vulpe zeul vulpe","2026-07-18 18:43:48",0.78229,1,zeulvulpezeulvulpe
2534,16566401,"Zyad Eid","2026-07-18 19:14:22",0.78229,1,zyadeid
2535,16566744,Isaac_preciado,"2026-07-18 22:23:39",0.78229,1,isaacpreciado
2536,16444725,"Enzo Garello","2026-07-19 04:41:29",0.78229,6,enzogarello
2537,16565582,Calerore,"2026-07-19 13:15:02",0.78229,3,calerore
2538,16560524,"Gonzague COURTET","2026-07-19 12:16:15",0.78229,5,gonzaguecourtet
2539,16570881,"Ricardo Salomão","2026-07-19 20:42:37",0.78229,3,ricardosalomo
2540,14499193,"Rafael Saraiva Campos","2026-07-19 16:51:34",0.78229,4,rafaelsaraivacampos
2541,16539097,"Berk Altın","2026-08-05 08:09:47",0.78229,33,berkaltn
2542,16571918,"Kamila Pantoja","2026-07-19 19:09:17",0.78229,1,kamilapantoja
2543,16571926,"Hassan Alhumaidi","2026-07-19 23:18:46",0.78229,10,hassanalhumaidi
2544,16572846,"Ryusuke Oku","2026-07-24 15:25:50",0.78229,7,ryusukeoku
2545,16570628,"Flavien Hue","2026-07-20 07:08:52",0.78229,4,flavienhue1
2546,16573950,"Kusal Amarasinghe","2026-07-26 10:42:44",0.78229,3,kusalamarasinghe
2547,16573769,svchikat,"2026-07-20 08:08:33",0.78229,8,shriyachikati
2548,16575284,"D002 - Krish Prajapati","2026-07-20 12:57:00",0.78229,4,d002krishprajapati
2549,16575711,Alami33,"2026-07-20 14:56:57",0.78229,1,alami33
2550,16576958,Khalidqwsmh,"2026-07-20 20:46:27",0.78229,5,khalidqwsmh
2551,16547921,"Augusto Gesualdo","2026-07-22 00:52:01",0.78229,16,augustogesualdo
2552,16578259,"Muammal A. Fadhil","2026-07-21 03:23:09",0.78229,3,castial
2553,16579463,"Sagar Devkota","2026-07-24 06:58:00",0.78229,7,sagardevkota55
2554,16579891,Xiana661,"2026-07-21 10:16:32",0.78229,5,xiana661
2555,16580502,doublebua,"2026-07-21 12:52:44",0.78229,2,doublebua
2556,16581633,"DAVID MEILLEUR AAT","2026-07-21 14:22:43",0.78229,1,davidmeilleuraat
2557,16583150,"Scott Tran #2","2026-07-21 20:29:18",0.78229,3,teetuu
2558,16581137,"Somil Pandagre","2026-07-22 10:21:22",0.78229,14,somilpandagre
2559,16586605,"Matheus Noliv","2026-07-22 16:22:12",0.78229,2,matheusnoliv
2560,16586768," [PHOENIX raza]","2026-07-22 16:52:23",0.78229,1,phoenixraza
2561,16582815,"Maigon Nacib Pontuschka","2026-07-22 21:36:58",0.78229,4,maigonp
2562,16587368,"Kenaj Washington","2026-07-23 00:59:18",0.78229,7,kenajwashington
2563,16583575,"Alex Tatarinov","2026-07-27 02:53:52",0.78229,35,alextatarinoff
2564,16588219,"louis liu","2026-07-23 07:21:44",0.78229,8,louisliu061533
2565,16588946,"Tran Quoc Huy","2026-07-23 14:59:13",0.78229,2,kodomotachi
2566,16589415,"Merve Çavaş","2026-07-24 07:43:38",0.78229,2,merveava
2567,16590780,"Ansh Gupta #3","2026-07-27 16:43:02",0.78229,2,anshzion96
2568,16583024,"Aleksandar Ninkovic","2026-07-27 06:51:16",0.78229,22,aleksandarninkovic
2569,16593240,EvgeniyPikolenko,"2026-07-24 10:40:39",0.78229,3,evgeniypikolenko
2570,16593359,user14891491,"2026-07-28 12:54:33",0.78229,4,user14891491
2571,16593350,"Zaid Saigal","2026-07-24 11:24:36",0.78229,2,zaidsaigal
2572,16593707,TinaaaaaaaaLee,"2026-07-24 13:22:53",0.78229,3,tinaaaaaaaalee
2573,11630567,"Roberto Zanaboni","2026-07-24 13:55:50",0.78229,2,robertozanaboni
2574,16594094,sajithkspillai,"2026-07-24 14:36:14",0.78229,1,sajithkspillai
2575,16594306,"Clark Gao","2026-07-24 15:54:05",0.78229,2,clarkgaorr
2576,16594272,3pty,"2026-07-24 15:49:20",0.78229,10,tripomi
2577,16596599,liujieyou,"2026-07-25 02:39:42",0.78229,1,liujieyou
2578,16574423,"Sunrui Wang","2026-07-25 07:30:35",0.78229,2,sunruiwang
2579,16597717,"Ziyang Luo","2026-07-25 09:10:24",0.78229,4,luoziyang1
2580,16599846,NazarP,"2026-07-25 23:11:11",0.78229,5,nazarp
2581,16601236,KeHuanYu,"2026-07-26 09:13:41",0.78229,3,kehuanyu666
2582,15368497,"Antonello Izzo","2026-07-28 07:55:54",0.78229,9,antonelloizzo
2583,16602313,"Ekué Martial","2026-07-26 17:27:32",0.78229,10,ekumartial
2584,16602607,xiaohongbin,"2026-07-26 16:50:33",0.78229,1,xiaohongbin
2585,16535695,"chen pin xian","2026-07-31 14:13:35",0.78229,6,chenpinxian
2586,16283783,"Jonok Sharma","2026-07-26 18:55:00",0.78229,9,jonoksharma
2587,16603278,"Aliou Yaya Sagna","2026-07-26 23:41:14",0.78229,5,aliouyayasagna
2588,16575649,mournfulbenn,"2026-07-27 05:25:40",0.78229,2,mournfulbenn
2589,16604635,sswwwrdrybesw3,"2026-07-27 08:18:47",0.78229,2,sswwwrdrybesw3
2590,16604642,"ngrave 1","2026-07-27 17:57:39",0.78229,10,ngrave1
2591,16604369,genius.y,"2026-07-27 08:20:11",0.78229,3,geniusy
2592,16604771,LiZhangR,"2026-07-29 06:30:49",0.78229,5,lizhangr
2593,16604871,masteraizi,"2026-07-27 09:25:57",0.78229,2,masteraizi
2594,16605075,Zarien,"2026-07-27 12:13:02",0.78229,3,zarien
2595,16605479,"Alireza Zandishad","2026-07-27 11:44:19",0.78229,2,alirezazandishad
2596,16605527,ReydGenF1re,"2026-07-27 12:03:43",0.78229,1,reydgenf1re
2597,16604854,"Lee dean","2026-07-27 12:50:59",0.78229,9,leedean
2598,11169412,"Thomas Wolter","2026-07-28 07:26:37",0.78229,4,thomaswolter
2599,16606486,"Muhammad Nebukhadnezar Manthoufani","2026-07-27 16:49:40",0.78229,1,nebukhadnezar234
2600,16585878,mrdog233o5,"2026-07-27 17:32:27",0.78229,12,mrdog233o5
2601,16606595,"Arda Mert Dedeoglu","2026-07-27 17:49:40",0.78229,2,ardamertdedeoglu
2602,16512274,"David Breathnach","2026-07-27 20:19:52",0.78229,4,davidbreathnach
2603,16603698,"KEN ZHOU","2026-07-28 06:13:38",0.78229,2,kenzhou2026
2604,16608417,"Youtubo Tech","2026-07-28 07:50:09",0.78229,3,youtubotech
2605,16608893,jiazaizhong123,"2026-07-28 08:58:52",0.78229,1,jiazaizhong123
2606,16450278,donkedo,"2026-07-28 10:56:56",0.78229,10,donkedo
2607,16609296,GoofyGenius,"2026-07-28 12:02:08",0.78229,10,goofygenius
2608,11000503,"Sipo Shaw","2026-07-29 12:10:01",0.78229,4,siposhaw
2609,16611584,"Jeuk Park","2026-07-29 02:57:52",0.78229,6,cosipi
2610,16612288,"omom #2","2026-07-29 06:57:17",0.78229,5,zxyxenia
2611,16607670,ThunderzDoorn,"2026-07-29 06:57:53",0.78229,5,thunderzdoorn
2612,16609441,"Abhinav Karan_07","2026-07-29 10:04:27",0.78229,2,abhinavkaran07
2613,16613650,"Hoai Nam","2026-07-29 13:29:11",0.78229,2,hoainam2911
2614,16614425,"Harshil Joshi","2026-07-29 17:21:31",0.78229,5,builtbyharshil
2615,16602907,"Kateryna Popovskaya","2026-07-30 12:00:33",0.78229,15,katerynapopovskaya
2616,16612606,"Liang Lu 123","2026-07-31 03:12:06",0.78229,22,lianglu123
2617,16616852,FlameZywoo,"2026-07-30 04:01:46",0.78229,3,zgdllt
2618,16617581,"Bdll zheng","2026-07-30 09:20:26",0.78229,3,bdllzheng
2619,16618172,zhw0923,"2026-07-30 08:50:36",0.78229,1,zhw0923
2620,16619134,"Artem Harley","2026-07-30 12:21:03",0.78229,2,artemharley
2621,16620154,leo1220,"2026-07-30 14:51:26",0.78229,2,leo1220
2622,16620574,zZukii,"2026-07-30 15:35:53",0.78229,2,zzukii
2623,16620596,"Idrisse Moundhir","2026-07-30 15:36:46",0.78229,1,idrissemoundhir
2624,16607055,"Mason Chu","2026-08-03 13:01:32",0.78229,22,masonchu
2625,16609247,"ws dss1294","2026-08-02 05:37:34",0.78229,27,wsdss1294
2626,16624211,Fivingone,"2026-07-31 05:29:49",0.78229,5,fivingone
2627,16632075,月落wwww,"2026-07-31 14:13:29",0.78229,2,wwwwwbw
2628,16632912,"Nicolai Johannesen 73","2026-08-01 22:12:28",0.78229,6,nicolaijohannesen73
2629,16633368,"Jose Paitamala","2026-08-02 15:28:01",0.78229,7,josepaitamala
2630,16633666,Raccoon2,"2026-07-31 23:46:33",0.78229,1,raccoon2
2631,16601548,"Luke Smith #3","2026-08-02 02:32:02",0.78229,7,lukesmith44
2632,16634706,"Ayman Elami","2026-08-01 07:01:00",0.78229,5,aymanelami
2633,16625548,ocean240812,"2026-08-01 08:36:14",0.78229,11,ocean240812
2634,16635129,"Cloudesley Yun","2026-08-01 09:02:53",0.78229,4,cloudesleyyun
2635,16635611,"Drew Wang","2026-08-01 10:25:15",0.78229,1,drowsy20
2636,16636130,"dsf ssf sf","2026-08-01 13:12:34",0.78229,4,dsfssfsf
2637,10425450,昇弘1318,"2026-08-01 16:15:02",0.78229,3,"hannywang,icehong,kirzed47,wertyu123"
2638,16640635,Jameswebb007,"2026-08-02 08:15:53",0.78229,2,jameswebb007
2639,15521449,zyymol,"2026-08-04 11:44:43",0.78229,5,zyymol
2640,16632511,Adhelard,"2026-08-02 17:02:59",0.78229,10,adhelard
2641,16590413,"ABHIRUP DAS","2026-08-04 20:44:12",0.78229,30,abhirupdas10
2642,16644904,"Gabriela Ferreira Alves2007","2026-08-03 02:10:40",0.78229,2,gabrielaunifap
2643,16645425,SashaCurry,"2026-08-04 04:34:25",0.78229,14,sashacurry
2644,16645952,"Basabdutta Konar ","2026-08-03 05:43:34",0.78229,3,basabduttakonar
2645,16650962,Anz8311,"2026-08-03 08:23:18",0.78229,1,anz8311
2646,16630386,"Andrew Hughes #2","2026-08-13 01:25:36",0.78229,10,andrewhughes88
2647,16609913,JonasRando,"2026-08-03 11:30:24",0.78229,7,jonasrando
2648,16652569,"Gede Bhayu Adhipramana","2026-08-03 12:13:50",0.78229,1,gedebhayuadhipramana
2649,16652759,"Ильяс Биктимиров","2026-08-05 17:10:39",0.78229,19,hdhdjdbdghdy78d
2650,16640714,"Abhay Rao","2026-08-04 12:59:49",0.78229,8,abhayrao24
2651,16638756,Invernessy,"2026-08-09 19:51:33",0.78229,9,inverness
2652,16655581,"Doruk çağan","2026-08-04 01:07:56",0.78229,1,dorukaan
2653,16655672,"Bui Ngoc Son","2026-08-04 01:37:07",0.78229,1,buingocson
2654,16652178,seanliwenguan,"2026-08-04 05:59:43",0.78229,4,seanliwenguan
2655,16656037,Chansoon,"2026-08-04 03:38:38",0.78229,5,chansoon
2656,16656387,"Haraguchi Maho","2026-08-04 04:07:57",0.78229,1,haraguchimaho
2657,6985017,"Vivekanand #2","2026-08-04 06:43:22",0.78229,8,vickysen
2658,16658385,yxforever666,"2026-08-04 08:08:05",0.78229,2,yxforever666
2659,16658810,ngudatttt,"2026-08-04 09:01:22",0.78229,10,ngudatttt
2660,16659580,panqicheng,"2026-08-04 11:05:24",0.78229,3,panqicheng
2661,16659949,Ryuzaki2325,"2026-08-06 18:49:03",0.78229,17,ryuzaki2325
2662,16661200,xuanxuan496,"2026-08-05 06:57:56",0.78229,8,xuanxuan496
2663,16659200,sunmeragain,"2026-08-04 14:01:45",0.78229,2,sunmeragain
2664,16661363,WatashiTachibana,"2026-08-04 14:06:18",0.78229,1,watashitachibana
2665,16662806,"Erandi Tharushika","2026-08-04 18:07:43",0.78229,2,eranditharushika
2666,16662951,chamomillord,"2026-08-04 18:43:12",0.78229,2,chamomillord
2667,16663695,Bergod,"2026-08-04 22:20:32",0.78229,3,bergod
2668,16655158,"Tina Chu","2026-08-09 00:52:05",0.78229,8,tinac444
2669,16555717,"Chiedozie E","2026-08-05 16:33:04",0.78229,10,chiedoziee
2670,14189067,"Abdullah Mohammad Mahin","2026-08-05 14:57:23",0.78229,12,mahinpg
2671,16651791,jawhnyts,"2026-08-05 14:12:28",0.78229,3,jawhnyts
2672,16666061,"Aniruddha Tripathi","2026-08-06 15:03:58",0.78229,4,anirudhtripathii
2673,16668849,"Minh #10","2026-08-05 16:34:01",0.78229,10,minhnv07
2674,16669847,"Arif #4","2026-08-05 20:31:53",0.78229,3,arif85
2675,16670201,"Ricky Bobby 544","2026-08-05 20:35:43",0.78229,2,rickybobby544
2676,16674957,"hey hei","2026-08-07 06:24:10",0.78229,4,heyhei
2677,16676434,"Dnyandeep Bodake","2026-08-13 10:57:36",0.78229,10,dnyandeepbodake
2678,16679374,"José Veraldo (José Neto)","2026-08-06 21:33:12",0.78229,2,josveraldojosneto
2679,16574458,"Gabriel Gonçalves #2","2026-08-06 22:14:59",0.78229,4,gabrielmatheusg
2680,16679830,IliaGeorg,"2026-08-11 13:35:03",0.78229,3,iliageorg
2681,16664284,"Mizuki Kogure","2026-08-07 01:47:08",0.78229,21,mizukikogure
2682,16667262,"Youssouf Diare","2026-08-07 02:36:21",0.78229,7,youssoufdiare
2683,16672334,joonhome,"2026-08-07 03:47:51",0.78229,16,joonhome
2684,16680986,yeonjjang,"2026-08-07 03:26:33",0.78229,4,yeonjjang
2685,16680177,kwonhee0153,"2026-08-07 03:33:24",0.78229,10,kwonhee0153
2686,16672361,yumiinn,"2026-08-07 05:32:49",0.78229,20,yumiinn
2687,15358628,AyanshJain7,"2026-08-07 07:26:29",0.78229,1,ayanshjain7
2688,16676148,"Labh Khatke","2026-08-09 15:29:33",0.78229,29,labhkhatke
2689,16686262,"maha alosaimi2000","2026-08-07 16:04:00",0.78229,1,mahaalosaimi2000
2690,16685208,"Justin Yapp","2026-08-08 03:25:21",0.78229,15,justinyapp
2691,16689479,"Yawen Tao","2026-08-08 07:59:45",0.78229,2,yawentao
2692,15526732,Materwan,"2026-08-08 16:04:44",0.78229,6,materwan
2693,16690342,"Aditya Sharma #16","2026-08-08 17:08:09",0.78229,3,spark06
2694,16690913,lililihui,"2026-08-08 12:23:29",0.78229,1,lililihui
2695,16674738,fgdgfdgf,"2026-08-11 07:24:17",0.78229,17,fgdgfdgf
2696,14379189,Rensie,"2026-08-10 18:15:16",0.78229,2,rensenwxre
2697,16693479,egg1le,"2026-08-10 01:05:53",0.78229,4,egg1le
2698,16693844,"Tony Chiao","2026-08-09 05:12:23",0.78229,1,tonychiao
2699,16693992,nugelten,"2026-08-09 06:37:42",0.78229,4,nugelten
2700,16694410,bell6849,"2026-08-09 07:45:28",0.78229,2,bell6849
2701,16694804,"Muh Farzana","2026-08-09 09:03:15",0.78229,1,muhfarzana
2702,16695066,"Hoàng Nguyễn #3","2026-08-09 09:50:14",0.78229,1,dyzhwag
2703,16696642,"MOHAMMED ALI #2","2026-08-09 15:02:46",0.78229,1,mohammedalmahsere
2704,16697001,"Rizqy Fadhil Athallah","2026-08-09 17:18:54",0.78229,5,rizqyfadhilathallah
2705,16697766,Nithya_Swaminathan_777,"2026-08-09 19:48:57",0.78229,3,nithyaswaminathan777
2706,16644373,"Matthew Gilvear","2026-08-09 20:46:49",0.78229,2,matthewgilvear
2707,16698207,"Ali Asghar Jafari Lari","2026-08-10 00:21:42",0.78229,1,aliasgharjafarilari
2708,16698212,"Koutilya Kommineni","2026-08-10 00:44:19",0.78229,5,koutilyakommineni
2709,16698273,"xie haoning1233","2026-08-10 02:53:38",0.78229,3,xiehaoning1233
2710,15485621,"Vladimir Shkliaev","2026-08-10 17:52:34",0.78229,19,riminis
2711,15922059,"Alex Zdorovennov","2026-08-10 09:51:13",0.78229,10,alexzdorovennov
2712,16651556,"keiv keiv","2026-08-10 12:27:35",0.78229,6,keivkeiv
2713,16701757,"Miqayel Shirinyan","2026-08-10 14:49:10",0.78229,3,miqayelshirinyan
2714,16696695,"fanchen zhang","2026-08-10 16:14:50",0.78229,20,fanchenzhang
2715,16702979,Sybery_AI,"2026-08-10 22:12:31",0.78229,10,syberyai
2716,16705023,COMMANDER_ERwin,"2026-08-11 01:52:43",0.78229,1,commandererwin
2717,16706404,"NAVEED ANWER KHAN","2026-08-11 08:10:31",0.78229,1,naveedanwerkhan
2718,16702484,The_Lokj,"2026-08-11 08:50:33",0.78229,2,thelokj
2719,16683866,"Rutuja kisan shitole","2026-08-13 13:29:39",0.78229,17,rutujakisanshitole
2720,16706973,"Krzysztof Janicki","2026-08-11 11:54:20",0.78229,2,krzysztofjanicki
2721,16707610,"Artsiom Sulvinskij","2026-08-11 12:48:48",0.78229,1,artsiomsulvinskij
2722,16707651,xxXSheePXxx,"2026-08-11 14:10:19",0.78229,3,xxxsheepxxx
2723,16707757,"Loïc FERON","2026-08-11 13:38:27",0.78229,4,ciooll
2724,16669510,"birappa Dafale","2026-08-12 17:37:12",0.78229,15,birappadafale
2725,16707940,"agustin antimi","2026-08-11 14:30:59",0.78229,2,agustinantimi
2726,16709248,"Madiha Zaeem Dar","2026-08-11 19:35:27",0.78229,2,madihazaeemdar
2727,16697069,"Luís Manuel Reis","2026-08-11 23:13:58",0.78229,8,lusmanuelreis
2728,16710442,"Vishal  Prajapati","2026-08-12 05:17:49",0.78229,1,vishalprajapati0796
2729,16704797,"Karimah Alrashidi","2026-08-12 06:12:21",0.78229,10,karimahalrashidi
2730,16699758,pipitian1234,"2026-08-12 07:17:08",0.78229,3,pipitian1234
2731,16675221,aniket2754,"2026-08-12 11:54:40",0.78229,14,aniket2754
2732,16714347,"Mithatcan Bursalı","2026-08-12 20:27:25",0.78229,1,mithatcanbursali
2733,16715246,ftk,"2026-08-13 01:50:52",0.78229,1,zurman
2734,16715493,"Марта марта","2026-08-13 04:40:34",0.78229,2,cxyzmjjkk
2735,16716790,paryaan,"2026-08-13 09:40:43",0.78229,1,paryaan
2736,16716404,Sealgua,"2026-08-13 09:50:27",0.78229,2,sealgua
2737,16714305,S0leja,"2026-08-13 11:21:37",0.78229,3,s0leja
2738,16717249,"kazbat idriss","2026-08-13 12:07:20",0.78229,2,kazbatidriss
2739,16717396,"Amanda Wu SF","2026-08-13 12:49:12",0.78229,1,amandawusf
2740,16713428,msg2arc,"2026-08-13 18:53:43",0.78229,4,msg2arc
2741,16717513,"Gulay Muradli","2026-08-13 13:29:19",0.78229,1,gulaymuradli
2742,16717543,"Taimoor Ahmad","2026-08-13 17:01:41",0.78229,8,taimoorahmad06
2743,3877221,"Ayoub #2","2026-08-13 14:43:52",0.78229,1,ayoubabozer
2744,16718002,"Robbie McNair #2","2026-08-13 17:32:44",0.78229,8,rob22bie
2745,16718441,animeshkumar@22,"2026-08-13 18:06:38",0.78229,4,animeshkumar22
2746,16718950,"KNaga KZ","2026-08-13 21:22:25",0.78229,3,knagakz
2747,16350815,"Kyle Dyer","2026-06-16 01:27:54",0.77990,6,kyledyer
2748,16351654,"Vesper Zhao","2026-06-15 05:41:11",0.77990,3,vesperzhao
2749,16265749,"akrt 315","2026-07-24 08:24:25",0.77990,16,akrt315
2750,16298059,UmMDoGssS,"2026-06-15 08:40:23",0.77990,3,ummdogsss
2751,7111770,"henry #5","2026-07-14 02:37:31",0.77990,4,hongyuanfang
2752,16266084,橋本雅央,"2026-06-15 09:45:08",0.77990,1,hashimotomasa
2753,16361859,"Swarlok Samadder","2026-06-15 14:51:04",0.77990,4,swarlok
2754,16344255," Nanda Kumar ","2026-06-15 15:44:51",0.77990,2,evadaithenakenti
2755,15873588,"Prasanna Shakya","2026-06-24 16:36:44",0.77990,9,djskeleton
2756,16367708,SHANK_AR_YAL,"2026-06-15 18:35:16",0.77990,7,shankaryal
2757,16367810,"Jenn Bis","2026-06-15 19:25:44",0.77990,6,jennbis
2758,16329811,"Pranav Harinath","2026-06-15 19:59:26",0.77990,9,pranharinath
2759,16368136,"Leo Li #4","2026-06-15 22:16:43",0.77990,2,leooleoo
2760,16369269,Fi#johak,"2026-06-16 05:14:17",0.77990,1,fijohak
2761,16370386,yangqi33123,"2026-06-16 07:43:38",0.77990,1,yangqi33123
2762,16370718,kwjdtlr9190,"2026-06-16 08:42:40",0.77990,1,kwjdtlr9190
2763,16331605,iLovePunPun,"2026-06-16 09:02:53",0.77990,2,ilovepunpun
2764,16252314,"licl #2","2026-06-16 09:31:29",0.77990,2,zyxs123
2765,16371236,"YOYO Zhou","2026-06-18 02:23:26",0.77990,3,yoyozhou233
2766,16371451,orkunsefik,"2026-06-16 12:07:51",0.77990,3,orkunsefik
2767,14887511,"madariola oluwaseyi","2026-06-16 12:52:28",0.77990,9,madariolaoluwaseyi
2768,16372060,GZY4REAL,"2026-06-16 13:27:28",0.77990,2,gzy4real
2769,16372897,"Duy Robert","2026-06-16 15:15:25",0.77990,7,duyrobert
2770,12290159,"Pushpang Patel","2026-06-24 17:01:54",0.77990,5,pushpangpatel
2771,12928264,goodpjw2008,"2026-06-18 00:14:37",0.77990,8,goodpjw2008
2772,16376164,amh7705,"2026-06-17 01:30:37",0.77990,1,andrewhhhhhh
2773,16359705,"Oleksandr Sysak","2026-06-22 12:35:27",0.77990,17,oleksandrsysak
2774,16381456,YOYOYO2026,"2026-06-17 12:40:48",0.77990,1,yoyoyo2026
2775,16370722,"Asanali Sansyzbaev","2026-06-17 12:57:38",0.77990,3,asanalisansyzbaev
2776,16382107,"Rich #9","2026-06-17 13:46:24",0.77990,1,parkofadown
2777,16383974,"Mithun Kumar #3","2026-06-17 18:31:30",0.77990,2,mithunkumarjagan01
2778,16243255,"Iver H Thorsberg","2026-06-17 18:49:09",0.77990,3,iverhthorsberg
2779,16384976,haruaisa2004,"2026-06-22 07:19:48",0.77990,3,haruaisa2004
2780,16385929,"Minah Kim #3","2026-06-18 05:38:37",0.77990,2,minah7kim
2781,16385931,"bok SOng","2026-06-18 05:38:42",0.77990,3,boksong
2782,16373880,"Hưng Quốc","2026-06-19 04:18:28",0.77990,11,hungquoc1717
2783,16380154,greyrat7144,"2026-06-18 08:31:09",0.77990,5,greyrat7144
2784,16386858,"nhr kjm","2026-06-18 06:52:15",0.77990,1,nhrkjm
2785,16380219,"Sarvesh Devalekar","2026-06-18 07:00:43",0.77990,5,sarveshdevalekar
2786,16387474,"Hugo Vanhuyse","2026-06-18 14:04:58",0.77990,7,hugovanhuyse
2787,16387957,Zeinulla,"2026-06-18 11:04:01",0.77990,2,zeinulla
2788,16389494,"Ritesh Singh #3","2026-06-18 14:50:10",0.77990,2,riteshdeoria2005
2789,16383269,"Timur K.","2026-06-18 14:52:08",0.77990,4,therobbu
2790,11822571,"Brian McClain #2","2026-08-05 20:44:19",0.77990,10,brianmmcclain
2791,16391184,"Vand Aro","2026-06-18 20:55:48",0.77990,1,vandaro
2792,16391547,Mannulop10,"2026-06-20 23:19:36",0.77990,21,mannulop10
2793,16391771,jehan080125,"2026-07-11 07:25:59",0.77990,6,jehan080125
2794,16392282,"Caio Costa #2","2026-06-19 03:24:54",0.77990,3,caioreigot
2795,16392393,"Levi Perry","2026-06-19 04:17:19",0.77990,4,leviathan27
2796,16392395,cryptal30,"2026-06-19 04:01:01",0.77990,3,cryptal30
2797,16392163,Jenyow,"2026-06-26 09:55:42",0.77990,6,jenyow
2798,16393566,"Darren Ching","2026-06-19 09:03:09",0.77990,4,dashch00
2799,16394482,"Fatemeh Rezaei","2026-06-19 11:52:40",0.77990,1,shirinrezaeii
2800,16395435,"Elaine_e chang","2026-06-19 15:44:45",0.77990,2,elaineechang
2801,16396226,"Sumit Dey 666","2026-06-19 18:47:28",0.77990,1,sumitdey666
2802,16399808,missss,"2026-06-20 07:04:28",0.77990,1,missssb
2803,16387212,"Shubham Lad","2026-06-20 08:18:48",0.77990,9,imshubhamlad
2804,16401405,SkyCpu,"2026-06-20 10:46:31",0.77990,1,skycpu
2805,16405129,"Ahmed Abbas #3","2026-06-21 02:41:25",0.77990,1,ahmedabbas81
2806,13093827,"Agastya valambatla","2026-06-21 03:22:01",0.77990,4,agastyavalambatla
2807,16390077,"momo momo","2026-06-21 05:10:50",0.77990,2,momobaa
2808,16405857,會寫程式的羊,"2026-06-21 06:25:55",0.77990,3,smallsheepjoseph
2809,16406863,"NAOKI OSAKO","2026-06-21 09:42:52",0.77990,1,naokiosako70
2810,2019181,"Vladimir Luchinskiy","2026-06-21 13:25:28",0.77990,8,uclh09
2811,14214802,LongPham,"2026-06-21 13:18:47",0.77990,1,ramennsama
2812,14087902,"Jeba John Thomas Zumbro","2026-06-21 15:54:49",0.77990,3,jebajohnthomaszumbro
2813,16409897,"Sushil Sahoo","2026-06-21 17:51:34",0.77990,1,sushilsahoo987
2814,16409683,"Ксения Цай","2026-06-21 18:14:23",0.77990,3,kseniyaust
2815,16410516,Alekh.sinha09,"2026-06-21 20:25:37",0.77990,2,alekhsinha09
2816,3401517,"Gianni Acquisto","2026-06-22 00:05:40",0.77990,12,tinygianni
2817,16411349,GigyeongMun,"2026-06-22 07:43:01",0.77990,7,gigyeongmun
2818,16411345,"16번 김민준(ᄆ)","2026-06-22 06:50:35",0.77990,4,perichoresis
2819,16412515,hwangraekim,"2026-06-22 07:06:30",0.77990,3,hwangraekim
2820,16411354,dyddn,"2026-06-22 08:23:05",0.77990,7,dyddn0
2821,16407681,"Youssif Mounir","2026-06-22 08:35:52",0.77990,6,youssifmounir
2822,16413669,"Ahd Ehab","2026-06-22 10:17:53",0.77990,1,ahdehab
2823,16311492,"Koltik Shash","2026-06-22 11:09:11",0.77990,1,koltikshash
2824,16413819,"[Deleted] 07b223e3-c9c6-4ac9-8e19-d98c336cadb2","2026-06-22 11:41:25",0.77990,10,del=8d09102f3d2448d3
2825,16011447,tak_hogefuga,"2026-06-22 11:43:34",0.77990,1,takhogefuga
2826,16414481,QShuiOwO,"2026-06-22 12:59:37",0.77990,1,qshuiowo
2827,16413993,"[Deleted] f638667c-9997-4fc6-9e70-8781952ecd8f","2026-06-22 15:32:22",0.77990,4,del=5f3a299f2f35aa77
2828,16415137,Zhongos,"2026-06-22 15:57:48",0.77990,10,zhongos
2829,16416466,"Arnav Koganti","2026-06-23 01:21:23",0.77990,9,arnavkoganti
2830,16418930,"Haris Butt","2026-07-17 07:18:17",0.77990,9,harisbutt126
2831,16406116,"Tom ZY","2026-06-23 07:01:50",0.77990,9,longlonguniquename
2832,16419087,nikitapandeyy,"2026-06-23 09:15:09",0.77990,3,nikitapandeyy
2833,16419215,"Sinh David","2026-06-23 07:30:21",0.77990,1,sinhdavid
2834,16419545,Yeezyzy1,"2026-06-23 12:13:00",0.77990,3,yeezyzy1
2835,16419562,"Jerick Lee","2026-06-23 08:53:12",0.77990,3,jerickdlee
2836,16420211,"Yacov Svetlitski","2026-06-23 10:29:59",0.77990,1,jacobsvetlitski
2837,16420547,"Lv Jialong","2026-06-23 11:18:36",0.77990,2,lvjialong123
2838,16420906,neuroforge1anishk,"2026-06-23 13:39:10",0.77990,5,neuroforge1anishk
2839,16087881,"Cassidie Plourde","2026-06-23 13:29:24",0.77990,1,cassidieplourde
2840,16421349,TalhaAnsari056,"2026-06-23 14:12:13",0.77990,4,talhaansari056
2841,16421606,Himmziwr,"2026-06-23 14:51:38",0.77990,1,himmziwr
2842,14341095,"Nick DiRe","2026-06-29 14:16:36",0.77990,9,nickdire
2843,16141456,李晶晶ovo,"2026-06-23 16:31:24",0.77990,4,sunnyovo
2844,16422385,"Shlok Gupta #2","2026-06-23 17:25:17",0.77990,1,shlokgupta1408
2845,16422426,Quaaas,"2026-06-23 19:08:25",0.77990,10,quaaas
2846,16382893,nh,"2026-06-27 09:50:00",0.77990,22,letplay
2847,16423965,"Fallon Green","2026-06-23 21:01:18",0.77990,1,fallongreen
2848,16424610,"Ma JinLei_endless","2026-06-24 01:43:46",0.77990,2,majinleiendless
2849,15937073,"Dong Hanyuan","2026-06-24 07:20:14",0.77990,7,donghanyuan
2850,16426877,rinnri0921,"2026-08-05 14:29:37",0.77990,11,rinnri0921
2851,16427502,"Annamalai R","2026-06-24 12:44:21",0.77990,1,annamalair014
2852,16428446,EkaterinaS99,"2026-06-24 15:39:34",0.77990,1,ekaterinas99
2853,16428842,"Jonathan I Montolalu","2026-06-24 17:18:39",0.77990,3,jonathanimontolalu
2854,16424785,RicardoColli,"2026-06-25 02:28:22",0.77990,19,ricardocolli
2855,16430756,"YUBO XING","2026-06-25 03:33:34",0.77990,1,yuboxing
2856,16427208,"Anaswara AP","2026-06-25 03:38:05",0.77990,2,anaswaraap
2857,16135160,"Maksim Kazłoŭ","2026-06-25 06:34:17",0.77990,14,maksimkazo
2858,16431406,Pai314_grothen57,"2026-06-25 13:17:56",0.77990,6,pai314grothen57
2859,16390037,"Michael Jordan #2","2026-06-25 08:01:23",0.77990,2,m1chaeljordan
2860,16348826,SC16+2220385240why,"2026-06-25 09:23:44",0.77990,5,sc162220385240why
2861,16432700,"Chau Chi Kin","2026-06-25 10:48:42",0.77990,1,chauchikin
2862,16432730,"Sathyanarayanan Kuppusami","2026-07-03 13:58:57",0.77990,21,rkrsathya
2863,16433192,"G Ram Prasad Achary","2026-06-30 09:00:51",0.77990,4,gramprasadachary
2864,16433420,ivoidz,"2026-06-25 13:45:10",0.77990,2,ivoidz
2865,15599625,"Patrick Altermatt","2026-06-25 19:20:21",0.77990,15,patrickaltermatt
2866,16437230,lycica,"2026-06-26 09:06:22",0.77990,1,lycica
2867,16437459,"Ma Wai Ki","2026-06-26 09:41:00",0.77990,1,mawaiki
2868,16437515,"Petr Partsei","2026-06-26 10:19:18",0.77990,4,petrpartsei
2869,16438566,"Hoi Yau","2026-06-26 14:52:13",0.77990,2,hoiyau
2870,16438484,ryujs38054,"2026-06-26 14:04:06",0.77990,2,ryujs38054
2871,16026122,"Geoff Patterson","2026-06-26 14:44:17",0.77990,2,geoffpatterson1
2872,16427838,"Veeresh Kattimani","2026-06-26 16:27:50",0.77990,2,veereshkattimani
2873,16440059,imkongxu,"2026-06-26 18:53:16",0.77990,1,imkongxu
2874,16420356,riever,"2026-06-26 22:21:10",0.77990,30,riever
2875,16440535,"Kena Bhatt","2026-06-26 22:12:38",0.77990,6,kenabhatt
2876,15786977,"Kübra Parmak","2026-06-26 22:10:43",0.77990,1,kbraparmak
2877,15195784,"Sophie Mass","2026-06-27 01:30:18",0.77990,10,sophiemass
2878,16133071,"Whim Shultz","2026-06-27 01:10:38",0.77990,6,whimshultz
2879,16140256,"Mayank Arupula","2026-06-27 03:33:51",0.77990,10,mayankarupula
2880,15874478,"Muhammad Aamir #3","2026-08-14 02:44:18",0.77990,31,aamir28
2881,16441113,"Fares Pasuni","2026-07-08 23:46:18",0.77990,10,farespasuni
2882,16441757,wangchingchuen,"2026-06-27 07:27:28",0.77990,4,wangchingchuen
2883,16441827,JieqiTian,"2026-06-27 07:43:26",0.77990,1,jieqitian
2884,16442711,"kai shiyuan","2026-06-27 10:46:57",0.77990,1,kaishiyuan
2885,16340531,"toppo #2","2026-06-27 13:07:29",0.77990,3,toppocky
2886,16443623,"Ryoya Kochiyma","2026-06-28 08:03:12",0.77990,2,ryoyakochiyma
2887,16438401,kollll228,"2026-06-27 16:57:26",0.77990,7,kollll228
2888,16444642,"Francisco De la Torre Juárez","2026-06-27 21:17:45",0.77990,1,franciscotorre
2889,16446901,SilverNova_135,"2026-06-28 15:40:46",0.77990,4,silvernova135
2890,16443546,"Aleksandar Ganchev","2026-06-28 16:29:08",0.77990,12,aleksandarg
2891,16445155,"Weiwei Xie","2026-06-28 22:58:50",0.77990,5,weiweixie2026
2892,16448267,Oolon76,"2026-06-28 20:45:41",0.77990,1,oolon76
2893,1982478,algosenses,"2026-06-29 12:38:00",0.77990,2,algosenses
2894,16448227,marukome1996,"2026-06-29 00:03:03",0.77990,4,marukome1996
2895,16448697,nblanke,"2026-06-29 02:04:51",0.77990,3,nblanke
2896,16448740,duyongqi,"2026-06-29 02:08:33",0.77990,1,duyongqi
2897,16449026,"Arun kumar Nallamothu","2026-06-29 03:48:28",0.77990,1,arunkumarnallamothu
2898,16449390,NitishVarma99,"2026-06-29 05:47:24",0.77990,1,nitishvarma99
2899,16450047,"Abdullah #17","2026-06-29 12:32:41",0.77990,2,abdullah01ds
2900,16451369,YahyaSn,"2026-06-29 13:26:43",0.77990,3,yahyasn
2901,16454211,"Taoufic Touré","2026-06-29 23:00:39",0.77990,4,taoufictoure
2902,16265657,likaisu1116,"2026-06-30 00:50:26",0.77990,2,likaisu1116
2903,16455121,"Gina Mancuso2816 ","2026-06-30 02:07:05",0.77990,3,ginamancuso2816
2904,16455099,GVossRob,"2026-06-30 02:36:54",0.77990,3,gvossrob
2905,16456956,Bhuvncodes,"2026-06-30 06:28:46",0.77990,3,bhuvncodes
2906,16457956,"Théodène Foulon","2026-06-30 08:18:19",0.77990,1,thodnefoulon
2907,16458146,"Mischiko Moe","2026-06-30 08:55:50",0.77990,5,mischikomoe
2908,16440912,Tohru.M,"2026-06-30 10:04:23",0.77990,5,tohrum
2909,2511122,satonobu,"2026-06-30 11:59:58",0.77990,1,satonobu
2910,16459479,"Jay zhao","2026-07-03 03:50:54",0.77990,15,jayzhaooo
2911,16459889,Tia,"2026-06-30 13:51:10",0.77990,2,nimasristiyar
2912,16459802,"Andy Pritchard","2026-06-30 13:59:43",0.77990,6,andypritchard
2913,16461365,"Paul Pollesch","2026-06-30 18:20:35",0.77990,2,paulpollesch
2914,15241997,heresanurag,"2026-07-20 20:10:40",0.77990,4,heresanurag
2915,16035641,marginal888,"2026-06-30 22:32:02",0.77990,1,roreternity
2916,16464865,"Teslim Adisa","2026-07-01 09:15:24",0.77990,1,teslimadisa
2917,16459975,GuoZiXu,"2026-07-02 07:17:12",0.77990,12,guozixu
2918,16465318,Rakesh000074,"2026-07-01 10:41:08",0.77990,1,rakesh000074
2919,16465326,"Anushka ","2026-07-03 07:36:18",0.77990,4,anushka0003
2920,16464411,ドグラ星人,"2026-08-13 16:45:01",0.77990,5,shugokai
2921,16466686,星辰zqk201,"2026-07-01 13:58:56",0.77990,1,zqk201
2922,16467709,Aditya_Is_Alive,"2026-07-01 15:40:57",0.77990,4,adityaisalive
2923,16468665,"Taksheel Subudhi","2026-07-01 18:49:25",0.77990,5,taksheelsubudhi
2924,16469011,"Sri Sai Sakethram Reddy Seelam","2026-07-01 19:32:23",0.77990,2,sakethramreddyseelam
2925,16469071,"Chirag Joshi #2","2026-07-14 13:39:12",0.77990,9,chiragjoshii
2926,16471100,symmys,"2026-07-02 02:25:32",0.77990,2,toasthink
2927,16471760,jjjjjho,"2026-07-02 05:04:40",0.77990,2,jjjjjho
2928,16450322,toi_mprg,"2026-07-03 04:54:44",0.77990,6,toimprg
2929,16434386,flazec098,"2026-07-02 07:29:14",0.77990,2,flazec098
2930,16472305,RuiOhara0217,"2026-07-02 08:48:11",0.77990,4,ruiohara0217
2931,16472795,r_2gis,"2026-07-02 08:50:00",0.77990,1,ratmir2gis
2932,16465721,Fracouies,"2026-07-02 13:53:21",0.77990,14,fracouies
2933,16473137,明前奶绿,"2026-07-03 02:06:40",0.77990,3,milkygreen
2934,16474414,NatNat79,"2026-07-06 12:51:25",0.77990,7,syntaxerrorattracter
2935,16474523,Xuzeling47,"2026-07-03 00:54:49",0.77990,2,xuzeling47
2936,1723584,evilpsycho42,"2026-07-03 03:25:53",0.77990,13,evilpsycho42
2937,16479516,"Junhan Ma","2026-07-03 02:55:56",0.77990,1,cherryshhh
2938,16479526,hongchenke,"2026-07-05 02:23:00",0.77990,25,"hongchenke,microsovo,padder"
2939,16479680,YangShangZhe7,"2026-07-03 03:54:19",0.77990,2,yangshangzhe7
2940,16474798,"Mahiro Nakayama","2026-07-03 06:28:37",0.77990,4,mahironakayama
2941,16479541,Konghe-ssnw,"2026-07-03 07:09:51",0.77990,9,konghessnw
2942,16480268,nanren666,"2026-07-03 07:17:43",0.77990,6,nanren666
2943,16480399,hudawen,"2026-07-03 07:24:11",0.77990,5,hudawen
2944,16480504,山田泰輔,"2026-08-05 13:46:04",0.77990,2,taiyamn
2945,16473111,"Pluto Lee","2026-07-03 11:17:17",0.77990,16,plutolee
2946,16481561,"k240724 Sherjeel Ahmed","2026-07-03 11:36:44",0.77990,1,k240724sherjeelahmed
2947,16481898,hazeleqy,"2026-07-03 15:08:32",0.77990,8,hazeleqy
2948,16481151,"Gourang kardam","2026-07-03 14:20:56",0.77990,1,gourangkardam
2949,15244720,ilkersulun,"2026-07-08 12:09:50",0.77990,25,ilkersulun
2950,16482312,"Nguyễn Đức Long","2026-07-03 15:09:51",0.77990,6,eden7323
2951,16482667,Sublanl,"2026-07-04 06:40:07",0.77990,17,sublanl
2952,14056928,KL00KL,"2026-07-03 19:06:27",0.77990,1,kl00kl
2953,15744125,IPSITA_BASAK,"2026-07-04 07:38:39",0.77990,7,ipsitabasak
2954,16484954,"Benny Yao","2026-07-04 07:31:32",0.77990,1,bennyyao
2955,16484967,N1NG11,"2026-07-04 07:47:24",0.77990,2,n1ng11
2956,16485815,"[Deleted] bcd89be9-f43a-4e60-b1da-dcce55b4da2e","2026-07-04 11:52:10",0.77990,1,del=2bf45cf0aa2f91ff
2957,16485828,Poupinou,"2026-07-04 12:26:24",0.77990,6,poupinou
2958,15253249,Wieczor,"2026-07-05 15:07:38",0.77990,6,wieczor
2959,16486268,"Samuel Kendie","2026-07-04 14:41:55",0.77990,4,samuelkendie
2960,16486540,"Razin Ikmal Annis","2026-07-04 15:09:35",0.77990,1,razinikmalannis
2961,16480363,dsjgcuy,"2026-07-04 15:38:44",0.77990,11,dsjgcuy
2962,16486899,yewuque,"2026-07-04 16:55:00",0.77990,1,yewuque
2963,16481962,Barbtho,"2026-07-05 05:45:06",0.77990,4,barbtho
2964,16487231,SESHee,"2026-07-04 18:51:46",0.77990,1,seshee
2965,16487402,kristnla,"2026-07-04 19:57:04",0.77990,5,kristnla
2966,16450746,compilerror,"2026-07-05 04:01:07",0.77990,2,compilerror
2967,1970771,matan26,"2026-07-09 02:57:51",0.77990,2,matan26
2968,16482517,"Ajitesh Sharma","2026-07-05 07:10:01",0.77990,2,ajitesh2007
2969,16488744,堂林嵩矢,"2026-07-14 09:21:38",0.77990,6,dowtaka
2970,16489696,"Maria Arusu","2026-07-05 11:02:51",0.77990,1,mariaarusu
2971,16490018,DomLees,"2026-07-05 13:18:58",0.77990,2,domlees
2972,15465738,"Mateusz Jakubowski","2026-07-05 20:47:52",0.77990,7,matthewjakubowski
2973,16459128,neckpuck,"2026-08-01 18:24:25",0.77990,12,neckpuck
2974,16491879,"neil grigg","2026-07-05 22:20:38",0.77990,1,ngrigg
2975,16491940,jokerdf,"2026-07-06 00:35:48",0.77990,3,jokds2
2976,16490001,"MoMo MokoMoko","2026-07-06 01:29:17",0.77990,16,momomokomoko
2977,16474538,CHANGwange1234567,"2026-07-13 14:35:05",0.77990,10,changwange1234567
2978,16493708,"Vaibhav Rastogi #2","2026-07-07 07:32:22",0.77990,3,vaibhavrastogi07
2979,16494177,"xu jf shoumaker","2026-07-06 10:37:25",0.77990,6,xujfshoumaker
2980,15157701,"Sadit 12","2026-07-07 11:21:51",0.77990,14,sadit12
2981,16495182,"Nikhil Rawat #2","2026-07-06 13:30:39",0.77990,1,nikhilrawat2k3
2982,16494372,lhyong,"2026-07-06 14:51:16",0.77990,6,lhyong
2983,16495473,"Ojaswi Gautam","2026-07-07 17:37:49",0.77990,3,ojaswigautam
2984,16495553,YXZhang03,"2026-07-06 14:44:54",0.77990,1,yxzhang03
2985,16496257,"Aizhan Kenzhebayeva","2026-07-06 17:02:19",0.77990,1,aizhankenzhebayeva
2986,16496427,"tri Âu","2026-07-06 17:39:18",0.77990,1,triauhcmut
2987,16496765,"Adam Wu #2","2026-07-07 06:07:59",0.77990,2,mr5arashi
2988,16497783,"Dria Tran","2026-07-07 02:31:52",0.77990,1,driatran
2989,16497845,WEIKANGLIM123,"2026-07-07 04:02:23",0.77990,4,weikanglim123
2990,16490810,"Aditya Joshi #9","2026-07-07 07:57:00",0.77990,12,smootoperator
2991,16499419,"TSURUOKA TAKUMA","2026-07-07 07:40:10",0.77990,2,tsuruokatakuma
2992,16499830,"MUHAMMAD AYYAN DANISH","2026-07-07 08:45:40",0.77990,6,muhammadayyandanish
2993,16500036,"YAMILE DEL AGUILA","2026-07-08 09:20:36",0.77990,20,yamiledelaguila
2994,16500150,"Cheryl Mahira","2026-07-07 10:06:15",0.77990,1,cherylmahira
2995,13119240,kiprella,"2026-07-08 08:07:48",0.77990,12,kiprella
2996,16500398,"Fortuné ","2026-07-08 18:26:44",0.77990,13,fortun
2997,16498388,"V Harichandana ","2026-07-07 15:55:33",0.77990,3,harichandana2007
2998,16465205,"Денис #5","2026-07-24 05:27:28",0.77990,15,beloselo
2999,16501792,"Ayush Kumar #27","2026-07-07 18:41:54",0.77990,7,ayushhh005
3000,16417620,"Iago Richard","2026-07-07 19:19:36",0.77990,6,iagorichard
3001,16503895,"Amanda Moulton","2026-07-08 18:59:50",0.77990,11,amandamoulton
3002,16501594,"robert #3","2026-08-11 17:00:46",0.77990,8,benderola
3003,16506404,Okea,"2026-07-08 07:08:28",0.77990,8,belajarapa2
3004,16472485,Achilles0x17,"2026-07-08 09:09:47",0.77990,4,achilles0x17
3005,16507482,"Conor Bleakley","2026-07-08 10:13:47",0.77990,2,conorbleakley
3006,16491002,"Gourav Saha #2","2026-07-16 18:04:03",0.77990,9,gourav404
3007,16509110,"Salvi Trambadiya","2026-07-08 16:53:39",0.77990,1,salvitrambadiya
3008,16509397,"SOHAM KANHE","2026-07-08 18:26:12",0.77990,3,sohamkanhe
3009,16509777,"Sania #2","2026-07-09 21:04:09",0.77990,11,saniazqx
3010,16510093,"[Deleted] 9c9c7dd3-6982-4bc0-a6ab-43ccf1b78e5d","2026-07-08 23:54:22",0.77990,1,del=ead51f6f368bccaf
3011,16511379,"Nguyên Đinhs","2026-07-09 07:22:31",0.77990,1,nguyninhs
3012,16463897,GitBon,"2026-07-23 04:04:09",0.77990,5,gitbon
3013,16511735,"Mohamed Ashraf245","2026-07-09 08:40:29",0.77990,1,mohamedashraf245
3014,16511793,"Salah Azor","2026-07-09 08:54:04",0.77990,1,salahazor
3015,16511794,"Yahya Ashraff","2026-07-09 08:54:14",0.77990,1,yahyaashraff
3016,16511839,AliAhmed,"2026-07-09 09:02:33",0.77990,1,aliahmed123456789
3017,16511868,"Akram Ayman","2026-07-09 09:08:47",0.77990,1,akramelhawary
3018,16511880,"MAGED KASSEM HAMMAD","2026-07-09 09:11:55",0.77990,1,magedkassemhammad
3019,782725,"jan 2","2026-07-10 10:11:06",0.77990,11,janddd
3020,16513928,Tasrik123,"2026-07-09 19:10:42",0.77990,2,tasrik123
3021,16514735,nanxi00,"2026-07-10 02:25:08",0.77990,8,nanxi00
3022,16505811,barubelajar,"2026-07-10 09:11:39",0.77990,10,barubelajar
3023,16516485,JunxiCheng,"2026-07-10 14:06:15",0.77990,2,junxicheng
3024,16483396,"Дмитрий 02","2026-07-10 12:00:33",0.77990,9,asukaeva
3025,16506039,MJ12123aa,"2026-07-13 04:31:13",0.77990,10,mj12123aa
3026,1563505,AI4MANA,"2026-07-10 14:30:15",0.77990,15,ai4mana
3027,16501869,"Sourish Budkule","2026-07-10 18:04:22",0.77990,2,sourishbudkule
3028,16459773,Ilya551,"2026-07-21 13:44:44",0.77990,8,ilya551
3029,16514008,"Yonghui Mou","2026-07-10 18:50:00",0.77990,2,yonghuimou
3030,16517878,"Aysha Amjathali","2026-07-10 20:11:16",0.77990,2,ayshaamjathali
3031,16530431,Yangzy111,"2026-07-11 02:01:52",0.77990,9,yangzy111
3032,16501123,@灼爻爻,"2026-07-11 03:03:20",0.77990,6,arationalray
3033,16531872,"Kamran Ahmad tech","2026-07-11 11:07:09",0.77990,1,kamranahmadtech
3034,16517084,lianfbb,"2026-07-12 08:15:54",0.77990,5,lianfbb
3035,16473816,erggtergerg,"2026-08-10 15:19:02",0.77990,10,erggtergerg
3036,16532582,"KHUSHI MALVIYA","2026-07-11 14:43:13",0.77990,1,khushmalviya11054
3037,16532843,"Kader Sulaiman","2026-07-11 16:16:09",0.77990,1,kadersulaiman
3038,16533147,opanki,"2026-07-11 18:25:55",0.77990,3,opanki
3039,16533541,"Nikhil Shukla #3","2026-07-11 23:14:33",0.77990,5,nikshu663
3040,16533747,"Dheeraj Singh #4","2026-07-12 17:25:00",0.77990,10,singhdheeru
3041,16533773,nu_no_science,"2026-07-12 13:25:27",0.77990,9,nunoscience
3042,16534623,"David Derrick","2026-07-12 09:12:58",0.77990,1,xybbbb007
3043,16535497,"Hongyi Chen","2026-07-12 14:19:22",0.77990,1,hongyichen0415
3044,16517238,Hzzxxx,"2026-07-12 14:24:39",0.77990,6,hzzxxx
3045,16531338,赤木瑞穂,"2026-07-13 04:29:45",0.77990,6,retaretaretasu
3046,15018301,"Михаил Сухоруков","2026-07-13 05:26:43",0.77990,3,miqha54
3047,16538199,"Hiwot Yirga","2026-07-13 08:17:40",0.77990,4,hiwotyirga
3048,16538440,havaianas,"2026-07-13 09:10:10",0.77990,2,anaselhajbenali
3049,16539039,ZSETGHDYN,"2026-07-13 11:22:29",0.77990,1,zsetghdyn
3050,16459876,timur123,"2026-07-16 10:20:51",0.77990,5,timur34567
3051,16536000,"Ольга Сидорова","2026-08-03 15:39:28",0.77990,9,apepii
3052,16540231,BidishAcharya,"2026-07-13 16:22:21",0.77990,1,bidish
3053,16540733,"Andrii Kharchenko","2026-07-13 18:58:58",0.77990,7,andriikharchenko
3054,16541476,"Erkan Altundal","2026-07-18 02:23:09",0.77990,5,erkanaltundal
3055,16543149,Mr.tao,"2026-07-14 09:32:55",0.77990,9,taoshuo301
3056,16542213,"Tima Maksimov","2026-07-21 11:56:02",0.77990,4,timamaksimov
3057,16543156,Ncy0216,"2026-07-14 10:44:04",0.77990,6,ncy0216
3058,16543479,"Mostafa Abuelabbas","2026-07-14 11:03:13",0.77990,4,mostafaabuelabbas
3059,16543714,cheng12ekjd,"2026-07-14 12:17:47",0.77990,10,cheng12ekjd
3060,16543742,"Bhuvaneshwari Rebba","2026-07-14 11:26:22",0.77990,1,bhuvaneshwarirebba
3061,16543219,qiqiqi182,"2026-07-14 12:10:52",0.77990,10,qiqiqi182
3062,16544074,Auroraljj,"2026-07-14 12:58:38",0.77990,1,auroraljj
3063,16544391,"Voice joker","2026-07-14 14:28:59",0.77990,1,voicejoker
3064,16544609,"Vivek Somaiya","2026-07-14 15:27:44",0.77990,1,viveksomaiya
3065,16544820,"Neave Ström","2026-07-14 16:31:21",0.77990,1,neavestrom
3066,16544912,vishwam_23,"2026-07-14 17:00:33",0.77990,1,vishwam23
3067,16548102,"PRIYA DHARSHINI J AIDS","2026-07-15 00:38:00",0.77990,1,priyadharshinijaids
3068,4963951,"tengfei jiang","2026-07-15 01:15:22",0.77990,1,tengfeijiang
3069,16548534,fijjjjj,"2026-07-15 03:39:19",0.77990,1,fijjjjj
3070,16549598,"yuuki hosono","2026-07-15 07:39:22",0.77990,1,yuukihosono
3071,16549926,"North L","2026-07-15 09:16:51",0.77990,1,northlll
3072,16550264,"Muhammad bin latif","2026-07-15 11:13:00",0.77990,3,muhammadbinlatif
3073,16550322,FaisalGH9,"2026-07-15 10:58:39",0.77990,1,faisalgh9
3074,16460154,"Landon Tillman","2026-07-16 13:49:04",0.77990,31,landontillman
3075,16551208,"ĐÀI DƯƠNG NGỌC TRANG","2026-07-15 15:09:57",0.77990,3,idngngctrang
3076,16551820,"Dharaneesh JM","2026-07-15 17:32:56",0.77990,1,dharaneeshjm
3077,16552549,"Harry Pounds","2026-07-15 22:45:07",0.77990,1,harrypounds
3078,16553596,"Taehwan Kim #2","2026-07-16 06:12:32",0.77990,1,taetaekim30
3079,16553727,"guanju she","2026-07-16 06:55:40",0.77990,4,guanjushe
3080,16553923,"DR Vismaya","2026-07-16 09:39:33",0.77990,3,drvismaya
3081,16550345,Тимофей_Егоров_Тим,"2026-07-16 13:05:50",0.77990,4,timtim14
3082,16555115,qqjling333,"2026-07-16 13:41:01",0.77990,7,qqjling333
3083,16555196,"Алёна Меховщикова","2026-07-16 13:04:26",0.77990,3,allenmexxx
3084,16555011,klayyyyy,"2026-07-16 14:00:07",0.77990,6,klayyyyy
3085,13812225,"ِِAmer Ziad","2026-07-16 14:48:46",0.77990,1,amer2121
3086,16558077,Lvzhiqiang0829,"2026-07-17 06:45:15",0.77990,1,lvzhiqiang0829
3087,16554771,"Sasagu Ito","2026-07-27 01:27:20",0.77990,17,sasaguito
3088,16558505,"Shanxian Lin","2026-07-17 08:14:13",0.77990,2,shanxianlin
3089,16558764,"mingjun cai","2026-07-17 09:34:50",0.77990,3,mingjuncai
3090,16559289,"Mathias Raymann","2026-07-17 12:00:17",0.77990,1,mathiasraymann
3091,16555128,"Somrat Sheikh","2026-07-17 13:58:06",0.77990,2,somratsheikh
3092,16538514,"Юлия Ильченко","2026-08-01 13:07:41",0.77990,5,anikva
3093,16560427,"Yosuke Inada","2026-07-31 03:26:33",0.77990,5,yosukeinada
3094,16560914,"Shivam #20","2026-07-17 20:19:06",0.77990,2,opensky21
3095,16561613,"Meron Mekuria","2026-07-18 02:32:26",0.77990,2,meronmekuria
3096,16562772,EuanVast,"2026-07-18 06:00:22",0.77990,5,euanvast
3097,16558431,Divyadharshana,"2026-07-21 07:21:40",0.77990,3,divyadharshana57
3098,16538793,"maomao #2","2026-07-18 14:47:28",0.77990,5,maomao2677017088
3099,16565563,Shhubhhaam,"2026-07-18 13:41:38",0.77990,4,shhubhhaam
3100,16566031,"Vanya Nain","2026-07-18 16:26:26",0.77990,2,vanyanain
3101,16566218,"Сергей Гришин","2026-07-18 17:54:01",0.77990,2,blackstarc121
3102,13516759,"Abdelmonaim Bounite","2026-07-18 18:49:19",0.77990,6,techvio
3103,16566846,"Abdalrahman Younes","2026-07-28 03:52:03",0.77990,6,a2mbyd
3104,16566898,nimrod01,"2026-07-21 07:24:32",0.77990,30,nimrod01
3105,16567400,"Aryan Jain #6","2026-07-19 18:15:55",0.77990,4,jainsecy
3106,16563910,Cakke114514,"2026-07-19 06:16:53",0.77990,2,cakke114514
3107,16568946,"NVS Siddharth","2026-07-19 08:33:35",0.77990,4,nvssiddharth
3108,16569520,"Fadia Zahran Zain","2026-07-19 10:26:18",0.77990,4,fadiazahranzn
3109,16569463,"jiwon #6","2026-07-19 11:02:44",0.77990,3,emilyseojiwon
3110,16569882,Chiho233,"2026-07-19 11:30:57",0.77990,1,chiho101
3111,14420853,"Afif Ali Saadman","2026-07-19 12:41:58",0.77990,2,afifalisaadman
3112,16570554,Dyl,"2026-07-19 14:12:23",0.77990,1,dylanvatanapradit
3113,16571518,"Tanish More","2026-07-19 18:48:21",0.77990,3,bluegiant13
3114,16571909,"José Leonardo","2026-07-21 19:16:07",0.77990,9,j023leonardo
3115,16560190,"amit poonia","2026-07-21 04:28:27",0.77990,11,amitpoonia10
3116,16573321,"Wu Bo Yi0901","2026-07-20 04:34:21",0.77990,1,wuboyi0901
3117,16574397,jerry07y,"2026-07-20 08:58:15",0.77990,3,jerry07y
3118,16574030,"S.Hemanth Reddy","2026-07-20 09:32:27",0.77990,5,hemanthreddysolipeta
3119,16550483,"PanHe Zhang","2026-07-20 12:56:37",0.77990,3,panhezhang
3120,16575055,"Roman Alex L","2026-07-20 13:45:56",0.77990,5,romanalexl
3121,16575897,"Houslast DJ","2026-07-20 18:35:22",0.77990,10,houslastdj
3122,16555976,"Ahmed Al-Awaini","2026-07-23 13:44:30",0.77990,6,ahmedalawaini
3123,16576023,NIMRA,"2026-07-20 16:35:27",0.77990,2,nimra10101
3124,16571582,"Roozbeh Seyednozadi","2026-07-20 19:15:25",0.77990,5,roozbehseyednozadi
3125,16576795,"Максим Савельев","2026-07-20 19:57:13",0.77990,5,vismanmark
3126,16577203,"İkbal Torun","2026-07-20 21:57:13",0.77990,4,kbaltorun
3127,16577897,"Mahima Shital Sanghvi","2026-07-20 23:50:59",0.77990,3,mahimashitalsanghvi
3128,16566363,"Kirill Shibanov","2026-07-21 04:54:09",0.77990,2,kirillshibanov
3129,16579709,KADG735,"2026-07-21 10:59:45",0.77990,7,kadg735
3130,16579796,"Eric Chung #3","2026-07-21 09:01:58",0.77990,3,echung79
3131,16580671,Maksim_VL,"2026-07-21 12:03:54",0.77990,2,maksimvl
3132,16580679,abdeladim_jb,"2026-07-21 16:58:12",0.77990,10,abdeladimjb
3133,16583780,"Ana Manuella da Silva Ribeiro","2026-07-22 01:32:13",0.77990,1,anamanu
3134,16583821,Jon_Devv,"2026-07-22 01:47:01",0.77990,1,jondevv
3135,16583873,xDenNx,"2026-07-22 02:12:54",0.77990,1,xdennx
3136,16570140,Real_nkbgs,"2026-07-22 03:23:50",0.77990,3,realnkbgs
3137,13737866,shirayuk1,"2026-07-22 05:02:26",0.77990,2,shirayuk1
3138,8990178,"Olga Novgorodova","2026-07-24 19:46:07",0.77990,4,olganovgorodova
3139,15582369,bang92,"2026-07-22 06:33:43",0.77990,1,bang92
3140,16584603,"Akshay Anand #2","2026-07-22 07:36:39",0.77990,2,akshayanand007
3141,16585001,"Omar Mohamed Ayman","2026-07-27 23:12:51",0.77990,8,omarmohamedayman
3142,16585415,"Amelia #2","2026-07-22 11:31:18",0.77990,5,ameliazhao666
3143,16537086,"moon #7","2026-07-22 12:40:44",0.77990,3,moon65312
3144,16537362,DDURO,"2026-08-04 06:09:49",0.77990,14,leedduro
3145,16551651,Andrew_Dragunsky,"2026-07-22 14:52:00",0.77990,4,andrewdragunsky
3146,16586724,"Izabela #3","2026-07-22 16:40:45",0.77990,1,iblanka
3147,10254738,"lifeng #2","2026-07-22 23:08:16",0.77990,10,gulifeng
3148,16587577,nor867,"2026-07-23 00:13:35",0.77990,3,nor867
3149,16588296,"Vinicius Augusto","2026-07-23 04:50:49",0.77990,1,uviniciusaugusto
3150,16588146,seadow,"2026-07-23 05:35:49",0.77990,10,seadow
3151,16588852,PixelMind,"2026-07-24 21:00:33",0.77990,2,pixelmindlearning
3152,16588218,"Jarren Ng","2026-07-23 14:26:04",0.77990,6,jarrenng
3153,16588908,zhangtongjun,"2026-07-23 08:28:26",0.77990,5,zhangtongjun
3154,16507340,Kityui,"2026-07-23 09:45:49",0.77990,5,kityui
3155,16589738,"K Satya Sai Nischal","2026-07-23 12:16:59",0.77990,1,coderstale
3156,16590216,"Kratik Bhadoriya","2026-07-23 14:49:44",0.77990,4,kratikbhadoriya
3157,16590293,"Márcio de la Cruz Lui","2026-07-23 15:14:33",0.77990,1,marciodelacruzlui
3158,16590530,"Ravi Kumar #8","2026-07-23 16:33:06",0.77990,1,ravikumar315450
3159,16590570,Ny_Ld_yY,"2026-07-25 08:21:18",0.77990,26,nyldyy
3160,16590696,RajSinghCodes,"2026-07-23 17:27:21",0.77990,1,rajsinghcodes
3161,16590874,松田啓太,"2026-07-23 18:29:08",0.77990,1,nekonekonekone
3162,16591398,"Yul Sung","2026-07-24 06:45:42",0.77990,6,yulsung950
3163,16591573,YongseokOh,"2026-07-24 02:19:42",0.77990,1,yongseokoh
3164,16561242,"Manasvini Natarajan","2026-07-30 22:49:45",0.77990,10,manasvininatarajan
3165,15611068,ncook9,"2026-07-24 04:06:49",0.77990,1,ncook9
3166,16592745,"DEGUCHI TOMOKI","2026-07-24 08:07:32",0.77990,1,deguchitomoki
3167,14440250,abakosh,"2026-07-24 12:35:23",0.77990,1,abakosh
3168,16594158,Artem81,"2026-07-24 14:59:22",0.77990,2,artem81
3169,16484938,"Yadav Chandan","2026-08-13 03:53:47",0.77990,10,yadav98788
3170,16556336,rbhai,"2026-07-25 17:44:57",0.77990,15,rbhai09
3171,16565509,"Ruben Fricke","2026-07-31 21:01:54",0.77990,10,rubenfricke
3172,16570062,"Edmar Martelato","2026-07-26 00:03:23",0.77990,2,edmarmartelato
3173,16600246,"Grace Hui","2026-07-26 04:20:05",0.77990,2,gracehui1
3174,15575002,MiddleSon,"2026-07-26 05:05:02",0.77990,2,middleson
3175,16600689,"Harish Mishra","2026-07-26 06:51:01",0.77990,1,dubistgutgenug
3176,16600747,"Arkajyoti Dutta","2026-07-26 07:04:21",0.77990,1,arkajyotidutta2006
3177,16598936,"Perez Elqudz","2026-07-26 09:00:41",0.77990,14,perezelqudz
3178,16601528,"Toni Handoko","2026-07-26 10:49:44",0.77990,2,tonihandoko
3179,16594019,"Ростислав Боженов","2026-07-26 12:35:46",0.77990,5,bozhenov
3180,14872156,"Nimesh Kanishka","2026-07-26 12:08:54",0.77990,3,nimeshkanishka
3181,16602301,tdwxzy,"2026-07-26 15:08:50",0.77990,1,tdwxzy
3182,16602104,"Axelle #3","2026-07-26 15:18:14",0.77990,5,aaxelleb
3183,16602350,"Cirius Peter","2026-07-26 15:51:21",0.77990,2,ciriuspeter
3184,16448726,"Abdurrahman Mikail ","2026-07-26 16:10:14",0.77990,5,abdurrahmanmikail
3185,16602662,"Malini Roopram","2026-08-01 00:38:29",0.77990,21,maliniroopram
3186,16603108,"Jefferson Luiz Gonçalves Silva","2026-07-26 20:59:21",0.77990,2,jeffersonlgsilva
3187,16603146,"Jessica Mai","2026-07-26 21:04:02",0.77990,2,jmai3124
3188,16603198,"Lucas Emiliano dos Santos Pereira","2026-07-26 22:03:00",0.77990,2,emilianolucas
3189,16604041,sco81778,"2026-08-10 02:39:28",0.77990,9,sco81778
3190,16579556,Ming68,"2026-07-27 07:59:56",0.77990,8,ming68
3191,16605737,"Phương Nguyễn Mạnh","2026-07-27 13:41:21",0.77990,2,phngnguynmnh
3192,16599702,"Maximilian Kuzniatsou","2026-07-29 16:13:12",0.77990,9,mlxviikuznetsov
3193,16606493,ZaabaaZ,"2026-07-27 17:18:12",0.77990,3,zaabaaz
3194,16607427,"Bredley Bauer","2026-07-28 00:21:20",0.77990,1,bredleybauer
3195,16588215,"CARLOS DANIEL AVELAR ","2026-07-28 02:17:30",0.77990,6,carlosdanielavelar
3196,16609236,"Farah Jarray","2026-07-28 10:58:02",0.77990,2,farahjarrayfarah
3197,16609496,"Anjan Kotipalli","2026-07-28 12:17:27",0.77990,2,anjankotipalli
3198,16607200,"Yared Deribe Tefera","2026-07-28 12:46:04",0.77990,6,yaredderibetefera
3199,6743584,nicepi,"2026-07-28 13:30:07",0.77990,2,pinice
3200,16610605,"Annie #6","2026-07-28 17:10:48",0.77990,1,elizabethll
3201,16610865,"Потылицын Егор","2026-07-28 18:34:54",0.77990,2,quantum776
3202,16611075,"Carlos Enrique Zerpa","2026-07-28 20:33:00",0.77990,3,carlosenriquezerpa
3203,16611229,"Rustu Batuhan Sahin","2026-07-28 21:30:56",0.77990,2,rustubatuhansahin
3204,16579588,zhaoyongbo,"2026-07-29 01:51:42",0.77990,8,zhaoyongbo
3205,16612937,"Adenaya Tobiloba","2026-08-05 22:36:24",0.77990,8,adenayatobiloba
3206,16613642,"Trường Nguyễn Văn","2026-07-29 13:08:58",0.77990,1,vantruongzz
3207,15233650,"Whitmon maple","2026-07-29 14:04:42",0.77990,1,whitmonmaple
3208,16613805,"Олег Гришин","2026-07-29 14:05:08",0.77990,3,grif306
3209,11884632,cardinaler,"2026-07-29 14:12:04",0.77990,6,cardianler
3210,16613911,"Leonardo García Moreno","2026-07-29 14:23:03",0.77990,1,leonargarcia
3211,16244296,"Daniel Siretanu","2026-07-30 13:20:39",0.77990,17,danielsiretanu
3212,16616388,"Christian Baker #2","2026-07-29 23:07:21",0.77990,1,christianwbaker
3213,5746930,ChiangShangYu,"2026-07-30 08:24:13",0.77990,1,chiangshangyu
3214,16618481,"Paolo Tranquilli","2026-07-30 12:22:03",0.77990,7,paolotranquilli
3215,16518075,"Rahanatu Usman Saleh","2026-07-30 12:11:07",0.77990,4,rahanatuusmansaleh
3216,16619180,minlee,"2026-07-30 12:53:16",0.77990,4,minleesu293kd
3217,16620030,"Ayush khatri07","2026-07-30 14:38:14",0.77990,1,ayushkhatri07
3218,16619387,SaharPMR,"2026-07-30 15:05:56",0.77990,3,saharpmr
3219,16622024,"kim miiii riiii","2026-07-30 18:15:03",0.77990,8,kimmiiiiriiii
3220,16616646,HUhuhuhu2007,"2026-07-31 00:46:47",0.77990,20,huhuhuhu2007
3221,16624521,"Nguyen Binh Ho","2026-07-31 05:31:55",0.77990,3,nguyenbinhho
3222,16617246,Gleb1441,"2026-08-02 04:57:36",0.77990,6,glebik1
3223,16385717,Yotsuba_4848,"2026-07-31 09:09:51",0.77990,4,yotsuba4848
3224,16627951,"Pavel Zakurenov","2026-08-01 07:05:02",0.77990,9,pavelzakurenov
3225,16629933,"Fuhegong Tuli","2026-07-31 11:22:09",0.77990,4,fuhegongtuli
3226,16631041,"Tyom Papiyan","2026-07-31 12:37:54",0.77990,1,tyompapiyan
3227,16630993,"Jonathan Lehmann","2026-07-31 14:18:30",0.77990,6,anamazingalpaka
3228,14820922,"Kang Xun Phan","2026-08-01 15:26:35",0.77990,6,kangxunphan
3229,16632174,yamakawanin,"2026-07-31 14:38:01",0.77990,1,yamakawanin
3230,16600975,"Dominic Chan","2026-07-31 16:35:02",0.77990,12,dpjc05
3231,16633481,"Berk Coşkun Mermer","2026-07-31 21:56:41",0.77990,1,berkcokunmermer
3232,16633966,"play game","2026-08-01 01:45:46",0.77990,1,asdadrawd
3233,16634802,Streap,"2026-08-01 07:32:25",0.77990,5,streap
3234,16499250,"mohamad hassan kadorı","2026-08-01 12:21:09",0.77990,19,mohamadhassankador
3235,16387121,Ahub,"2026-08-02 10:28:43",0.77990,3,ahub91
3236,16638629,venomoshaha,"2026-08-01 16:57:42",0.77990,1,venomoshaha
3237,16637858,ignat,"2026-08-03 10:14:08",0.77990,13,ruguat
3238,16639282,"Mehmet Akif Yaldız","2026-08-01 21:28:55",0.77990,2,mehmetakifyaldz
3239,16639376,"Joshua GK Rowe","2026-08-01 22:17:18",0.77990,1,joshuagkrowe
3240,16640326,"Rishit Bhansali","2026-08-02 06:14:41",0.77990,2,yoprogramer
3241,16612966,llxiongfei,"2026-08-06 09:05:02",0.77990,11,llxiongfei
3242,16641592,ryosei-akatsuka,"2026-08-03 06:56:55",0.77990,9,ryoseiakatsuka
3243,15076637,"Dean Whitbread","2026-08-02 20:42:22",0.77990,4,deanfjmw
3244,16643258,Teendangor,"2026-08-03 08:09:59",0.77990,5,teendangor
3245,7221571,swaptr,"2026-08-03 12:26:13",0.77990,3,swaptr
3246,16652815,MARKUS,"2026-08-03 13:17:13",0.77990,1,marknyc
3247,16639593,"Christian Raxo","2026-08-03 18:51:54",0.77990,2,christianraxo
3248,16656192,brate8981,"2026-08-04 04:44:58",0.77990,10,brate8981
3249,16656252,"Si Mikon","2026-08-04 06:05:49",0.77990,2,simikon
3250,16659586,"Cheng Weihao","2026-08-04 10:26:19",0.77990,3,cwhirly
3251,16652714,Hqyiiii,"2026-08-04 13:16:07",0.77990,9,hqyiiii
3252,16661657,"Justo Fanelli","2026-08-04 15:09:55",0.77990,2,justofanelli
3253,16662178,"Vũ Minh","2026-08-04 16:32:57",0.77990,6,vuminhvuminhvuminh
3254,16661317,"Mayhem #2","2026-08-04 17:34:34",0.77990,4,mayhmeme
3255,16661307,"Hantoshi McFly","2026-08-05 02:28:34",0.77990,7,hantoshimcfly
3256,16665672,"xb jiang2002","2026-08-05 07:07:40",0.77990,1,xbjiang2002
3257,16667401,"Yizhuo Liu #2","2026-08-05 14:42:25",0.77990,3,yves61z
3258,41875,SSRK,"2026-08-06 04:40:26",0.77990,3,sudalairajkumar
3259,16668513,KAMALAKSHAY,"2026-08-05 15:03:17",0.77990,1,kamalakshay
3260,16668527,"Khaled Badache","2026-08-05 15:06:15",0.77990,1,khaledbadache
3261,16670227,"Emily Wu #3","2026-08-05 20:44:28",0.77990,4,emilycwu
3262,16669967,chucky256,"2026-08-06 00:58:25",0.77990,2,chucky256
3263,16672783,1002seunghwan,"2026-08-07 00:22:34",0.77990,12,seunghwanjungqw
3264,16674375,"Mrityunjay Thakur","2026-08-06 08:58:00",0.77990,1,jonwayne
3265,16660332,"Artas Zuic","2026-08-06 09:24:02",0.77990,4,artaszuic
3266,16670712,"Ryan Gomes","2026-08-06 13:12:48",0.77990,6,devryann
3267,16629561,"Cyrus Pourafzal","2026-08-06 12:04:07",0.77990,4,cyruspourafzal
3268,16676094,pddered,"2026-08-06 14:06:44",0.77990,1,pddered
3269,16676159,AdityaAS21,"2026-08-11 14:19:47",0.77990,8,adityaas21
3270,14447430,9ver,"2026-08-06 15:14:42",0.77990,1,shanquangao
3271,16672765,tjtjdals0000,"2026-08-07 02:14:10",0.77990,14,tjtjdals0000
3272,16681189,blackstar0153,"2026-08-07 03:47:46",0.77990,2,blackstar0153
3273,3318013,"Loui Kim","2026-08-07 06:15:16",0.77990,1,louikim
3274,16683875,Alexey2011KH,"2026-08-07 09:31:10",0.77990,1,alexey2011kh
3275,16652728,ikiwi0923,"2026-08-07 10:09:25",0.77990,6,ikiwi0923
3276,16644421,artemkuzmin72,"2026-08-07 12:26:54",0.77990,2,artemkuzmin72
3277,16685765,Kika_Febriyansyah,"2026-08-10 09:56:49",0.77990,3,kikafebriyansyah
3278,16687608,kaatoo,"2026-08-08 18:16:58",0.77990,7,kaatoo
3279,16651722,よね,"2026-08-09 01:41:56",0.77990,7,yumiyoneno
3280,16690570,"Vyom Divecha","2026-08-08 10:55:12",0.77990,1,vyomdivecha
3281,16690965,"huzaifa kaggle","2026-08-08 12:50:28",0.77990,2,huzaifakaggle
3282,16691531,"Paolo Boghos","2026-08-08 15:22:06",0.77990,7,paoloboghos
3283,16691355,GloriousTurnaround,"2026-08-08 16:14:02",0.77990,7,gloriousturnaround
3284,16692564,"Nick Lewis","2026-08-08 19:02:17",0.77990,1,thorpology
3285,6953157,"Seunghyo Chun","2026-08-09 05:46:06",0.77990,2,precipi
3286,16694815,"Taha Faghih","2026-08-12 16:05:49",0.77990,4,tahafaghih
3287,16694821,KhalidOfficial,"2026-08-09 09:05:53",0.77990,1,khalidofficial
3288,15568717,Florian5775,"2026-08-09 12:23:47",0.77990,3,florian5775
3289,16696428,whitefatty,"2026-08-09 14:20:39",0.77990,1,whitefatty
3290,16696656,"Youssef Assem #2","2026-08-09 16:22:47",0.77990,3,assemyoussef
3291,16697426,"Samuel Uraj","2026-08-09 17:42:42",0.77990,1,samuel282006
3292,16698419,"lahiru udayantha","2026-08-10 02:20:15",0.77990,1,lahiruudayantha
3293,16698551,ReapSky,"2026-08-10 03:30:24",0.77990,2,reapsky
3294,6273822,"Akmal Mir","2026-08-12 09:18:09",0.77990,5,akmalmir
3295,16701562,shadowpaw,"2026-08-10 14:27:50",0.77990,4,shadowpaw
3296,16687875,"Ishmael Ayad","2026-08-10 17:21:11",0.77990,2,ishmaelayad
3297,16705471,"Okudono Kosei","2026-08-11 04:04:11",0.77990,1,okudonokosei
3298,16706526,Meccc,"2026-08-11 08:42:19",0.77990,5,meccc2706
3299,16707197,Logan314,"2026-08-11 11:16:25",0.77990,6,logan314
3300,16660633,kaypto,"2026-08-13 08:57:23",0.77990,6,kaypto
3301,16709381,tinrenf,"2026-08-11 20:41:02",0.77990,4,tinrenf
3302,16707256,coookie34,"2026-08-12 05:13:20",0.77990,4,coookie34
3303,13479517,"Nimo #2","2026-08-12 09:25:17",0.77990,1,alikhan228
3304,16591020,Pendos123,"2026-08-12 10:17:35",0.77990,11,pendos123
3305,16712054,RusiruShashimal,"2026-08-12 10:30:41",0.77990,1,rusirussm
3306,16712803,Thetahw_,"2026-08-12 13:58:44",0.77990,1,thetahw
3307,16713710,rutujamore09,"2026-08-12 18:00:38",0.77990,3,rutujamore09
3308,16713572,"Abada ab","2026-08-12 17:32:00",0.77990,3,abadaab
3309,16714596,Almutawa0,"2026-08-12 22:35:25",0.77990,1,almutawa0
3310,4655608,"Sunny Park","2026-08-13 01:17:59",0.77990,1,sunnypark2002
3311,16715290,"Jordan Smith #6","2026-08-13 03:24:52",0.77990,6,denominated
3312,16715394,"RIKU SUNAGO","2026-08-13 04:00:38",0.77990,6,rikusunago
3313,15275929,rajaau,"2026-08-13 04:28:17",0.77990,10,rajaau
3314,16716163,"Sixian Deng","2026-08-13 08:04:58",0.77990,2,sixiandeng
3315,16716489,nothver,"2026-08-13 08:40:16",0.77990,1,nothver
3316,16716997,"Riya Varghese","2026-08-13 10:42:02",0.77990,1,riyaanna
3317,16716631,pamacado,"2026-08-13 16:07:56",0.77990,5,pamacado
3318,16717261,"Dũng Phạm Tiến","2026-08-13 12:16:57",0.77990,2,dpt2437
3319,16712553,"Stanley Murray","2026-08-13 18:43:21",0.77990,4,sbmmurray
3320,16718877,"George Ioannidis17","2026-08-13 20:39:20",0.77990,2,georgeioannidis17
3321,16718227,Hemingweb,"2026-08-13 22:17:59",0.77990,6,hemingweb
3322,16719627,sylhint,"2026-08-14 03:20:45",0.77990,3,sylhint
3323,16248778,orca404,"2026-06-21 06:04:39",0.77751,2,orca404
3324,16347387,n_,"2026-06-15 09:27:43",0.77751,6,nnnnnnnnnnnl
3325,16334320,"Hana Takatori","2026-06-15 02:18:20",0.77751,1,hanatakatori
3326,16348964,N.MAKOTO,"2026-06-15 02:40:13",0.77751,6,nmakoto
3327,16320536,knifeandcj,"2026-06-16 01:33:33",0.77751,12,knifeandcj
3328,16354316,"Dalyn Wei","2026-06-16 08:40:29",0.77751,6,dalynwei
3329,16279203,"Jakob Franke","2026-08-05 12:33:13",0.77751,3,jakobfranke
3330,16156925,atrous_bro,"2026-06-16 08:31:36",0.77751,3,atrousbro
3331,16357170,"Anıl Kerem Demir","2026-06-15 10:46:50",0.77751,2,anlkeremdemir
3332,16357173,"Halil Hadra Uzun","2026-06-15 15:42:57",0.77751,7,halilhadrauzun
3333,16358968,"Yoeri Stassen","2026-06-15 12:26:24",0.77751,1,yoeristassen
3334,5906380,"Claudio Crema","2026-06-15 13:14:33",0.77751,2,claudiocrema
3335,16358164,"gangha Won","2026-06-15 13:27:29",0.77751,2,ganghawon
3336,16362975,"Lotfi MANSEUR","2026-07-03 18:10:02",0.77751,5,lotfimanseur
3337,16364306,"shaobing zhang","2026-06-17 12:40:17",0.77751,2,shaobingzhang
3338,16062833,wayg9odysseus,"2026-06-15 18:40:53",0.77751,2,wayg9odysseus
3339,16367869,"Luis Matías Pavez Olguin","2026-06-15 19:15:41",0.77751,3,doncloclo
3340,16367907,"Kees Vis","2026-06-15 20:33:48",0.77751,4,keesvis
3341,16368096,BigBendAI,"2026-06-15 20:22:22",0.77751,1,bigbendai
3342,16303710,"Dylan O'Donoghue","2026-06-15 21:58:36",0.77751,2,dylanodonoghue
3343,16368667,"YI XUAN TEO","2026-06-16 02:21:14",0.77751,5,yixuanteoo
3344,16368658,sanposanposanpo,"2026-06-16 02:03:06",0.77751,2,sanposanposanpo
3345,16368785,"Yijie Li","2026-06-16 06:37:07",0.77751,2,yijieliscott
3346,16368881,"YUYAO GONG","2026-06-16 05:08:51",0.77751,3,yuyaogong
3347,16368888,"Ilove adventure","2026-06-16 04:18:59",0.77751,2,iloveadventure
3348,16368821,haeewon,"2026-07-07 04:55:56",0.77751,4,haeewon
3349,16369064,"Mercury #4","2026-06-16 05:41:39",0.77751,3,mercury234
3350,16369065,"QIXUAN ZHUO","2026-07-07 04:54:06",0.77751,4,qixuanzhuo
3351,16369076,Samuel9102,"2026-06-16 04:30:52",0.77751,2,samuel9102
3352,16369081,"Jiah Shen","2026-06-16 04:28:18",0.77751,2,jiahshen
3353,16369083,"Xingjian Chen #2","2026-06-16 05:20:59",0.77751,3,cz519826
3354,16369094,"Lz Tsai","2026-07-07 04:50:29",0.77751,3,lztsai
3355,16369110,Mudrock09210921,"2026-07-07 04:54:11",0.77751,3,mudrock09210921
3356,16369111,"yingkai liang","2026-06-16 05:01:10",0.77751,2,yingkailiang
3357,16369118,SanctifiedMind,"2026-07-07 05:03:10",0.77751,3,sanctifiedmind
3358,16369126,"Junjie Chu","2026-07-07 05:04:08",0.77751,3,chujunjie
3359,16369162,"Darwin Jonathan","2026-06-16 04:48:03",0.77751,1,darwinjonathan
3360,16369171,ZengQikai123,"2026-06-16 05:31:18",0.77751,3,zengqikai123
3361,16369188,Sunday529,"2026-07-07 05:07:02",0.77751,3,sunday529
3362,16369191,"Bo Yuan11111","2026-07-07 04:55:33",0.77751,3,boyuan11111
3363,16369204,"Zhao Youyang","2026-06-16 05:06:38",0.77751,2,zhaoyouyang
3364,16369222,"Sijia #3","2026-06-16 05:22:39",0.77751,3,sijia2002
3365,16369256,"Lau Tsz Tsun","2026-07-07 07:13:41",0.77751,3,lautsztsun
3366,16276189,長澤未来,"2026-06-16 05:55:07",0.77751,1,nagamirai
3367,16369631,ZixuanChen@001,"2026-06-16 06:20:03",0.77751,2,zixuanchen001
3368,16369658,"Axel Wijaya","2026-06-16 07:48:58",0.77751,7,axeljcu
3369,16369782,"Moe Khant","2026-06-16 06:42:06",0.77751,2,moekhant
3370,16369816,"KYAW ZIN AUNG","2026-06-16 06:39:02",0.77751,2,kyawzinaung9
3371,16369822,shuomingliu,"2026-06-16 06:31:55",0.77751,1,shuomingliu
3372,16369829,"BHONE MYAT KYAW THU","2026-06-16 06:38:43",0.77751,2,bhonemyatkyawthu
3373,12492207,aurel,"2026-06-16 07:06:04",0.77751,2,awotter
3374,16369845,"Jahanvi Goel ","2026-06-16 06:41:43",0.77751,2,jahanvigoel
3375,16335723,"Khaing Yati Naing","2026-06-16 07:08:19",0.77751,2,khaingyatinaing
3376,16369873,Louis2409,"2026-06-16 07:10:07",0.77751,2,louis2409
3377,16369876,"CHONGJIE MO","2026-06-16 16:44:07",0.77751,5,chongjiemo
3378,16369884,"Min Thiha Khine","2026-06-16 07:11:11",0.77751,2,minthihakhine
3379,16369895,YANGJINMING,"2026-06-16 07:09:02",0.77751,2,jcuyang
3380,16369915,CaiMingyu,"2026-06-16 07:10:43",0.77751,2,caimingyu123
3381,16369919,"Yang Shujie","2026-06-16 07:11:48",0.77751,2,yangshujie1357
3382,16369938,WANGBOWEI,"2026-06-16 07:11:27",0.77751,2,wbw723
3383,16370035,"yuzhe fu","2026-06-16 07:05:03",0.77751,4,yuzhefu
3384,16370049,ZhuZhiwei,"2026-06-16 07:02:56",0.77751,2,zhuzhiweizzw
3385,16368678,lindalemon,"2026-06-16 07:22:13",0.77751,2,lindalemon
3386,16370248,CUIYANG126,"2026-06-16 07:22:58",0.77751,2,cuiyang126
3387,16370436,"Shubham #39","2026-06-18 16:32:50",0.77751,3,workdone0
3388,16370574,"jiahe wang","2026-06-16 08:42:26",0.77751,2,jiahewang66
3389,16370656,"jiahao liang","2026-07-07 09:16:37",0.77751,4,l1angj
3390,16370666,yjh20021030,"2026-06-16 08:44:42",0.77751,2,yjh20021030
3391,16370668,"pro shrish","2026-06-16 09:16:56",0.77751,2,proshrish
3392,16370680,"Anish Rao Renati","2026-07-07 09:08:16",0.77751,3,anishraorenati
3393,16370691,Jianxing0924,"2026-07-07 09:20:09",0.77751,3,jianxing0924
3394,16370716,"Li Jiarun","2026-06-16 08:42:29",0.77751,1,ljr070526
3395,15925352,xinglu,"2026-07-04 02:27:15",0.77751,9,qfghjkl
3396,16370769,"Kith Sothearith","2026-06-16 09:45:55",0.77751,2,kithsothearith
3397,16370772,"steen peter","2026-06-16 09:37:34",0.77751,2,steenpeter
3398,16370778,ZhongRuichen,"2026-06-16 09:32:47",0.77751,3,zhongruichen147
3399,16370826,subtest0215,"2026-06-17 09:51:03",0.77751,4,subtest0215
3400,16370840,"Pete Liu","2026-06-16 09:19:28",0.77751,2,peteliu890
3401,16370888,KhanhHongSong,"2026-06-16 09:28:15",0.77751,2,khanhhongsong
3402,16369796,ddhhhtt,"2026-06-16 15:10:03",0.77751,4,ddhhhtt
3403,15040888,"Hwang Chei Rai","2026-06-17 16:38:41",0.77751,11,hwangcheirai
3404,16374665,"Ash xaviers","2026-06-17 18:07:19",0.77751,2,ashxaviers
3405,16375374,"Mateo Rodriguez turi","2026-06-16 22:27:46",0.77751,4,mateorodriguezturi
3406,16375453,shadokan87,"2026-06-24 14:38:07",0.77751,3,shadokan87
3407,16375745,"amelia wilson","2026-06-16 23:52:49",0.77751,1,ameliawilson3994
3408,16378146,HyeokDJ,"2026-06-17 06:06:27",0.77751,2,hyeokdj
3409,16378149,BalaVignesh5002,"2026-06-17 06:54:53",0.77751,5,balavignesh5002
3410,16378837,SeungJin0818,"2026-06-17 07:22:32",0.77751,1,seungjinpark0818
3411,16379128,Hirofumi,"2026-06-17 14:04:37",0.77751,5,hirofumitsuda
3412,16273208,VinhIT,"2026-06-17 08:55:34",0.77751,10,vinhit
3413,16380127,"Даша, а дальше как?","2026-06-17 18:23:05",0.77751,3,bebebe0a0dalshe0kak
3414,16379684,"Aleksei Khitrov","2026-06-17 12:21:46",0.77751,8,alekseikhitrov
3415,6703409,"Romain Crouzet","2026-06-18 08:59:45",0.77751,6,romaincrouzet
3416,16350990,千葉こずえ,"2026-06-17 14:12:26",0.77751,5,kocchi4498
3417,16382333,titigreat,"2026-06-17 14:14:10",0.77751,1,titigreat
3418,16382938,Yuanchu1988,"2026-06-17 15:47:44",0.77751,2,yuanchu1988
3419,16383831,"Kimia hosseini","2026-06-17 17:55:49",0.77751,1,hkimia84
3420,16374142,"Pratik Karale","2026-06-17 19:43:30",0.77751,6,pratiiiiiiiiiik
3421,16385934,"강다연 (Dayeon Kang)","2026-06-18 05:40:46",0.77751,2,ggangddwa
3422,16385939,"Jaehyuk Moon","2026-06-18 05:39:14",0.77751,3,jaehyukmoon1
3423,16385940,Chaeyeon2002ww,"2026-06-18 05:37:28",0.77751,2,chaeyeon2002ww
3424,16385937,comma83,"2026-06-18 03:40:50",0.77751,2,comma83
3425,16385921,"Inchae Lee","2026-06-18 05:37:14",0.77751,2,inchaelee
3426,16385930,"Yoori Lee","2026-06-18 05:38:16",0.77751,2,yoorilee
3427,16385950,ARKtic156,"2026-06-18 06:20:56",0.77751,3,arktic156
3428,16386830,DanielJMerced,"2026-06-18 06:47:13",0.77751,1,danieljmerced
3429,16386931,"Matthew Grega","2026-06-18 17:31:55",0.77751,2,matthewgrega
3430,15300025,OMRANI,"2026-08-14 00:15:30",0.77751,61,omrani
3431,16387299,"Hemang Patel #2","2026-06-30 05:19:03",0.77751,4,kerinoras
3432,16387713,atzhanovaaza,"2026-06-18 09:25:33",0.77751,2,atzhanovaaza
3433,15839264,"Yu Koyama","2026-06-18 10:50:18",0.77751,1,miyabipapa
3434,16388450,"Fabian Uchendu","2026-06-19 14:58:16",0.77751,3,fabianuchendu101
3435,15772564,Abbito,"2026-06-18 18:44:51",0.77751,3,abbito
3436,16391160,"Jacob Galvin","2026-06-18 20:50:14",0.77751,1,jacobgalvin
3437,16391202,"Arimura Souma","2026-06-18 21:03:35",0.77751,1,arimurasouma
3438,16392603,BlouseQuin,"2026-06-20 05:08:15",0.77751,3,blousequin
3439,16393656,山田せいや,"2026-06-19 09:41:34",0.77751,4,seiyakawaguchi
3440,16394571,廣瀬栞奈,"2026-06-19 12:16:28",0.77751,1,hiroooooose
3441,16394487,"Hamza Y","2026-06-19 12:28:34",0.77751,4,hamzay1
3442,16374944,"Irmak Öznergiz","2026-06-19 12:51:09",0.77751,2,irmakznergiz
3443,16331042,Yossy2026,"2026-06-21 13:41:17",0.77751,6,yossy2026
3444,16395188,"Gokul Reddy6","2026-06-19 14:29:36",0.77751,1,gokulreddy6
3445,16370731,"Md. Amir Hamza","2026-06-19 16:56:50",0.77751,4,meamir
3446,16395805,"Nikita #26","2026-06-19 17:00:56",0.77751,1,ivanovnikitawork
3447,15414490,"dev gautam ","2026-06-19 18:39:37",0.77751,3,devgautam007
3448,16360485,pondslider_jongho,"2026-06-20 11:24:29",0.77751,11,pondsliderjongho
3449,16399774,"Devansh Dhingra","2026-06-29 05:45:04",0.77751,2,aviator247
3450,16399934,"Fuki Konobe","2026-06-22 00:47:24",0.77751,6,fukikonobe
3451,15908752,pragmatically,"2026-06-20 09:00:46",0.77751,2,pragmatically
3452,16403717,"Hazar Maliki Hidayat","2026-06-20 17:30:10",0.77751,1,hazarmh
3453,16399512,"Stuart Gilbert","2026-06-21 01:09:40",0.77751,4,stuartgilbert
3454,16334627,"yuuta ozeki","2026-06-21 01:49:08",0.77751,2,yuutaozeki
3455,16405352,SamBarrett1,"2026-07-15 07:25:43",0.77751,3,sambarrett1
3456,16406084,"sanjay mehta","2026-06-21 07:10:02",0.77751,1,sanjaymehta11
3457,16406106,"Mugesh Surya","2026-06-21 07:24:43",0.77751,2,mugeshsurya
3458,16406174,Sukesh95,"2026-06-21 07:26:17",0.77751,1,sukesh95
3459,15506640,"Murata Kengo","2026-06-21 09:16:13",0.77751,2,muratakengo
3460,16406586,"Татьяна Хахалева ","2026-06-21 09:54:03",0.77751,8,tatyanakhakhaleva
3461,16408243,"José Miguel Del Río Centeno","2026-06-21 13:31:56",0.77751,1,delcenjo
3462,16402666,gregorybaboha96,"2026-06-21 13:53:23",0.77751,2,gregorybaboha96
3463,16407971,"Julien Richaume","2026-06-21 14:21:06",0.77751,8,julienrichaume
3464,16408378,"Seema #4","2026-06-21 14:15:43",0.77751,2,seemaam
3465,16408983,"LIU Huayu666","2026-06-21 17:07:40",0.77751,10,liuhuayu666
3466,16409164,Arcteryx,"2026-06-24 20:02:35",0.77751,7,krisdevpro
3467,16410432,shayan_muhammad_AI,"2026-06-21 19:56:39",0.77751,3,shayanmuhammadai
3468,16406129,"yiming liu1111","2026-06-24 14:29:41",0.77751,7,yimingliu1111
3469,16413138,Ocjjay,"2026-06-22 08:35:32",0.77751,1,ocjjay
3470,16383332,"San Kalloor","2026-06-22 15:38:11",0.77751,7,sankalloor
3471,16408588,"AIQI ZHUANG","2026-07-01 06:09:38",0.77751,9,aiqizhuang
3472,7813976,"wjw Victor","2026-06-22 12:49:28",0.77751,2,wjwvictor
3473,16414844,PRANAV140307,"2026-06-23 14:22:31",0.77751,8,pranav140307
3474,16414855,"Sara Samavat","2026-06-22 14:05:14",0.77751,1,sarasamavat
3475,16400511,alakisb,"2026-06-22 14:59:24",0.77751,4,alakisb
3476,16416764,"Ryan Juengel","2026-06-22 21:23:54",0.77751,10,ryanjuengel
3477,16416758,"Jalen Johnson12","2026-06-22 20:23:46",0.77751,7,jalenjohnson12
3478,16416763,KevinRodriguezR,"2026-06-22 21:29:46",0.77751,8,kevinrodriguezr
3479,16416899,"Kevin Silva #3","2026-06-22 20:36:18",0.77751,1,kevinofl
3480,16416753,"Alana Parks","2026-06-22 21:27:42",0.77751,9,alanaparks
3481,16417568,"Shani Pratap Singh","2026-06-23 01:22:10",0.77751,1,shanipratapsingh22
3482,16141281,lgy250,"2026-06-23 02:05:08",0.77751,2,lgy250
3483,16062410,"Charan Krishna","2026-06-23 09:30:19",0.77751,5,charankrishna098
3484,16418819,"Ryan Ericson","2026-07-13 00:03:24",0.77751,4,ryanericson
3485,15157927,"Dang Le0801","2026-06-24 05:08:56",0.77751,6,dangle0801
3486,16311321,"Arifə Yaşarlı","2026-06-23 08:40:27",0.77751,1,arifyaarl
3487,16420242,"Leo #8","2026-06-23 10:19:01",0.77751,1,louiemu
3488,16420338,"Hediyeh Fakhralshoara","2026-06-23 10:38:10",0.77751,1,hediyehfakhralshoara
3489,16420645,"Jaykishan KaPatel","2026-06-23 11:50:36",0.77751,2,jaykishankapatel
3490,16420258,"not relevant","2026-07-20 16:07:42",0.77751,5,notrelevant22121
3491,16424790,heungmigans,"2026-06-24 02:52:05",0.77751,2,heungmigans
3492,16424573,HouXiaoyi,"2026-06-24 06:21:15",0.77751,3,houxiaoyi
3493,16425639,"Ruida RUAN (Vergil)","2026-06-24 06:42:37",0.77751,1,ruidaruanvergil
3494,16426618,"Jensen Yang6","2026-06-30 07:54:01",0.77751,7,jensenyang6
3495,16426808,"Abhishek Nagar","2026-06-24 10:31:01",0.77751,2,abhisheknagar023
3496,16047544,"Shuvam Satapathi","2026-06-24 13:06:49",0.77751,1,shuvamsatapathi
3497,16428473,"Hunter Bloom","2026-06-25 01:50:45",0.77751,2,hunterbloom
3498,16424412,MiguellMAC,"2026-07-06 15:32:40",0.77751,5,miguellmac
3499,16429154,jaitanwar01,"2026-06-26 08:43:24",0.77751,5,jaitanwar01
3500,16428846,"Ron Sasson","2026-06-24 23:16:46",0.77751,3,ronsasson
3501,16430445,zxstc1234,"2026-06-25 01:25:21",0.77751,1,zxstc1234
3502,16431939,"Prateek Mukherjee","2026-06-27 06:58:21",0.77751,6,prateekmukherjee14
3503,16432518,"Elsa Jean07","2026-06-25 18:11:08",0.77751,3,elsajean07
3504,16433070,ejrgusrla00,"2026-06-25 12:37:28",0.77751,4,ejrgusrla00
3505,16433289,"Ishika mehere","2026-06-25 13:17:40",0.77751,1,ishikamehere04
3506,14811196,"Owen Walpole","2026-06-25 14:45:22",0.77751,2,owenwalpole
3507,16388999,"Chinmay Sultanpuri","2026-06-25 16:01:33",0.77751,8,chinmaysultanpuri
3508,16415498,"Quân Hoàng #2","2026-06-25 16:35:57",0.77751,9,quannh206
3509,16433897,boruo48,"2026-06-25 16:42:56",0.77751,3,boruo48
3510,16434635,"Kishan Kokkalera","2026-06-25 18:06:19",0.77751,1,kishankokkalera
3511,16435415,"Ares #4","2026-06-25 23:22:22",0.77751,3,ares012906
3512,16435726,"Tony Tong12345","2026-06-26 02:02:49",0.77751,1,tonytong12345
3513,16425871,"Xin Zhaoxxxx","2026-06-26 02:38:02",0.77751,6,xinzhaoxxxx
3514,16431413,"Kwon Joohyeon","2026-06-26 12:36:20",0.77751,4,kwonjoohyeon
3515,16434333,jiani_1871,"2026-06-26 14:10:48",0.77751,1,jiani1871
3516,15218250,C0dingF1SH,"2026-06-27 08:49:26",0.77751,6,c0dingf1sh
3517,16439787,"Soumik Karan","2026-06-26 17:49:57",0.77751,2,soumikkaran
3518,16440154,"Robert Schinken-Brot","2026-06-26 20:24:58",0.77751,2,robertschinkenbrot
3519,16440533,"António Luciano","2026-06-26 21:56:23",0.77751,3,antnioluciano
3520,16441118,"Dominic Woetzel","2026-06-27 03:39:39",0.77751,1,dominicwoetzel
3521,16442330,"Erwann Brechotteau","2026-06-27 09:29:21",0.77751,2,erwannbrechotteau
3522,16442366,Martinagnt,"2026-06-27 09:33:18",0.77751,2,martinagnt
3523,16442394,"Stephanie HOTTIN","2026-06-27 09:42:39",0.77751,3,stephaniehottin
3524,16442414,tagueule,"2026-06-27 09:38:26",0.77751,1,tagueule
3525,16443593,"Pliandtrea Wonua","2026-06-27 14:58:17",0.77751,1,pliandtreawonua
3526,16425447,"Gilbert Kibe","2026-06-27 17:44:24",0.77751,2,gilbertkibe
3527,16444535,"Rifa Hanif","2026-06-27 20:31:38",0.77751,1,rifahanif
3528,16445080,Gkd202111,"2026-06-28 03:36:14",0.77751,4,gkd202111
3529,15812645,JasonXiang345,"2026-06-28 06:08:02",0.77751,3,jasonxiang345
3530,16296416,"Nakamura Sunao","2026-06-28 10:51:30",0.77751,1,nakamurasunao
3531,16444568,"Lethabo Ledwaba","2026-06-28 14:08:15",0.77751,13,lethaboledwaba
3532,16447155,"Shaurya Gupta #3","2026-06-28 14:37:10",0.77751,1,shauryagupta4
3533,16447212,MixyaD,"2026-06-28 14:54:59",0.77751,1,mixyad
3534,16447389,"José Paredes","2026-06-28 15:41:51",0.77751,1,joseparedesherbozo
3535,16447421,ssemami,"2026-06-28 15:53:22",0.77751,1,ssemami
3536,16447457,"Toshi Yamada","2026-06-28 15:59:57",0.77751,1,tkysr77
3537,16447407,Jontay7,"2026-07-20 20:09:59",0.77751,5,jontay7
3538,16440007,Temirlan220,"2026-06-29 08:38:45",0.77751,13,temirlan220
3539,16447871,"Mau Silva","2026-06-28 18:32:33",0.77751,4,mausilva
3540,16448257,"Max Diep","2026-06-28 20:44:12",0.77751,2,maxdiep
3541,16448273,CharlesCSMelo,"2026-06-29 00:21:05",0.77751,5,charlescsmelo
3542,16448972,lucifer0091,"2026-06-29 03:27:22",0.77751,1,lucifer0091
3543,16418782,"Mikkel Graungaard","2026-06-29 06:01:18",0.77751,8,mikkelgraungaard
3544,16449956,tenpura009,"2026-06-29 07:58:21",0.77751,1,tenpura009
3545,16449302,caifuck123！,"2026-07-01 07:02:21",0.77751,11,caifuck123
3546,7203345,"Dominik Wasilewski","2026-06-30 17:56:28",0.77751,20,dominikwasilewski
3547,16451188,"Ammar Gour","2026-06-30 08:17:01",0.77751,13,ammargour
3548,2268301,shreyastekade11,"2026-06-29 14:10:02",0.77751,6,shreyastekade11
3549,16433206,益田幸太,"2026-06-29 14:16:23",0.77751,2,kotamasuda1010
3550,16452445,"Sarp Acar","2026-06-29 16:17:57",0.77751,3,sarpacar
3551,16452787,hekau714,"2026-06-29 17:47:52",0.77751,2,hekau714
3552,16452956,"iwawawawa iwawa","2026-06-29 18:31:03",0.77751,1,iwawawawaiwawa
3553,16454172,"Mohsin #4","2026-06-30 00:04:00",0.77751,2,mhsnjvd
3554,16447493,Kadignass,"2026-07-07 13:02:49",0.77751,4,kadignass
3555,16455387,spikessrs,"2026-06-30 02:56:35",0.77751,3,spikessrs
3556,16455700,"Jack #44","2026-07-15 03:43:28",0.77751,4,jcklly
3557,16425539,utaniki,"2026-07-11 15:03:08",0.77751,16,utaniki
3558,16457731,"CP G","2026-06-30 08:17:12",0.77751,7,cpg2026
3559,16457713,"Eric Lin #5","2026-06-30 08:16:52",0.77751,10,ericlin900111
3560,16457711,"Inform Lai","2026-06-30 08:14:49",0.77751,3,informlai
3561,16090301,Mazze,"2026-06-30 08:16:26",0.77751,3,mazzeeee
3562,16458004,"Mudit Tiwari #2","2026-06-30 08:24:11",0.77751,1,mudittiwari022
3563,16449701,donghyeon071220,"2026-06-30 13:16:08",0.77751,4,donghyeon071220
3564,16459753,"Ayushi Dwivedi2026","2026-06-30 13:27:44",0.77751,1,ayushidwivedi2026
3565,16459841,Zorgeee,"2026-06-30 14:16:19",0.77751,3,zorgeee
3566,16460065,"Shraddha Chande","2026-06-30 16:16:51",0.77751,7,shraddha240802
3567,16460986,"Aneesh Raman 17 mar","2026-06-30 17:02:50",0.77751,1,aneeshraman17mar
3568,16461555,AMadTaco,"2026-06-30 18:57:25",0.77751,1,amadtaco
3569,16461592,idxic123,"2026-06-30 19:20:05",0.77751,4,idxic123
3570,16461976,Anchouss,"2026-06-30 20:42:50",0.77751,1,anchouss
3571,16456989,강현석그는감히전설이라할수있다,"2026-07-03 06:48:01",0.77751,9,kanghyunseok1ho
3572,3308750,"Makoto Tameda","2026-07-08 02:34:57",0.77751,3,tameda
3573,4718843,"Ali Akdagli","2026-07-01 06:35:43",0.77751,4,aliakdagli
3574,16463960,r_ishizawa,"2026-07-01 07:02:35",0.77751,4,rishizawa
3575,15650703,Jpuirgn,"2026-07-01 07:59:02",0.77751,4,jpuirgn
3576,16464212,"sheng hong","2026-07-01 08:40:28",0.77751,7,shenghongxu
3577,11350030,"Sri Sanjay","2026-07-01 09:31:01",0.77751,4,srisanjaysaai5w
3578,16465414,"xianran wang","2026-07-01 11:03:54",0.77751,1,xianranwang
3579,16461289,"Kazuki Nakama","2026-07-01 13:42:49",0.77751,5,kazukinakama
3580,16465632,xuelichen,"2026-07-02 12:32:09",0.77751,9,xuelichen
3581,16470647,hayabusak,"2026-07-01 22:56:52",0.77751,10,hayabusak
3582,16470733,"Радомир Шамсутдинов","2026-07-02 21:42:48",0.77751,15,shamsutdinovrad
3583,16463420,Pratamaw,"2026-07-02 03:16:29",0.77751,5,pratamaw
3584,16471476,"Myeonggle Kim","2026-07-02 04:08:26",0.77751,2,myeongglekim
3585,16456724,"Somesh Kale","2026-07-02 07:55:53",0.77751,3,someshkale1
3586,16472530,huangrunqian08,"2026-07-02 07:55:33",0.77751,1,huangrunqian08
3587,16472737,weichanghua35,"2026-07-02 08:38:39",0.77751,1,wch204628
3588,15601792,"Jashwanthi Vemula","2026-07-02 09:05:05",0.77751,1,jashwanthivemula
3589,15028031,"Henghan Dong","2026-07-02 09:34:49",0.77751,1,henghandong
3590,16473187,zhangziqi56,"2026-07-02 10:06:12",0.77751,1,zhangziqi56
3591,16473578,"KAKA Minishijie","2026-07-02 17:00:47",0.77751,7,kakaminishijie
3592,13202360,"Antonius Paul","2026-07-02 15:51:17",0.77751,1,antoniuspaul
3593,5055509,Dzehtsiarou,"2026-07-02 17:56:01",0.77751,3,dzehtsiarou
3594,16462141,"CHAHD SGHAIER","2026-07-02 18:36:36",0.77751,19,chahd21
3595,16475543,"Vishruthvayu Rodda","2026-07-02 21:31:08",0.77751,9,vishruthvayurodda
3596,16475657,"Dayeon Lim","2026-07-02 20:59:06",0.77751,4,dayeonlim
3597,16475656,"Mohamed Anis","2026-07-02 21:08:54",0.77751,10,mohamedanischehili
3598,16479636,"julieta zuccaro","2026-07-03 03:54:58",0.77751,3,julietazuccaro
3599,16480159,LiuYida66,"2026-07-03 06:15:35",0.77751,1,liuyida66
3600,16428511,Hyvaras,"2026-07-03 07:03:03",0.77751,2,hyvaras
3601,16480356,卜拿拿香蕉666888,"2026-07-03 07:28:33",0.77751,6,oops666888
3602,16480458,xcwjd123,"2026-07-06 07:30:49",0.77751,5,xcwjd123
3603,16480459,moyoongxian,"2026-07-03 07:28:55",0.77751,3,moyongxian
3604,16480368,DDN0706,"2026-07-03 07:22:24",0.77751,7,ddn0706
3605,16480894,"Quang Nguyễn #5","2026-07-03 09:31:49",0.77751,2,quangnguyn250306
3606,16474898,"Maxime Skryma","2026-07-03 11:16:02",0.77751,3,maximeskryma
3607,16481455,"Harrison O'Kane","2026-07-20 10:57:17",0.77751,5,harrisonokane
3608,16482076,"Thư Nguyễn #2","2026-07-03 14:07:07",0.77751,2,thuwcute
3609,16483196,"HIMANSHI DADHEECH","2026-07-03 18:15:15",0.77751,1,himanshidadheech01
3610,16478079,Z_Q1,"2026-07-04 02:27:27",0.77751,5,zq0001
3611,16484962,sa1ty.lemon,"2026-07-04 07:36:58",0.77751,2,sa1tylemon
3612,16485092,"abdul wahed07","2026-07-04 08:03:06",0.77751,1,abdulwahed07
3613,16485857,kerokazoo,"2026-07-04 12:00:16",0.77751,1,kerokazoo
3614,16486014,"MAYANK #2","2026-07-04 12:42:51",0.77751,1,mayankptdr
3615,16486371,"Aki Madono","2026-07-04 14:28:38",0.77751,1,akimadono
3616,16487362,"Ahmed Amr #2","2026-07-04 19:27:12",0.77751,1,ahmedamr0222
3617,16480058,风与璇玑,"2026-07-05 02:05:13",0.77751,2,fengyuxuanji123
3618,10836580,"Mohamed Hisham Abdelzaher","2026-07-05 02:14:48",0.77751,1,mh0386
3619,14734373,X_Nefertar,"2026-07-05 07:14:46",0.77751,4,xnefertar
3620,16489024,YeliyaZhang,"2026-07-05 12:08:26",0.77751,3,yeliyazhang
3621,16489237,"[Deleted] 6dd38386-8b0f-481f-b53d-197a38170551","2026-07-05 08:54:32",0.77751,1,del=cf519d9d6c2553e6
3622,16456900,"Sanzhar Konysbayev","2026-07-12 14:04:45",0.77751,8,sanzharkonysbayev
3623,16489447,"Shiming Dai","2026-07-05 12:20:46",0.77751,8,shimingdai
3624,16487718,Ahmedwaleed43,"2026-07-05 12:08:53",0.77751,2,modawaleed10
3625,16483786,"hosni mub","2026-07-05 13:45:30",0.77751,3,hosnimub
3626,16490331,LIBOZHI,"2026-07-05 13:59:27",0.77751,2,libozhi
3627,16490434,"Daniel Lawrence #2","2026-07-05 14:14:48",0.77751,1,dan9el
3628,16489813,"Severyn Melchenko","2026-07-10 20:03:37",0.77751,14,severynchik
3629,16490847,kyocoolcool,"2026-07-05 15:56:09",0.77751,3,kyocoolcool
3630,16491258,"Kotov Mihail","2026-07-05 18:01:07",0.77751,2,kotovmihail
3631,16493455,Tachyonos,"2026-07-06 07:57:08",0.77751,6,tachyonos
3632,16490336,erythix,"2026-07-06 10:58:45",0.77751,7,erythix
3633,16493742,"Betül Sarı","2026-07-06 08:36:04",0.77751,3,betlsari0
3634,16493908,Yogeshjangra_11,"2026-07-06 09:10:22",0.77751,1,yogeshjangra11
3635,14948664,"AlelopezTor 03","2026-07-06 15:04:02",0.77751,4,alelopeztor03
3636,16495085,"Rachata Kn.","2026-07-06 14:25:58",0.77751,6,rachatakn
3637,16495608,"Seratul Mustakim","2026-07-06 14:54:52",0.77751,1,seratul
3638,16499607,viber3221,"2026-07-07 08:12:50",0.77751,2,viber3221
3639,16326052,"Md khadikul Islam","2026-07-07 12:34:06",0.77751,3,mdkhadikulislam
3640,16493111,"Oleh Smirnov","2026-07-07 12:21:54",0.77751,2,olehsmirnov
3641,16500595,"Sonu Kumar #7","2026-07-07 15:13:25",0.77751,3,psonu786786
3642,16504358,"irina Salvatore","2026-07-08 13:41:51",0.77751,2,irinasalvatore
3643,16440226,"Davi Baruch","2026-07-08 01:13:54",0.77751,8,davibaruch07
3644,16505989,"Suyu Wang","2026-07-08 04:57:23",0.77751,6,suyuwang1
3645,16506683,"Bhargava Badarinath","2026-07-08 07:24:19",0.77751,3,bhargavabadarinath
3646,16500702,"jorge manuel tordesillas gomez","2026-07-08 10:01:00",0.77751,4,joluva
3647,16494797,"Miku Sasaki","2026-07-08 11:57:31",0.77751,7,mikusasaki
3648,16508726,abhinav786097898,"2026-07-08 15:17:17",0.77751,1,abhinav786097898
3649,16508280,"Emmanuel Ilyas","2026-07-08 17:50:30",0.77751,3,emmanuelilyas
3650,16509040,"Nicolas Marcus","2026-07-08 19:17:20",0.77751,3,nicolasmarcus
3651,16506807,"1 Say","2026-08-03 07:22:18",0.77751,7,say20270707
3652,16511258,"Jiaxing Tian","2026-07-09 07:06:26",0.77751,5,jiaxtian
3653,16511882,"Anuuuuuuu S","2026-07-09 09:35:46",0.77751,2,anuuuuuuus
3654,16512127,"Deeva Jain","2026-07-11 09:16:05",0.77751,2,deevajain2607
3655,16512331,"Mehdi Trense","2026-07-24 00:30:05",0.77751,5,mehditrense
3656,16507450,lizhihf,"2026-07-09 12:31:23",0.77751,3,lizhihf
3657,16513078,"Jehad Ayman","2026-07-09 14:44:45",0.77751,1,jehadayman
3658,16514224,"Vaniya Ejaz","2026-07-09 21:15:53",0.77751,2,vaniyaejaz
3659,16514448,"Emiliano Mogorovich","2026-07-17 03:23:52",0.77751,3,emilianomogorovich
3660,16516054,"Nuria Wan","2026-07-10 09:31:15",0.77751,2,nuriawan
3661,16515796,lonism23,"2026-07-15 10:19:25",0.77751,5,lonism23
3662,16516182,"Boneng Sun","2026-07-20 11:54:33",0.77751,3,bonengsun
3663,16516285,"Mohamed Hesham #2","2026-07-10 10:39:45",0.77751,1,coderxd
3664,16516467,"Hayyan Azhar","2026-07-10 11:45:34",0.77751,1,hayyanazhar
3665,16515630,"Hinata #2","2026-07-23 09:10:39",0.77751,19,inarin18
3666,16516974,GianlucaF,"2026-07-10 14:24:37",0.77751,1,giangj
3667,16530619,RonaldoXBT,"2026-07-11 03:37:21",0.77751,2,ronaldoxbt
3668,16516888,"João Wellington","2026-07-11 03:52:47",0.77751,2,joaowellington
3669,16531146,"Jassi Dwal","2026-07-11 07:20:00",0.77751,4,jassidwal
3670,16263357,"Pakin Wattanaungoon","2026-07-11 09:19:31",0.77751,6,pakinwattanaungoon
3671,9395646,paulwang19931217,"2026-07-11 09:48:31",0.77751,1,paulwang19931217
3672,16532914,"Mohammed Eitta","2026-07-11 17:21:59",0.77751,5,mohammedeitta
3673,16533052,jjlin897,"2026-07-11 17:42:36",0.77751,1,jjlin897
3674,16533230,"Osama Mohamed Hatem","2026-07-11 19:26:28",0.77751,5,osamakhsfiuhaidufhiu
3675,16533625,Yayay27,"2026-07-12 01:13:06",0.77751,2,yayay27
3676,16322761,中山翔生,"2026-07-12 04:59:26",0.77751,18,sho1123
3677,16516500,"Titanic (Tentative)","2026-07-12 11:10:15",0.77751,4,taka1212
3678,16536203,JENNYGORRITI,"2026-07-12 18:14:08",0.77751,1,jennygorriti
3679,16536314,Chiranjeeb_2003,"2026-07-18 13:55:24",0.77751,3,chiranjeeb2003
3680,15923213,W683#KcEVnQg.@6,"2026-07-12 20:11:31",0.77751,1,w683kcevnqg6
3681,16536588,"Priyanshu Barnwal #3","2026-07-12 22:03:15",0.77751,3,priyanshubarnwalhehe
3682,16536742,"Zakaria Abdenour Mekki","2026-07-15 14:36:28",0.77751,3,zakariaabdenourmekki
3683,16537173,"Aiden Jeong","2026-07-13 04:27:04",0.77751,8,aidenjeong
3684,16537469,"Prabhsher Singh","2026-07-20 04:15:02",0.77751,3,prabhshersingh
3685,16537317,MalelizarazoP,"2026-07-13 06:10:06",0.77751,4,malelizarazop
3686,16539312,"Trần Nguyễn Anh Khoa","2026-07-13 12:43:52",0.77751,2,bamboovocvach
3687,15333876,Chennz,"2026-07-13 13:16:41",0.77751,2,chennz2
3688,16539487,"Mohammed Shahzan","2026-07-13 13:22:11",0.77751,1,mohammedshahzan
3689,16495138,山本美沙,"2026-07-13 13:29:43",0.77751,4,misaymmt
3690,16537677,SongMinkyeong,"2026-07-13 13:57:47",0.77751,4,ssongminkyeong
3691,16540011,"Ravshan Sodiqov","2026-07-13 15:30:29",0.77751,1,ravshansodiqov
3692,15620045,"Aleesha Nadeem","2026-07-13 15:55:36",0.77751,3,nalisha
3693,16540244,kuba_kosowicz,"2026-07-22 16:41:18",0.77751,2,jacooob21
3694,16540302,"Falada;l,","2026-07-13 17:11:30",0.77751,3,faladal
3695,16540413,ivlobanov,"2026-07-13 18:41:18",0.77751,5,ivlobanov
3696,16542653,"Naufal Eza Pradana","2026-07-14 07:11:53",0.77751,1,naufalezapradana
3697,16542568,"stin ver","2026-07-14 07:25:46",0.77751,10,stinver
3698,16542668,"Saad Khan #3","2026-07-14 07:13:48",0.77751,1,smk5g5
3699,16542889,"Syahrin S","2026-07-14 08:02:58",0.77751,1,syahrins
3700,16542819,尕玛才仁拉毛,"2026-07-14 08:55:57",0.77751,8,gamacairenlamao
3701,16542629,yyL20041206,"2026-07-14 09:03:56",0.77751,6,yyl20041206
3702,16538000,AthenaKKK,"2026-07-14 08:49:15",0.77751,5,athenakkk
3703,16414639,siro28844,"2026-07-17 07:08:18",0.77751,8,siro28844
3704,16542946,caiji123,"2026-07-14 12:07:48",0.77751,5,caiji123
3705,16543266,"Lucas Totaro","2026-07-14 09:22:27",0.77751,9,lucastotaro
3706,16543519,"Hajari Om","2026-07-14 10:24:55",0.77751,1,hajariom
3707,16543499,"SHAILESH KARAMUNGE","2026-07-16 09:09:12",0.77751,2,shaileshkaramunge
3708,16543719,"Hareeshkar Ravi","2026-07-14 11:29:34",0.77751,3,hareeshkarravi
3709,16544311,"Fisher Eric","2026-07-14 14:09:23",0.77751,1,fishereric
3710,16544312,"Zaid Wajeeh","2026-07-14 14:09:37",0.77751,1,zaidwajeeh
3711,16544372,"Alisher Toychiyev","2026-07-14 14:33:31",0.77751,2,alishertoychiyev
3712,16546793,"Olivier #11","2026-07-14 22:01:27",0.77751,3,hoololi
3713,16548274,"Jorge Luís Gregório","2026-07-15 01:53:46",0.77751,1,jorgelusgregrio
3714,16548506,"Kripa Shah","2026-07-15 03:25:27",0.77751,1,kripashah
3715,16501144,"053-Anuradha Wagh","2026-07-15 04:10:05",0.77751,11,anuradhawagh
3716,15033758,divjson,"2026-07-15 03:58:21",0.77751,1,divjson
3717,16548692,"heegyeong wang","2026-07-15 03:58:23",0.77751,1,heegyeongwang
3718,16549532,"Mark Zagumennikov","2026-07-23 06:55:47",0.77751,26,markzagumennikov
3719,16543617,mxp0213,"2026-07-16 12:51:35",0.77751,11,mxp0213
3720,16549718,"Nima Hedayati23","2026-07-21 12:12:14",0.77751,12,nimahedayati23
3721,16551151,"Иван Кустов","2026-07-15 16:43:00",0.77751,4,ivanrather
3722,16552949,"Dhiraj Shetye","2026-07-16 02:29:29",0.77751,3,dhirajshetye
3723,16553096,"Bidya Chanda","2026-07-16 03:16:50",0.77751,1,bidyachanda
3724,16553535,"Indra Gu","2026-07-16 06:42:22",0.77751,2,indragu
3725,16548465,Idaji0707,"2026-07-16 07:34:53",0.77751,8,idaji0707
3726,16553698,pravu@14,"2026-07-16 07:41:33",0.77751,6,pravu14
3727,16554256," junhwan1029","2026-07-16 08:45:45",0.77751,1,junhwan1029
3728,16554402,"Mahdi Motalebi","2026-07-16 09:21:41",0.77751,1,mahdimotalebi
3729,16554354,FanXieYi,"2026-07-16 10:41:01",0.77751,7,ivanfan1214
3730,16554757,apple877,"2026-08-02 02:25:58",0.77751,3,apple877
3731,16554800,"Mariah Suresh 345","2026-07-16 11:26:09",0.77751,1,mariahsuresh345
3732,16509987,lxHarold1,"2026-07-16 15:30:16",0.77751,6,lxharold1
3733,16555276,Tiger67,"2026-07-16 20:18:54",0.77751,6,tiger67
3734,16556344,"Aby K Prakash","2026-07-16 18:47:18",0.77751,2,abykprakash
3735,16556898,"ramin haghighi","2026-07-16 21:18:31",0.77751,1,raminhaghighi
3736,16556875,"Kishor Shah","2026-07-16 22:05:00",0.77751,3,kishorshah
3737,16557308,ngggg151,"2026-07-17 03:25:55",0.77751,2,ngggg151
3738,16559572,"Alireza Ziglary","2026-07-17 13:20:23",0.77751,2,alirezaziglary
3739,16560210,Srihamsini_1805,"2026-08-02 20:24:41",0.77751,7,srihamsini1805
3740,16560498,"Sebastian Nati","2026-07-17 17:16:13",0.77751,1,sebastiannati
3741,16560879,JesusCrist7,"2026-07-17 19:54:48",0.77751,3,jesuscrist7
3742,16561022,victmm,"2026-07-17 20:16:12",0.77751,1,victmm
3743,16561464,"Iago Comin","2026-07-18 01:43:09",0.77751,4,iagocomin
3744,16561835,bjkbbjbjbjbjb,"2026-07-18 03:19:15",0.77751,5,bjkbbjbjbjbjb
3745,16341049,flown92,"2026-07-18 09:43:08",0.77751,3,flown92
3746,16565709,rawsashimi,"2026-07-18 14:47:40",0.77751,4,rawsashimi
3747,16565970,"Saleha Bashir","2026-07-18 16:09:45",0.77751,3,salehabashir
3748,16566109,"Tariq Elnaggar","2026-07-18 17:18:50",0.77751,3,tarekelnaggar
3749,16566232,Hiba32,"2026-07-18 17:49:47",0.77751,1,hiba32
3750,16556582,indulge666,"2026-07-18 19:07:40",0.77751,5,indulge666
3751,15660042,ZeroBias,"2026-07-19 17:07:37",0.77751,7,zerobias
3752,13010705,"Muhammad Ibn Qamar","2026-07-19 01:40:30",0.77751,1,muhammadibnqamar
3753,16567155,LifelongApprentice,"2026-07-19 03:14:13",0.77751,3,lifelongapprentice
3754,2125866,joaguilar,"2026-07-19 04:30:49",0.77751,1,joaguilar
3755,16568637,YangJTao,"2026-07-19 06:38:13",0.77751,1,yangjtao
3756,16538250,linzixi,"2026-08-07 11:13:43",0.77751,9,linzixi7797
3757,16569042,Rivdoo,"2026-07-19 09:57:24",0.77751,4,rivdoo
3758,14857851,"Rohit Gopu","2026-07-19 12:14:47",0.77751,1,rohitgopu
3759,16570759,"David Weatherstone #2","2026-07-19 15:05:30",0.77751,2,davidweatherstone
3760,16570831,"승민(Seungmin Oh)","2026-07-19 15:14:18",0.77751,2,seungminoh1
3761,16566406,"Gleb #4","2026-07-19 16:29:45",0.77751,2,gleb333
3762,6560331,"Eduardo Ferreras","2026-07-19 21:14:14",0.77751,9,eduardoferreras
3763,16573260,Tulictor,"2026-07-20 04:28:59",0.77751,3,tulictor
3764,16574004,"Tony Qu","2026-07-20 07:41:59",0.77751,2,lulameoh
3765,16573722,juhoKang,"2026-07-22 08:22:39",0.77751,8,juhoimda
3766,7566471,"Prateek Sohlot","2026-07-20 13:00:55",0.77751,2,prateeksohlot
3767,16575705,"Raihan Adi.w","2026-07-20 15:01:30",0.77751,4,raihanadiw
3768,16575809,rurruru09,"2026-07-20 16:15:28",0.77751,2,rurruru09
3769,16551264,"kiseok koh","2026-07-20 17:26:49",0.77751,4,kiseokkoh
3770,16578391,"MATSUDA HARUKI","2026-07-21 02:59:48",0.77751,1,matsudaharuki
3771,16579341,oarben,"2026-07-21 06:53:50",0.77751,1,oarben
3772,16580278,"Howon MJeong","2026-07-21 10:20:55",0.77751,2,howonmjeong
3773,16579637,Joonis,"2026-07-21 11:16:36",0.77751,2,joonis
3774,16575666,chmikko,"2026-07-22 16:34:33",0.77751,7,chmikko
3775,16581782,"Varshith Varakala","2026-07-21 15:06:20",0.77751,2,varshithvarakala
3776,16582061,LeoFang616,"2026-07-22 16:22:18",0.77751,10,leofang616
3777,16583950,xikongeue,"2026-07-22 02:55:58",0.77751,3,xikongeue
3778,16584036,irenaO.o,"2026-07-22 03:31:29",0.77751,1,irenaoo
3779,16534891,"Kanon Hirayama","2026-07-29 07:16:49",0.77751,5,kanonhirayama
3780,16583339,"Dalil Dakki","2026-07-22 14:24:39",0.77751,6,dalildakki
3781,16581719,"David P Hernandez","2026-07-31 10:04:35",0.77751,8,davidphernandez
3782,16586137,"Sushanth Tiruvaipati","2026-07-22 14:26:37",0.77751,1,sushanthtiruvaipati
3783,16586702,"Jaehee Kim #2","2026-07-22 17:16:40",0.77751,2,jaehk1010
3784,16587780,Hui_4537,"2026-07-23 01:55:29",0.77751,1,hui4537
3785,16588161,"Viror Huang","2026-07-23 04:24:07",0.77751,5,virorhuang
3786,16588476,"Rupesh Gupta","2026-07-23 06:05:06",0.77751,1,rupeshgupta56
3787,16555159,"Derrick Muturi","2026-07-23 07:53:05",0.77751,4,muturimuturi
3788,16589229,"Minh Nhat Duong Phan","2026-07-23 10:14:31",0.77751,5,minhnhatduongphan
3789,13923448,"Kim TGTG","2026-07-23 15:25:32",0.77751,2,kimtgtg
3790,16585904,KZ_start,"2026-07-23 16:53:19",0.77751,6,kzstart
3791,16531854,"Ayush Gupta #16","2026-07-23 17:28:00",0.77751,2,ag1497
3792,16592113,"Sean Wang #4","2026-07-24 05:11:33",0.77751,1,seanwang009
3793,16592406,灵动如水,"2026-07-30 01:23:53",0.77751,5,ldrsqmkkx
3794,16593156,Neeti3003,"2026-07-24 09:50:36",0.77751,1,neeti3003
3795,16593209,"mobin abdi","2026-07-24 10:05:52",0.77751,1,mobinabdi
3796,14094780,"Santhoshi Soma","2026-08-03 14:05:00",0.77751,8,santhoshi54
3797,16593563,"Ntobeko Mdakane","2026-07-24 12:18:35",0.77751,2,ntobekomdakane
3798,16593878,郑志健000,"2026-07-24 13:35:23",0.77751,1,zzj000
3799,16594102,charlesj,"2026-07-24 15:00:18",0.77751,5,jian0312
3800,16595390,"Armando Teixeira-Pinto","2026-07-24 22:43:17",0.77751,2,armandoteixeirapinto
3801,16594536,smnhong,"2026-07-26 16:53:47",0.77751,4,smnhong
3802,16596867,moyoulingsen,"2026-07-28 10:11:02",0.77751,5,moyoulingsen
3803,16573869,"Taylor S. Amarel","2026-07-25 12:16:51",0.77751,6,taylorsamarel
3804,16580788,"Joo gavin","2026-07-25 06:11:12",0.77751,7,joogavin
3805,16597585,"Egor Zediks","2026-07-25 08:34:16",0.77751,3,egorzediks
3806,16597773,1146054766@qq.com,"2026-07-25 09:32:03",0.77751,3,martonfuck
3807,16598859,konohaco,"2026-07-25 14:29:28",0.77751,1,konohaco
3808,16594719,"Ahmed A. Cisse","2026-07-25 16:43:42",0.77751,4,ahmedacisse
3809,16599427,"Hardik Kumar Sinha","2026-07-25 19:18:20",0.77751,2,hksinha510
3810,5254769,"Fabio Correa (self)","2026-07-25 21:59:26",0.77751,1,correax
3811,16600614,"Soichiro Mochizuki","2026-07-26 06:51:40",0.77751,5,soichiromochizuki
3812,15952171,"Mohamed Essam 3112002","2026-07-26 06:35:31",0.77751,3,mohamedessam3112002
3813,14349534,"Alex #115","2026-07-26 09:51:36",0.77751,9,alex827
3814,16601924,"LAMRI MERIEM","2026-08-03 17:51:38",0.77751,4,lamrimeriem
3815,16602178,"Noah Adam","2026-07-26 14:49:22",0.77751,3,noahadamwear
3816,16602030,"Imai Sakiko (tibenfan)","2026-07-29 02:34:44",0.77751,12,imaisakikotibenfan
3817,16602399,AyoubkEL,"2026-07-26 15:52:18",0.77751,1,ayoubkel
3818,16602738,Saqib999,"2026-07-26 17:33:54",0.77751,1,saqib9909
3819,16602787,"Saqib Iqbal","2026-07-26 17:46:14",0.77751,1,saqibiqbal2
3820,16589810,"Emma Czanner","2026-07-26 18:24:00",0.77751,3,emmaczanner
3821,16603036,"NINOMIYA HAYATE","2026-07-26 19:48:53",0.77751,1,ninomiyahayate
3822,16603165,"Abhijeet Sawan","2026-07-26 21:27:59",0.77751,1,abhijeetxd
3823,16603180,"Gabriel Brognoli","2026-07-26 21:59:01",0.77751,1,gabrielbrognoli
3824,11729897,jerry9190,"2026-07-27 02:48:30",0.77751,6,jerry9190
3825,16592409,S.S,"2026-07-27 09:57:18",0.77751,6,domy29
3826,16605827,makabaka_zzy,"2026-07-27 13:40:41",0.77751,1,makabakazzy
3827,16606792,"Shanu Khan","2026-07-27 18:34:40",0.77751,1,shanukhands
3828,16608972,"Aidar Altynbek","2026-07-28 09:13:42",0.77751,1,aidaraltynbek
3829,16609131,txzjbx,"2026-07-28 10:24:16",0.77751,10,txzjbx
3830,16609424,"Anirudh N","2026-07-28 11:33:29",0.77751,1,nanirudhn
3831,16602844,imsubratdas,"2026-07-28 17:01:00",0.77751,2,imsubratdas
3832,16610967,Neorangebharath47,"2026-07-28 19:35:17",0.77751,4,neorangebharath47
3833,16611486,"Talon Cockburn","2026-07-29 01:48:36",0.77751,2,taloncockburn
3834,16611656,M.Kaga,"2026-07-29 02:23:05",0.77751,1,moriakikaga
3835,16611758,"Demetrio Torgan","2026-07-29 03:14:40",0.77751,1,demetriotorgan
3836,16611896,"seddik soussi","2026-07-30 08:00:16",0.77751,5,seddiksoussi
3837,16612047,"Anirudh Nallajarla","2026-07-29 04:58:02",0.77751,1,anirudhnallajarla
3838,16607401,"Nathaniel DeMoro","2026-07-30 02:44:47",0.77751,7,nathanieldemoro
3839,16612256,fakiaki,"2026-07-29 06:04:27",0.77751,1,fakiaki
3840,16612436,"Shunsuke #3","2026-07-29 07:49:22",0.77751,3,shunsuke1008
3841,16613315,qliqian,"2026-07-29 11:23:59",0.77751,1,qliqian
3842,15509139,"Iwumezie Macdonald","2026-07-29 19:04:08",0.77751,5,iwumeziemacdonald
3843,16614628,"Pooja Bodke","2026-07-29 18:20:05",0.77751,4,poojabodke
3844,16615095,RJThompson,"2026-07-29 18:57:56",0.77751,1,rjthompson
3845,16618259,"Rogue JIM","2026-07-30 09:07:17",0.77751,1,roguejim
3846,16601245,kingze,"2026-07-30 09:24:33",0.77751,3,kingze
3847,11343170,"Abdumannon Abdurakhmanov","2026-07-30 18:23:12",0.77751,1,foeliemanner
3848,16622528,"carlos r cezario","2026-07-30 19:12:46",0.77751,2,carlosrcezario
3849,16622464,Shreyansh2526,"2026-08-02 18:18:04",0.77751,11,shreyansh2526
3850,16613487,"Shun Adachi","2026-08-03 08:26:19",0.77751,5,shunadachi
3851,16625528,noga0714,"2026-08-05 02:43:26",0.77751,6,noga0714
3852,16619127,"RZ Lu","2026-07-31 08:09:49",0.77751,2,ruizhaolu
3853,15122087,"Doan Le Quoc DS01","2026-07-31 08:22:05",0.77751,1,doanlequocds01
3854,16628234,"Hattenbach Treder","2026-07-31 09:28:33",0.77751,2,hattenbachtreder
3855,16630615,"Avantik Sharma","2026-08-02 15:03:44",0.77751,7,avantikdev
3856,12852677,"Matheus Bonjour Laviola da Silva","2026-07-31 12:25:02",0.77751,2,matheusbonjour
3857,16632534,"Philippe Brocard","2026-07-31 16:10:51",0.77751,1,philippebrocard2
3858,16633365,"Keshav Sharma #5","2026-07-31 20:36:54",0.77751,1,keshav544
3859,13923954,"ZHIRUI WANG","2026-08-01 01:10:48",0.77751,4,zhiruiwang
3860,16633883,"Jerry King #2","2026-08-01 01:12:17",0.77751,1,szjerryking
3861,16634054,aluno119695ufv,"2026-08-01 03:21:11",0.77751,9,aluno119695ufv
3862,16634258,"HAN-SIERRA MIKE","2026-08-01 04:04:00",0.77751,3,sierramike196
3863,9678353,"Yining Pan","2026-08-01 10:56:37",0.77751,6,kaiaynp
3864,16590728,"Арсений Кривецкий","2026-08-04 19:16:45",0.77751,9,madblood32
3865,16635952,Abdul-Rehman-Tahir01,"2026-08-01 14:07:22",0.77751,9,abdulrehmantahir01
3866,16635419,November.99,"2026-08-01 12:54:42",0.77751,10,november99
3867,16636936,"Lorenzo Mioso","2026-08-01 13:43:38",0.77751,2,lorenzomioso
3868,16637578,"TSENG PIN YAO","2026-08-01 14:43:49",0.77751,1,luketsengtw
3869,16637718,HuPengchen,"2026-08-01 15:00:05",0.77751,1,hupengchen
3870,16636304,"Joao Reis #2","2026-08-01 21:21:03",0.77751,6,joaoreiz
3871,147392,"Radhakrishnan Guhan","2026-08-02 00:46:26",0.77751,3,rmsgrk
3872,16639723,lixt229,"2026-08-02 03:41:04",0.77751,2,lixt229
3873,16639980,NCU_JACK,"2026-08-02 05:12:59",0.77751,1,ncujack
3874,16640003,Nattou0708,"2026-08-02 06:55:50",0.77751,2,nattou0708
3875,16641375,"A Aswanth Raj","2026-08-02 12:33:30",0.77751,1,aaswanthraj
3876,16641862,"Abhimanyu Mehta","2026-08-02 14:08:21",0.77751,3,abhimanyumehta18
3877,16641594,"Adrien Dutfoy","2026-08-02 19:26:50",0.77751,7,adriendutfoy
3878,16579443,"Ethan Riding","2026-08-02 18:44:00",0.77751,2,ethanriding
3879,13380134,"Tom Yanase","2026-08-10 02:57:17",0.77751,25,tomyanase
3880,16651025,AiziDashi,"2026-08-03 08:38:30",0.77751,2,aizidashi
3881,16651442,"ali bavand","2026-08-03 09:02:03",0.77751,1,alibavand
3882,16651542,maxhigu,"2026-08-03 09:14:38",0.77751,1,maxhigu
3883,16652329,Prince077,"2026-08-03 11:26:19",0.77751,3,prince077
3884,15673218,"Anton Kostin","2026-08-03 19:31:48",0.77751,1,visualcomments
3885,16655293,"Hami Hajimomen","2026-08-03 22:40:48",0.77751,1,hamihajimomen
3886,16655387,"Pedro Odorize","2026-08-03 23:48:58",0.77751,3,pedroodorize
3887,16498191,"Chuanjun Lu","2026-08-04 02:40:19",0.77751,2,chuanjunlu
3888,16658030,taifanh,"2026-08-04 08:03:32",0.77751,10,taifanh
3889,16658876,cuplava,"2026-08-04 08:49:55",0.77751,1,cuplava
3890,16659808,MyRedChamber,"2026-08-04 10:43:21",0.77751,1,myredchamber
3891,16659736,"Joshua Garcia","2026-08-04 11:35:12",0.77751,3,davetto
3892,16632200,Eduardhuh27,"2026-08-04 15:20:33",0.77751,6,eduardhuh27
3893,16662627,"eulalio gonzalez valencia","2026-08-04 18:45:05",0.77751,3,eulalio26
3894,16663652,"Jordan B #2","2026-08-07 18:17:27",0.77751,5,jordanb123
3895,16665221,MotionlessHeart,"2026-08-05 07:15:06",0.77751,3,binliang1998
3896,16665730,"Zhengwei Wang0607","2026-08-05 07:34:07",0.77751,2,zhengweiwang0607
3897,16666287,"Angus #6","2026-08-05 08:59:47",0.77751,1,anguswright
3898,16666432,"Aleem Najak","2026-08-05 09:23:25",0.77751,3,aleemnajak
3899,891416,JamesMuniu,"2026-08-05 15:18:35",0.77751,6,jamesmuniu
3900,16667832,Habes07,"2026-08-05 12:50:52",0.77751,2,habes07
3901,16670213,"Shane Weems","2026-08-05 20:43:07",0.77751,2,shaneweems
3902,16640202,"David Udenkwo","2026-08-05 23:07:29",0.77751,6,davidudenkwo
3903,16656158,"SQ Hou","2026-08-06 01:51:23",0.77751,2,shaqihou
3904,16659101,"Wayne Chou","2026-08-06 02:14:18",0.77751,7,ambientz
3905,16674495,xuhan,"2026-08-06 09:23:00",0.77751,5,chifandaochupao
3906,16674600,"Shreyas Shinde #2","2026-08-06 09:35:21",0.77751,1,shreyasshinde123
3907,16534830,"Hiroshi Yang Saito","2026-08-06 11:14:01",0.77751,3,hiroshiyangsaito
3908,16675772,ch419,"2026-08-06 14:07:24",0.77751,5,changyunhwang
3909,16678406,"Ketuanze Emmasha","2026-08-06 19:09:23",0.77751,2,ketuanzeemmasha
3910,16679322,"John Williams Morrill","2026-08-06 21:03:01",0.77751,1,johnwilliamsmorrill
3911,16680154,"Anub Sinha","2026-08-07 11:41:19",0.77751,10,anubloom
3912,16673522,DongDDong,"2026-08-07 01:23:39",0.77751,11,dongddong
3913,16680598,kindman0,"2026-08-07 02:00:01",0.77751,1,kindman0
3914,16680579,leeseul,"2026-08-07 02:58:11",0.77751,10,leeseulfd
3915,16680910,"LEE SEULDDD","2026-08-07 03:27:28",0.77751,10,leeseulddd
3916,16548241,cygnusterbang,"2026-08-07 16:03:44",0.77751,10,cygnusterbang
3917,16681236,"Jesson Daniel","2026-08-07 03:59:55",0.77751,2,jessondaniel
3918,16670870,"Surya Bhattiprol","2026-08-07 06:25:12",0.77751,6,suryabhattiprol01
3919,16253170,"E S TEJA","2026-08-08 05:55:19",0.77751,8,esteja
3920,16076586,hayajin.net,"2026-08-07 07:36:21",0.77751,4,hayajinnet
3921,16682938,Tuetistoof,"2026-08-07 07:57:04",0.77751,5,tuetistoof
3922,15284253,"Максим Полочкин","2026-08-07 09:32:46",0.77751,9,boiihhh
3923,16683957,"Florence Oyinloye","2026-08-07 09:42:29",0.77751,1,florenceoyinloye
3924,16650912,MzzJensen,"2026-08-07 11:03:21",0.77751,4,mzzjensen
3925,8321402,m4lt3HH,"2026-08-07 11:57:37",0.77751,1,m4lt3hh
3926,13300292,毛治钦F,"2026-08-07 15:03:36",0.77751,3,maozhiqinf
3927,16686304,"Felix Watts","2026-08-07 16:10:38",0.77751,1,felixwatts
3928,16687213,"Panchal Preet","2026-08-07 18:51:14",0.77751,3,panchalpreet
3929,16677946,kay.liechtenstein,"2026-08-08 23:51:18",0.77751,9,kayliechtenstein
3930,16687654,batman0001,"2026-08-07 21:55:29",0.77751,2,batman0001
3931,16688762,"Chunlai Li","2026-08-08 04:12:33",0.77751,1,lichunlai123
3932,16688820,"Varun Purushothaman","2026-08-08 04:29:50",0.77751,3,varunpurushothaman
3933,16689177,"Justin Chen","2026-08-08 06:07:08",0.77751,2,jcproject
3934,16688537,cip,"2026-08-08 06:44:09",0.77751,5,ilusciniaa
3935,16690170,MitulbhBhatia,"2026-08-08 09:30:11",0.77751,1,mitulbhbhatia
3936,15636536,"Qingwen123 Zeng","2026-08-09 03:23:58",0.77751,4,qingwen123zeng
3937,16691003,"Darsh Chouhan","2026-08-08 13:16:57",0.77751,2,darshiiit
3938,16302863,Slimretta,"2026-08-08 13:36:53",0.77751,2,slimretta
3939,11770098,"Brian Whiteley","2026-08-08 14:27:38",0.77751,2,brianwhiteley
3940,16601773,"Harshith Chitluri","2026-08-09 16:55:46",0.77751,15,harshithchitluri
3941,16670174,zwbao1996,"2026-08-09 06:29:03",0.77751,1,zwbao1996
3942,16688801,Kai44p,"2026-08-09 13:31:29",0.77751,10,kai44p
3943,16694193,MEiThon,"2026-08-09 06:56:52",0.77751,6,meithon
3944,16694008,"Het Patel #4","2026-08-10 07:32:02",0.77751,5,het836
3945,16371754,Shivam_Tibrewal12,"2026-08-09 10:04:11",0.77751,9,shivamtibrewal12
3946,16683089,fujiyansan,"2026-08-09 10:54:59",0.77751,4,fujiyansan
3947,16695373,"Azhar Rafif Adiwsa","2026-08-09 11:35:25",0.77751,3,azharrafifadiwsa
3948,16696707,"Apameh Dookhtechi","2026-08-09 15:14:27",0.77751,1,apamehdookhtechi
3949,16697082,Weilianghao,"2026-08-09 16:52:01",0.77751,2,weilianghao
3950,16697165,"Diyo Matalo","2026-08-09 16:45:12",0.77751,1,diyomatalo
3951,16697347,"Egor #10","2026-08-09 17:25:43",0.77751,1,egoraka111
3952,15063396,"Mobina Roudgar","2026-08-09 19:23:13",0.77751,1,mobinaroudgar
3953,16698436,"Giovanry Silalahi","2026-08-10 02:31:36",0.77751,1,giovanrysilalahi
3954,16698541,李函蓉findchar,"2026-08-10 03:04:35",0.77751,1,findchar
3955,16699612,LMurder,"2026-08-10 07:23:14",0.77751,2,lmurder
3956,16699880,ruiroad,"2026-08-10 08:21:20",0.77751,1,ruiroad
3957,16700823,"Ban Sei","2026-08-10 11:50:52",0.77751,5,bansei
3958,16134672,"Afzal Manihar","2026-08-10 12:48:34",0.77751,1,afzalmanihar
3959,16705428,Paco88,"2026-08-13 05:01:08",0.77751,2,paco88
3960,16706157,"tanimori yuta","2026-08-11 07:06:12",0.77751,1,tanimoriyuta
3961,16705773,NurzatS,"2026-08-11 07:35:15",0.77751,3,nurzats
3962,16700055,"Silas Gu","2026-08-12 05:21:58",0.77751,4,gulinzhi
3963,16701507,Nona26,"2026-08-11 19:37:11",0.77751,10,nona26
3964,16706533,"Bimal Timsina","2026-08-11 13:48:23",0.77751,6,bimaltimsina
3965,16675808,"Shrushti Makne","2026-08-12 13:23:50",0.77751,11,shrushtimakne21
3966,16684733,"amol shirole","2026-08-13 11:56:44",0.77751,8,amolshirole
3967,16692745,"İhsan Can","2026-08-11 17:53:45",0.77751,4,hsancan
3968,16709459,"Dipen Bikram Bista","2026-08-11 21:15:02",0.77751,1,dipenbikrambista
3969,16710250,"Hajar Benhadj","2026-08-12 05:00:45",0.77751,9,hajarbenhadj
3970,16710531,"Harsha Ponukumati","2026-08-12 07:02:00",0.77751,4,harshaponukumati
3971,16698564,norahh806,"2026-08-12 08:54:23",0.77751,5,norahh806
3972,16701688,山田智理,"2026-08-12 10:19:06",0.77751,2,ostrea0112
3973,16712467,user33535,"2026-08-12 12:33:50",0.77751,1,user33535
3974,16712778,"Atharva Ajay Nirhali","2026-08-12 13:51:48",0.77751,1,crusader413
3975,16712828,kingofeverything,"2026-08-12 14:59:11",0.77751,6,kingofeverything
3976,16713012,Youssef_Atef_25,"2026-08-12 15:40:06",0.77751,8,youssefatef25
3977,15358190,"Kevin Lai","2026-08-13 06:30:19",0.77751,1,kevinlai4
3978,6224186,"Mitchel Odero","2026-08-13 07:49:22",0.77751,1,gerazzy
3979,16689814,"Tarang Menon","2026-08-13 08:54:34",0.77751,3,tarangmenon67
3980,16716808,"Qing Guan","2026-08-13 09:44:15",0.77751,1,qingguanl
3981,16717080,Algorab,"2026-08-13 11:03:38",0.77751,1,hashigodaka
3982,13012452,dljtgqm,"2026-08-13 12:23:12",0.77751,2,dljtgqm
3983,16717667,"Manuk Mkheyan","2026-08-13 14:15:49",0.77751,1,manukmkheyan
3984,16718678,"Dion Piqani","2026-08-13 22:34:32",0.77751,2,dionpiqani
3985,16719029,"Payton Pearson","2026-08-13 22:06:18",0.77751,1,paytonpearson26
3986,3839700,shugo15,"2026-08-14 01:57:53",0.77751,4,shugo15
3987,16348908,zhaoshuhan,"2026-06-15 03:25:35",0.77511,2,sh99zhao
3988,16348927,だいきだ,"2026-06-15 02:12:18",0.77511,1,daiki05
3989,16267351,"M HOSOI","2026-06-15 02:19:12",0.77511,1,mhosoi
3990,16349054,sakario,"2026-06-15 02:22:23",0.77511,1,sakario
3991,16349061,"rena #3","2026-06-15 02:23:15",0.77511,1,nakagawarena
3992,16349068,setoyama,"2026-06-15 02:23:46",0.77511,1,setoyama
3993,16349075,下中好史,"2026-06-15 02:32:48",0.77511,2,shimonakayoshifumi
3994,16349089,御厩未羽,"2026-06-15 02:25:28",0.77511,1,mimayam
3995,16349391,Dryuiil3,"2026-06-15 02:47:35",0.77511,1,dryuiil3
3996,16350374,Stavrus,"2026-06-15 03:56:18",0.77511,1,stavrus
3997,16351698,"Abd Aziz","2026-06-15 05:19:55",0.77511,1,podionx
3998,16351761,"Kailas Patil","2026-06-15 05:22:57",0.77511,1,kailasp4
3999,16353312,"Charishma Katta","2026-06-15 06:51:11",0.77511,1,kattacharishma
4000,16353971,"Sameeta Karekar","2026-06-15 07:27:16",0.77511,1,sameetakarekar
4001,16353982,"XQ C (小车不受力)","2026-06-15 07:27:35",0.77511,1,cfocus
4002,16354566,"yaoling qi","2026-06-15 07:59:06",0.77511,1,yaolingqi
4003,16354659,TellYourWorld39,"2026-06-15 08:04:57",0.77511,1,tellyourworld39
4004,16354690,"SUHADHRI DAS","2026-06-15 08:10:01",0.77511,2,suhadhridas
4005,16354721,"JingjingJoyce Zhi","2026-06-15 08:07:38",0.77511,1,jingjingjoycezhi
4006,16354964,"ZHANG JINRUO","2026-06-15 08:22:12",0.77511,1,zhangjinruo
4007,16341755,"Mahmud Hasan Omi ","2026-06-15 08:30:18",0.77511,2,mahmudhasanomi
4008,15672684,s30269,"2026-06-15 08:34:40",0.77511,1,s30269
4009,6233341,akamol,"2026-06-16 13:25:58",0.77511,3,shavalikul
4010,16355403,Zhaowj,"2026-06-15 08:45:30",0.77511,1,zwj15336247
4011,16356572,"Sarah Hoangg","2026-06-15 09:52:09",0.77511,1,sarahhoangg
4012,16356947,"Olga Kutuzova","2026-06-15 10:16:02",0.77511,1,olgakutuzova
4013,16357187,Mohamed_Hisham_1_1_02,"2026-06-15 10:34:13",0.77511,1,mohamedhisham1102
4014,16357451,"Tien Nguyen Van","2026-06-17 08:10:34",0.77511,2,tiennv0107
4015,16357829,"DURGA PRASAD ","2026-06-15 11:17:30",0.77511,1,durgaprasad001
4016,16358113,"Pier #2","2026-06-15 11:35:34",0.77511,1,pierfr
4017,16358257,"Stephan Penkert","2026-06-15 14:44:37",0.77511,3,stephanpenkert
4018,16358343,"Huzaifa Lokhandwala","2026-06-15 12:00:00",0.77511,3,huzaifalokhandwala
4019,16358635,"Mathieu Furlan","2026-06-15 12:08:18",0.77511,1,mathieufurlan
4020,16359127,"Kathleen #3","2026-06-15 12:35:23",0.77511,1,kathleenandrea
4021,16359294,"Toui Kawai","2026-06-15 12:44:07",0.77511,1,touikawai
4022,16359253,"Andrei Ghiorghies","2026-06-15 12:45:51",0.77511,1,andrey5015w
4023,16359343,"Alina starkov","2026-06-15 12:46:13",0.77511,1,alinastarkov30
4024,16359482,"Sharanya Nagar","2026-06-15 12:52:45",0.77511,1,sharanyanagar07
4025,16357874,RayKing123,"2026-06-15 13:47:30",0.77511,9,rayking123
4026,16361335,"Greg P Macgowan","2026-06-15 14:08:47",0.77511,1,gregpmacgowan
4027,16361975,samiiraa,"2026-06-15 14:33:49",0.77511,1,samiiraa
4028,16362787,"Nizar Salim","2026-06-15 15:00:41",0.77511,1,nizarsalim
4029,16364024,"Adam Mekky","2026-06-15 15:42:39",0.77511,1,adammekky
4030,16364031,AdityaPetkar2006,"2026-06-15 15:42:50",0.77511,1,adityapetkar2006
4031,16364698,"Emma Zheng","2026-06-15 16:11:04",0.77511,1,emzz2y
4032,16365551,"Sylvain Rivard","2026-06-15 16:48:55",0.77511,1,sylvainrivard
4033,16366489,"Menzi Menzies","2026-06-15 17:28:04",0.77511,1,menzimenzies
4034,16366593,"Amarnath DJ","2026-06-15 17:31:24",0.77511,1,amarnathdj
4035,16367710,AdityaSingh09686,"2026-06-16 07:07:55",0.77511,4,adityasingh09686
4036,16367845,"Katana Theghost","2026-06-15 19:04:06",0.77511,1,katanatheghost
4037,16367867,"Abdulmumin Abdulkarim #2","2026-06-15 19:09:21",0.77511,1,eneyeitech
4038,16367917,"Nidhin Raj M","2026-06-15 19:23:30",0.77511,1,nidh1nrajm
4039,15586817,"Apoorv tyagi05","2026-08-11 22:33:37",0.77511,55,apoorvtyagi05
4040,16368012,"Prince Derek Martey","2026-06-15 19:54:30",0.77511,1,princederekmartey
4041,16368013,"Xinyi Shen #2","2026-06-15 19:55:31",0.77511,1,xinyishen348
4042,16368062,"Nedas Bartkus","2026-06-15 20:09:34",0.77511,1,nedasbartkus
4043,16368181,"Sunil Gouda","2026-06-15 20:58:19",0.77511,1,sunilsgouda
4044,16368195,VKReddy486,"2026-06-15 21:03:49",0.77511,1,vkreddy486
4045,16368324,"Nanda Kishore CS","2026-06-15 22:15:41",0.77511,1,nandakishorecs
4046,16368454,CornealTweak,"2026-06-15 23:29:55",0.77511,1,cornealtweak
4047,16368489,"Edson kuzengwa","2026-06-18 15:18:08",0.77511,2,edsonkuzengwa
4048,16356788,"Anthony Becker","2026-06-16 09:45:33",0.77511,8,anthonybecker
4049,16368526,"assil salah","2026-06-20 22:13:41",0.77511,18,assilsalah
4050,16368593,"Clauvene Meleus","2026-06-16 01:02:52",0.77511,1,clauvenemeleus
4051,16368613,"Yuko Horikoshi","2026-06-16 01:12:51",0.77511,1,yukohorikoshi
4052,16368640,"Muhammad Yassir Ramadhan","2026-06-16 01:24:54",0.77511,1,yassirramadhan
4053,16368748,"Ryan Huang #4","2026-06-27 14:27:06",0.77511,2,shikiito
4054,16368789,"Ranjani C","2026-07-14 10:48:09",0.77511,4,ranjanicaiml
4055,16368905,"Axel Padilla","2026-06-16 03:16:42",0.77511,1,axelpadilla117
4056,16368958,"Sesha S","2026-06-16 03:40:01",0.77511,1,ravisivakumaran
4057,16368957,"dhui Park","2026-06-16 03:43:51",0.77511,1,dhuipark
4058,16368976,rian,"2026-06-16 03:49:17",0.77511,1,riantamaputra
4059,16369160,"Luis Alejandro Triana","2026-06-16 04:46:09",0.77511,1,luisalejandrotriana
4060,16369048,"Benny Cha Woon Loong","2026-06-16 04:47:31",0.77511,3,bennychawoonloong
4061,16369248,강다윤,"2026-06-16 05:11:33",0.77511,1,kangdy9447
4062,16369257,HongAnChang,"2026-06-16 05:12:59",0.77511,1,honganchang
4063,16369325,"Lymiy Chrean","2026-06-16 05:27:20",0.77511,1,lymiychrean
4064,16366879,"Harina Raju","2026-06-17 05:40:14",0.77511,19,harinaraju
4065,16369832,"Naili Gallage","2026-06-16 06:32:57",0.77511,1,nailigallage
4066,16369847,"Thai Phan #2","2026-06-16 06:34:36",0.77511,1,thaiphan00
4067,16369905,"Samiksha Deode","2026-06-17 14:59:17",0.77511,2,samikshadeode123
4068,14864428,"Minh Dương Phạm","2026-06-16 06:49:17",0.77511,1,minhdngphm
4069,16370186,"John Laurence Carmelo","2026-06-16 07:14:10",0.77511,1,johnlaurencecarmelo
4070,16370377,Sathiyan@gv-intel,"2026-06-16 07:41:19",0.77511,1,sathiyangvintel
4071,16370433,qualia,"2026-06-16 07:53:23",0.77511,1,qualiamole
4072,16370475,"fiesta -","2026-06-16 08:04:25",0.77511,1,fiestaaa
4073,16370600,"Kenzie Budiman","2026-06-16 08:20:38",0.77511,1,kenziebudiman
4074,15531681,"Trần Minh Khôi","2026-07-11 04:57:01",0.77511,3,khoidev
4075,16370723,"Abraham Chen","2026-06-16 08:44:15",0.77511,1,victorandboscodad
4076,16370767,Lutharsan,"2026-06-16 08:56:22",0.77511,1,lutharsan
4077,16370907,"Tommy Liu","2026-06-16 09:25:55",0.77511,1,tommyll1
4078,16371715,"Rustha mol kv","2026-06-16 12:08:37",0.77511,1,rusthamolkv
4079,16371857,"SANJANA JHA","2026-08-13 06:59:04",0.77511,2,mesanjana
4080,16371988,hirlack,"2026-06-16 12:43:58",0.77511,1,hirlack
4081,16372079,choiseungmin08,"2026-06-16 12:51:42",0.77511,1,choiseungmin08
4082,16372320,yotofujita,"2026-06-16 13:15:31",0.77511,1,yotofujita0616
4083,16271562,"Hannah Doan","2026-06-16 13:27:30",0.77511,1,hannahdoan
4084,16372611,HieuVictor,"2026-08-06 08:50:03",0.77511,2,hieuvictor
4085,16372686,たぬきた,"2026-06-22 12:50:39",0.77511,3,tanukitaaa
4086,16373128,j00ana,"2026-06-16 14:48:38",0.77511,1,j00ana
4087,16026636,"Itallo Silva","2026-06-16 15:31:35",0.77511,3,itallosilva
4088,16373446,sakikochan,"2026-06-16 15:31:19",0.77511,2,sakikochan
4089,16373464,Vianna1206,"2026-06-16 15:31:20",0.77511,1,vianna1206
4090,16373708,smrtime,"2026-06-16 16:08:12",0.77511,1,smrtime
4091,16373860,"Benigno Parra Campos","2026-06-16 16:59:03",0.77511,2,benignoparracampos
4092,16374060,"SWSP ABP (三吴食品爱白漂)","2026-06-16 16:58:19",0.77511,1,swspabp
4093,16374105,autotrophs,"2026-06-16 17:08:03",0.77511,1,autotrophs
4094,15732992,"Huỳnh Hồ Yến Nhi","2026-06-16 17:33:18",0.77511,1,hunhhynnhi
4095,16374330,TriHienNguyen,"2026-06-16 17:42:41",0.77511,1,trihiennguyen
4096,16368196,"Leo Yang #2","2026-06-17 02:18:33",0.77511,7,yanshenyang
4097,16374481,"Priyanshu ","2026-06-16 18:11:20",0.77511,1,priterparker
4098,16374528,"Oli Antares","2026-06-16 18:17:33",0.77511,1,oliantres
4099,16374793,K3nsho,"2026-06-16 19:16:56",0.77511,1,kenshomiyasaka
4100,16375646,"Fawn Apgar","2026-06-16 23:23:37",0.77511,1,fawnapgar
4101,16376601,"Shichao Wang1","2026-06-17 02:45:07",0.77511,1,shichaowang1
4102,16376734,Mrs.ビニール袋,"2026-06-17 03:05:59",0.77511,1,mbiniru
4103,16371027,Hasunuma,"2026-06-26 09:25:26",0.77511,10,tsubasahasunuma
4104,16376835,dzikrasyidah,"2026-06-17 03:22:30",0.77511,1,dzikrasyidah
4105,16376873,kurorabu,"2026-06-17 03:27:28",0.77511,1,kurorabu
4106,16376906,"Fernando Tort","2026-06-17 03:32:01",0.77511,1,fernandotort
4107,16376862,"Masafumi Morimoto","2026-06-17 03:33:14",0.77511,2,masafumimorimoto
4108,16377840,"Gael Francisco","2026-06-17 05:30:59",0.77511,1,gaelfrancisco
4109,16377973,"KIKUCHI Soya","2026-06-17 05:44:41",0.77511,1,kikuchisoya
4110,16378114,cntrDxvi,"2026-06-17 06:02:51",0.77511,1,cntrdxvi
4111,16378199,leol,"2026-06-17 06:12:06",0.77511,1,kardsisgood
4112,16378206,"Aila Nasir","2026-06-17 10:15:47",0.77511,2,ailanasirai
4113,16378659,KuonHibiya,"2026-06-17 07:03:56",0.77511,1,kuonhibiya
4114,16378699,"daiki kagesaki","2026-06-17 07:09:12",0.77511,1,daikikagesaki
4115,16379045,IRFZ44N,"2026-06-17 08:14:13",0.77511,2,lm7805
4116,16379835,WYA_owqwoq,"2026-06-17 09:05:26",0.77511,1,wyaowqwoq
4117,16380311,FilTower,"2026-06-17 10:04:14",0.77511,1,filtower
4118,16380461,"Cao Nguyễn Bảo Trân","2026-06-17 10:23:30",0.77511,1,caonguynbotrn
4119,16380473,"[Deleted] 43c6f801-14c4-4933-8265-87fac2ac0e40","2026-06-17 10:24:59",0.77511,1,nitinxj777
4120,16380477,"MOHAMMAD ABDUL GAFOOR","2026-06-17 10:25:37",0.77511,1,abdulgafoor236
4121,16380489,IAbdul_S,"2026-06-17 10:29:23",0.77511,1,iabduls
4122,16380573,JyotshnaRani2611,"2026-06-19 13:40:30",0.77511,2,jyotshnarani2611
4123,16380637,silvanusbilly,"2026-06-17 10:49:09",0.77511,1,silvanusbilly
4124,16380694,RetroDaigo,"2026-06-17 10:56:37",0.77511,1,retrodaigo
4125,16092838,cathrine,"2026-06-17 11:43:21",0.77511,8,cathrinely
4126,16376468,"Bharanipriya Ram","2026-06-17 11:41:52",0.77511,1,bharanipriyaram
4127,4969670,"Tasuku Kera","2026-06-18 03:11:15",0.77511,2,kellerman
4128,16381226,"very kaggle","2026-06-17 12:09:07",0.77511,1,verykaggle
4129,16381291,yakit1129,"2026-06-17 12:19:32",0.77511,1,yakit1129
4130,16381316,"Phady Ch","2026-06-17 12:22:30",0.77511,1,phadych
4131,1218555,cgward,"2026-06-17 12:26:38",0.77511,1,cgward
4132,16381468,"Ric Sway","2026-06-17 12:42:20",0.77511,1,ricsway
4133,16381627,tyakku_k2k,"2026-06-22 05:22:51",0.77511,10,tyakkuk2k
4134,16381682,"Xingkun Pei","2026-06-17 13:02:40",0.77511,1,xingkunpei
4135,16381339,"Kamlesh  Gopal","2026-06-18 05:12:09",0.77511,9,kamleshvg
4136,16381929,泡泡狙击,"2026-06-18 09:04:55",0.77511,2,paopaojuji
4137,16381969,"Фетисова Виктория","2026-06-17 13:30:48",0.77511,1,fetisova9
4138,16382037,YaYu,"2026-06-17 13:39:18",0.77511,1,kou1212
4139,16382291,Articuno0144,"2026-06-17 14:08:13",0.77511,1,articuno0144
4140,16372997,"Clément Varlet","2026-06-17 14:23:13",0.77511,7,clmentvarlet
4141,16382479,"Takayuki Zukawa","2026-06-17 14:32:25",0.77511,1,takayukizukawa
4142,16382622,谷藤修士朗,"2026-06-17 14:51:36",0.77511,1,tanitou
4143,16374857,"Ritesh Behera #2","2026-06-17 15:15:14",0.77511,1,riteshkubehera
4144,16382886,"izumi #2","2026-06-17 15:24:07",0.77511,1,izumi2
4145,16382900,"Hill Cloud (CloudHill)","2026-06-17 15:26:33",0.77511,1,hillcloudcloudhill
4146,16382956,"Leisian Almukhametova","2026-06-17 15:34:10",0.77511,1,leisianalmukhametova
4147,16383093,"Louis Farouche","2026-06-17 15:54:51",0.77511,1,louisfarouche
4148,16383302,Divya.S,"2026-06-17 16:26:27",0.77511,1,dhivs1
4149,16383371,ww570w_,"2026-06-17 16:39:58",0.77511,1,ww570w
4150,16383037,AnkitSaxena-AI,"2026-06-17 17:26:06",0.77511,2,ankitsaxenaai
4151,16383792,Ednilza,"2026-06-17 17:48:44",0.77511,1,ednilza
4152,16384174,"Buse EKŞİ","2026-06-17 19:15:24",0.77511,1,buseek
4153,16384266,culast,"2026-06-17 19:33:20",0.77511,1,culast
4154,16384323,"Saniyah Sankeshwarkar","2026-06-17 19:51:50",0.77511,1,saniyahsankeshwarkar
4155,14402012,"Giuliano Campagnolo","2026-06-17 19:56:37",0.77511,1,giulianocampagnolo
4156,16384364,"Elisabeth Dodd","2026-06-17 20:02:21",0.77511,1,elisabethdodd
4157,16384496,BEATSHEEP,"2026-06-17 20:36:27",0.77511,1,beatsheep
4158,16384640,"Ricardo Custódio","2026-06-17 21:15:30",0.77511,1,ricardocustdio
4159,14017458,"Andrws Vieira #2","2026-06-18 00:04:03",0.77511,5,andrwsifrs
4160,16384852,"Evy Chan","2026-06-17 22:34:37",0.77511,1,evychan
4161,16385026,"Olumayowa Omotunde","2026-06-17 23:42:37",0.77511,1,mayowa88
4162,16385188,ffnare,"2026-06-18 00:44:28",0.77511,1,ffnare
4163,16385920,"Hong jihyeon","2026-06-18 05:34:42",0.77511,2,aardappel
4164,16385989,Super3DPanda,"2026-06-18 03:51:04",0.77511,1,super3dpanda
4165,16381799,"Himanshu Singh #11","2026-06-18 04:24:33",0.77511,4,himanshuusinghh
4166,16386165,"Daney Oandasan","2026-06-18 04:39:37",0.77511,1,daneyoandasan
4167,16386331,"Daniel Akuamoah","2026-06-18 05:12:17",0.77511,1,danielakuamoah
4168,16386342,EesaMd,"2026-06-18 05:14:07",0.77511,1,eesamd
4169,16386381,qimeng7,"2026-06-18 05:20:45",0.77511,1,qimeng7
4170,16385924,dongsub888,"2026-06-18 05:37:07",0.77511,2,dongsub888
4171,868028,YongDamKim,"2026-06-18 05:37:58",0.77511,2,emphymachine
4172,16386619,VijayabalanM,"2026-06-18 06:09:01",0.77511,1,vijayabalanm
4173,11193971,"Daisuke Sano","2026-06-18 06:31:47",0.77511,1,daisukesano
4174,16386704,"Harshit Varma45","2026-06-19 07:31:36",0.77511,7,harshitvarma45
4175,16386981,Toshiya0824,"2026-06-18 07:15:52",0.77511,1,toshiya0824
4176,16387227,"Rudra Kumar 420","2026-06-18 08:05:05",0.77511,1,rudrakumar420
4177,16387442,Haoyupengya,"2026-06-18 08:41:54",0.77511,2,haoyupengya
4178,16387555,"Harry #17","2026-06-18 08:53:03",0.77511,1,harry1308
4179,16387639,"Аян Амантай","2026-06-18 09:02:34",0.77511,1,ayanzxs
4180,16387761,"Ayush Maurya0603","2026-06-18 09:20:05",0.77511,1,ayushmaurya0603
4181,16387984,yyb666213,"2026-06-18 09:58:47",0.77511,1,yyb666213
4182,16387947,Zhaniya,"2026-06-18 11:00:30",0.77511,3,zhoniokka
4183,14711777,"ryoga kubo","2026-06-18 11:18:25",0.77511,1,ryogakubo
4184,16388386,"jinwoo park2","2026-06-18 11:31:34",0.77511,1,jinwoopark2
4185,16388443,ryukusakari,"2026-06-18 11:46:45",0.77511,1,ryukusakari
4186,16388462,"Timothy Ho","2026-06-18 11:48:55",0.77511,1,timothyho1
4187,16388488,chooicheyoon,"2026-06-18 11:59:14",0.77511,3,chooicheyoon
4188,16388642,"Halley Franck S O'Neal Assi","2026-06-18 12:17:10",0.77511,1,franckystephassi
4189,16388673,"Saravana #4","2026-06-18 12:22:34",0.77511,1,saravanab30
4190,16388780,y-hashimoto02,"2026-06-18 12:46:05",0.77511,1,yhashimoto02
4191,16388810,"Aadam Aftab Tamboli","2026-06-18 12:52:30",0.77511,1,aadamaftabtamboli
4192,16389838,"Garvita Gigras","2026-06-18 15:54:57",0.77511,1,garvitagigras
4193,16390041,ayushmanDE,"2026-06-18 16:42:46",0.77511,1,ayushmande
4194,16338530,"DONG BOYU","2026-06-18 17:11:57",0.77511,1,bcshscdn
4195,16390224,"Kovalova Vladislava","2026-06-18 17:22:45",0.77511,1,kovalovavladislava
4196,6270255,"Dr. Murat ALTUN","2026-06-18 18:05:13",0.77511,2,drmurataltun
4197,16390617,"Anastasia Tiganescu","2026-06-19 06:23:57",0.77511,2,anastasiatiganescu
4198,16374969,"Sumeyye Akcay","2026-06-18 18:11:01",0.77511,2,sumeyyeakcay
4199,16390655,Raccoon655,"2026-06-18 18:20:22",0.77511,1,raccoon655
4200,16390673,"Sunjeet Kajla","2026-06-18 18:24:27",0.77511,1,sunjeetkajla
4201,16390740,"AHAMED ABDOULATUF BEN","2026-06-18 18:44:01",0.77511,2,ahamedabdoulatufben
4202,16390982,"Oluwatumininu Ayo-lawal","2026-06-18 19:52:13",0.77511,1,estherlawal
4203,11546901,"Nik Petranovic","2026-06-18 22:24:53",0.77511,1,nikpetranovic
4204,16391396,"Joe Buck","2026-06-18 22:29:06",0.77511,1,joebuck47
4205,16391425,"Aluu Emmanuel","2026-06-18 22:42:18",0.77511,1,aluuemmanuel
4206,16391782,solvaholic,"2026-06-19 00:04:05",0.77511,1,solvaholic
4207,16392124,"Akifumi Sonoda","2026-06-19 01:59:43",0.77511,1,akifumisonoda
4208,16268210,callmevitthal,"2026-06-19 02:15:25",0.77511,1,callmevitthal
4209,16392355,"playwith G91","2026-06-19 03:19:44",0.77511,1,playwithg91
4210,16392510,"Asman Ashutosh Pradhan","2026-06-23 05:34:37",0.77511,2,asmanashutoshpradhan
4211,16392538,"Dhruv Aravind","2026-06-19 04:16:53",0.77511,1,dhruvaravind
4212,16392546,"Marvelle  Joseph","2026-06-19 04:19:59",0.77511,1,marvellejoseph
4213,16392846,Ali765,"2026-06-19 05:45:36",0.77511,1,ali765
4214,16392922,"Stan Okello","2026-06-19 06:02:31",0.77511,1,stanokello
4215,16392929,"Shikhar Arora #2","2026-06-19 06:07:52",0.77511,2,shikhararora1248
4216,16393073,"Seo Yeon Ko","2026-06-19 06:34:44",0.77511,1,seoyeonko6
4217,14789953,yoikoarmor,"2026-06-22 03:23:54",0.77511,2,yoikoarmor
4218,16393265,"Ali Ajmal","2026-06-19 07:19:52",0.77511,1,alibhattikaggle
4219,16393300,"Roy Luis Pizarro Cabrera","2026-06-19 07:27:20",0.77511,1,roypizarro
4220,15291504,"Aydin Asadzadeh","2026-06-19 08:29:12",0.77511,2,aydinasadzadeh
4221,16393650,"Turaga Vijayaakash","2026-06-19 08:52:22",0.77511,1,tva2005
4222,16393845,"banyoo #2","2026-06-19 09:28:37",0.77511,1,banyoo
4223,16393851,"Capucine COLLIN","2026-06-19 09:30:36",0.77511,1,capucinecollin
4224,16393956,"Louis Louw","2026-06-19 09:53:52",0.77511,1,louislouw1
4225,16393915,"Sanjay Akash V","2026-06-24 08:35:09",0.77511,3,sanjayakashv
4226,16394014,"Rubens Sertage","2026-06-19 10:03:22",0.77511,1,rubenssertage
4227,16394060,大野直暉,"2026-06-23 10:01:23",0.77511,2,naoki0722
4228,16394138,yuandelong,"2026-06-19 10:30:36",0.77511,1,yuandelong
4229,16394208,"Whooping Crane","2026-06-19 10:45:32",0.77511,1,whoopingcrane
4230,16394688,dxdysee,"2026-06-19 12:45:07",0.77511,1,dxdysee
4231,16394895,adefm,"2026-06-19 13:28:24",0.77511,1,adrianhehir
4232,16395008,yuanSu614,"2026-06-19 13:49:36",0.77511,1,yuansu614
4233,16395193,"Schédrack ALLOGNON","2026-06-19 14:54:17",0.77511,2,schdrackallognon
4234,16395394,"Rishabh Tiwari #4","2026-06-19 15:14:09",0.77511,1,rishabhtiwari0412
4235,16395424,"Fali Patricia","2026-06-19 15:22:36",0.77511,1,falipatricia
4236,16395472,"Shreyansh Garg","2026-06-19 15:35:49",0.77511,1,shreyanshgarg
4237,16395900,"Ebenezer Jojo Fandoh","2026-06-19 17:22:50",0.77511,1,ebenezerjojofandoh
4238,16395935,SlightlyKoala,"2026-06-19 17:32:30",0.77511,1,slightlykoala
4239,16395794,"Arsen Mirzaev","2026-06-19 17:57:48",0.77511,5,arsenklinov
4240,16396349,"Likitha Rapuri","2026-06-19 19:52:49",0.77511,2,rvrlikitha6
4241,16396359,Zaid0101,"2026-06-19 19:39:00",0.77511,1,zaid0101
4242,16396445,Zenin,"2026-06-19 20:15:04",0.77511,1,xentensor
4243,16396457,"Franck Mercier","2026-06-19 20:19:37",0.77511,1,franckmercier
4244,16396613,"Amaldev Manoharan","2026-06-19 21:12:21",0.77511,1,amaldevmanoharan
4245,16396688,"Arsalan Tanoli","2026-06-19 21:38:07",0.77511,4,arsalantanoli
4246,16397124,"Jakub #7","2026-06-19 23:17:57",0.77511,1,jintax
4247,16397189,"Alan Schwade","2026-06-20 00:04:18",0.77511,3,alanschwade
4248,16397553,"KAIKU RI","2026-06-20 01:40:10",0.77511,1,kaikuri
4249,16397699,星辰远征客,"2026-06-20 02:23:35",0.77511,2,thy985
4250,16398068,ABINAYA.B,"2026-06-20 03:13:54",0.77511,1,abinayabala372
4251,16398340,"kylen adams","2026-06-20 03:54:15",0.77511,1,kylenadams
4252,16286323,"Jesse Purcell","2026-06-20 03:59:53",0.77511,7,jessepurcell
4253,16398475,rickzai,"2026-06-27 03:15:25",0.77511,8,rickzai
4254,16398573,HighonWheat,"2026-06-20 04:29:09",0.77511,1,highonwheat
4255,16398611,"reor_fe 4","2026-06-20 04:33:19",0.77511,1,reorfe4
4256,16398786,HanenoAki,"2026-06-20 05:34:35",0.77511,2,hanenoaki
4257,16398866,"K Kazua","2026-06-20 05:05:58",0.77511,2,kkazua
4258,16399511,"penyyu zhu","2026-06-20 06:27:04",0.77511,1,penyyuzhu
4259,16399592,"Athena Deschain","2026-06-20 06:36:02",0.77511,1,athenalilithdeschain
4260,14070695,"Valerie Salivon","2026-06-20 07:12:05",0.77511,4,valeriesalivon
4261,16400013,"TouSou Ring","2026-06-20 08:59:39",0.77511,2,tousouring
4262,16400180,"[Deleted] 841bf26c-db8b-45bc-aeec-dd8a982e6366","2026-06-20 07:51:03",0.77511,1,del=b7e0b77c6931fe8b
4263,16400255,"Sardor Ishiguro","2026-06-20 08:00:46",0.77511,1,sardorishiguro
4264,16400360,"Deepthi Shivani. S","2026-06-20 08:14:44",0.77511,3,deepthiiinks
4265,16400520,"E “TWE” TW","2026-06-20 08:24:47",0.77511,1,etwetw
4266,16401165,nkd-tiancai,"2026-06-20 10:03:00",0.77511,1,nkdtiancai
4267,16401191,"Ma. Michelle Ocsan","2026-06-20 10:06:44",0.77511,1,mamichelleocsan
4268,16401249,"Nick Thompson","2026-06-20 10:17:17",0.77511,1,dicacid
4269,16401412,JusefShat,"2026-06-20 10:48:26",0.77511,1,jusefshat
4270,16401472,"Nguyen Quang Duc Anh","2026-06-20 10:58:28",0.77511,1,dukeein
4271,16401944,"Jyoti Narwat","2026-06-20 12:44:28",0.77511,1,jyotinarwat
4272,16402480,"Niccolò Ferito","2026-06-20 13:50:05",0.77511,1,niccolferito
4273,16402547,"Chase Marshall","2026-06-20 14:00:57",0.77511,1,chasemarshall
4274,16402733,"soma takahara","2026-06-20 14:42:33",0.77511,1,somatakahara
4275,16402858,"Amir Kigash","2026-06-20 14:50:32",0.77511,1,amirkigash
4276,16403042,"Franco Cippitelli","2026-06-20 15:21:50",0.77511,1,francocippitelli
4277,16402850,tyuyoshi,"2026-06-20 15:23:31",0.77511,1,hasegawatsuyoshi
4278,16403266,Ryos8515,"2026-06-20 15:59:49",0.77511,1,ryos8515
4279,16403385,"Amanda Chapman","2026-06-20 16:22:39",0.77511,1,amandachapman
4280,16119549,paragura,"2026-06-20 17:49:48",0.77511,1,itiromuro
4281,16403989,krishkhatik01,"2026-06-20 18:32:30",0.77511,1,krishkhatik01
4282,16404024,Hari004,"2026-06-20 18:44:58",0.77511,1,hari027
4283,16404273,"Trisha Chavan","2026-06-20 20:02:42",0.77511,2,trishachavan03
4284,16404286,AfterQualia,"2026-06-20 20:06:30",0.77511,1,afterqualia
4285,16404372,"Hemarani Mysore","2026-06-22 17:35:26",0.77511,3,hemaranimysore
4286,16404422,"Max Mizhev","2026-06-20 20:55:15",0.77511,1,maxmizhev
4287,16404577,Diego_Asp,"2026-06-20 22:03:49",0.77511,1,diegoasp8
4288,15377029,"oussama bizg","2026-06-20 23:30:51",0.77511,1,oussamabizg
4289,16404794,"Daniel Liu #5","2026-06-22 21:11:46",0.77511,2,danielliu1234
4290,16317248,"Tasha Grady","2026-06-21 00:11:04",0.77511,1,tashagrady
4291,16404833,"Kendall Ruffolo","2026-06-21 00:20:12",0.77511,1,kendallruffolo
4292,16405060,"Ryosuke Ibusuki #2","2026-06-21 03:31:34",0.77511,4,daburaaa
4293,16393270,"Ian Wang #2","2026-06-21 02:28:24",0.77511,3,ianywang
4294,16405428,"Kick Pebbles","2026-06-21 04:24:01",0.77511,1,kickpebbles
4295,16405522,"kusumi rin","2026-06-21 04:55:20",0.77511,1,rin1218
4296,16405564,"Emma Sotomayor","2026-06-22 19:14:00",0.77511,2,emmaasoc
4297,14966197,"[Deleted] cddc469d-43d0-42a9-b2e0-3ce9190ee8a0","2026-06-21 05:38:39",0.77511,1,del=ecd72902f4ce61d7
4298,16405755,Br0wnDante,"2026-06-21 05:58:31",0.77511,1,br0wndante
4299,16405900,"Lu Antony","2026-06-21 07:23:14",0.77511,10,luantony
4300,6443478,Stoodge,"2026-06-21 07:18:39",0.77511,2,stoodge
4301,16406022,seduke,"2026-06-21 06:57:39",0.77511,1,seduke
4302,16405592,HanDavid88,"2026-06-21 13:41:38",0.77511,4,handavid88
4303,16406326,"Shivam Kumar 1706","2026-06-21 07:55:40",0.77511,1,shivamkumar1706
4304,16406336,"Ekuu Kizawa","2026-06-21 07:56:44",0.77511,1,ekuukizawa
4305,16406469,"mandy williams","2026-06-21 08:22:27",0.77511,1,mandywilliams
4306,16406508,"Nguyễn Công Nam","2026-06-21 08:31:53",0.77511,1,nguyencongnamttl
4307,16406740,"qling zhou","2026-06-21 09:23:13",0.77511,1,qlingzhou
4308,16406819,mimingucci,"2026-06-21 09:34:55",0.77511,2,mimingucci
4309,16406821,CobbleStone93,"2026-07-09 03:14:37",0.77511,3,cobblestone93
4310,16406893,Noanytacos,"2026-06-21 09:49:09",0.77511,1,noanytacos
4311,16407022,"Suprit Naik 100","2026-06-21 10:16:12",0.77511,1,supritnaik100
4312,16407066,"Hugo Polteg","2026-06-21 10:41:17",0.77511,5,hugopolteg
4313,16407111,"Varun Uday Shet","2026-06-21 10:47:50",0.77511,1,varunudayshet
4314,16407311,"Logan Jiang of ZJUT","2026-06-21 11:16:16",0.77511,1,loganjiangofzjut
4315,16407361,"Alon Sadot","2026-06-21 11:52:59",0.77511,6,alonsadot
4316,16407550,"oyewole olamilekan kayode","2026-06-21 11:42:21",0.77511,1,lincoln547
4317,16407589,ihorrud,"2026-06-21 11:45:36",0.77511,1,ihorrud
4318,16407660,"Shaurya Saria","2026-06-21 11:53:02",0.77511,1,shauryasaria
4319,16407752,"Nandhini Venkatesh Raja","2026-06-21 12:12:44",0.77511,1,nandhinimeenu
4320,16407753,winlwinooo,"2026-06-21 12:12:48",0.77511,1,winlwinooo
4321,16407777,"Arjun S","2026-06-21 12:16:53",0.77511,1,arjunselvaraju
4322,16407874,"Mohamed Saad Zerki","2026-06-21 12:40:25",0.77511,1,saadzerki
4323,16408204,"Nikita Saini","2026-06-21 13:23:28",0.77511,1,nsaini2604
4324,16408252,nitoyon,"2026-06-21 13:32:20",0.77511,1,nitoyon
4325,3782346,chem9,"2026-06-21 13:37:39",0.77511,1,shiro9
4326,16408387,"SHUAIB USMAN KARUMA","2026-06-21 13:54:35",0.77511,1,shuaibusmankaruma
4327,16408637,yuskswdk,"2026-06-21 14:34:34",0.77511,1,yuskswdk
4328,14071634,"Иван Лобань","2026-06-25 06:19:46",0.77511,12,useress
4329,16408673,大刀王五,"2026-06-22 15:01:21",0.77511,6,engineerwang
4330,16408920,"Arpan Joshi","2026-06-21 15:19:56",0.77511,1,arpanjoshi97
4331,16408975,"Emmanuel Iduh ","2026-06-21 15:28:32",0.77511,1,emmy19
4332,16409064,"Perez Bulinda","2026-06-21 15:46:51",0.77511,1,perezbulinda
4333,16409137,sjoner871,"2026-06-21 16:02:48",0.77511,1,sjoner871
4334,16409326,"Shabd Nothalia","2026-06-21 16:38:10",0.77511,1,shabdnothalia
4335,16409438,"Kotaro Hachiro","2026-06-21 16:53:27",0.77511,1,kotarohachiro
4336,16409566,"Joseph Monjok","2026-06-21 17:07:30",0.77511,1,josephmonjok
4337,16409614,Cooltape_07,"2026-06-21 17:14:19",0.77511,1,cooltape07
4338,16409645,"Abhijeet Kulkarni01","2026-06-21 17:19:18",0.77511,1,abhijeetkulkarni01
4339,16409724,babywarcraft,"2026-06-21 17:28:37",0.77511,1,strawarcraft
4340,16409729,"sofia oppenheimerovna","2026-06-21 17:29:27",0.77511,1,vrch31
4341,16409877,"Carlos Eduardo #2","2026-06-21 17:48:18",0.77511,1,cegt25
4342,16409913,"shriya shrestha","2026-06-21 17:53:25",0.77511,1,shriyashrestha1
4343,16410201,"Bhuvanakruthi Devulapalli","2026-06-21 18:44:03",0.77511,1,bhu200602
4344,16410209,"Darya Pershina #2","2026-06-21 18:47:29",0.77511,1,medarialll
4345,16410750,"Максим Конаков","2026-06-21 21:21:50",0.77511,1,biostev
4346,16410751,"Ntobeko Zondi","2026-06-21 21:22:35",0.77511,1,ntobekozondi99
4347,16411248,"Kosuke Shitahigashi","2026-06-22 01:31:23",0.77511,3,zzznemutai
4348,16411496,"SAI ARAVIND REDDY PALLE","2026-06-22 02:34:12",0.77511,1,saiaravindreddypalle
4349,16411522,"Marat Zhukau","2026-06-29 22:32:15",0.77511,4,maratzhukau
4350,16412164,"Yuandong Xu 924","2026-06-22 05:40:04",0.77511,1,yuandongxu924
4351,16412354,"T Shubham","2026-06-22 06:17:10",0.77511,1,sungjinwoo25
4352,16412374,Sahebi_Melina,"2026-06-22 06:21:28",0.77511,1,sahebimelina
4353,16412556,"Elaiyanila Elai03","2026-06-22 06:50:52",0.77511,1,elaiyanilaelai03
4354,16412568,"Ahana Kanchan","2026-06-22 06:52:59",0.77511,1,ahanakanchan
4355,16412606,"Casper Tu","2026-06-22 07:00:05",0.77511,1,tcaspertu
4356,16412923,"Sebastian Benaya","2026-06-22 07:51:27",0.77511,1,sebastianbenaya
4357,16412941,PREETHIKA1915,"2026-06-22 07:54:09",0.77511,1,preethika1915
4358,16412992,"Sharif Islam","2026-06-22 08:30:28",0.77511,4,sharifislam96403
4359,16413033,Daniel1547,"2026-06-24 05:51:09",0.77511,7,daniel1547
4360,16413144,PhoebeNguyenPA,"2026-06-22 08:36:57",0.77511,1,phoebenguyenpa
4361,16413168,Sectumsempra_sid,"2026-06-22 08:41:45",0.77511,1,sectumsemprasid
4362,16413414,"Quan Minh Nguyen","2026-06-22 09:25:48",0.77511,1,quanminhnguyen7
4363,16413622,"Alessandro Falco","2026-06-22 10:04:41",0.77511,1,alessandrofalco
4364,16413632,leeminhduc2,"2026-06-22 10:21:24",0.77511,3,leeminhduc2
4365,16413649,ueshun,"2026-06-22 10:33:48",0.77511,2,ueshun
4366,16413816,"Tanishka Menon","2026-06-22 10:48:18",0.77511,1,tanishkamenon
4367,16413870,"Harshali Vadher","2026-06-22 11:00:17",0.77511,1,harshalivadher1
4368,16413911,"Joseph Christian","2026-06-22 11:09:08",0.77511,1,josephchristianod
4369,16414017,"To Kufo","2026-06-22 11:33:35",0.77511,1,tokufo
4370,16414048,dockermxy1,"2026-06-22 11:41:15",0.77511,1,dockermxy1
4371,15445143,"Asomugha Grace","2026-06-22 12:08:12",0.77511,1,asomughagrace
4372,16414373,shanchenghong,"2026-06-22 13:13:16",0.77511,2,shanchenghong
4373,16414449,杨泓123,"2026-06-22 12:52:08",0.77511,1,yh123y
4374,16414570,"Konrad Wojtowicz","2026-06-22 13:15:13",0.77511,1,koni28
4375,16414624,"Anointed Emperor","2026-06-22 13:24:34",0.77511,1,anointedemperor
4376,16414666,"Kelly Chin","2026-06-22 13:33:05",0.77511,1,kellychin001
4377,16414825,Sifa,"2026-06-22 14:00:51",0.77511,1,sifaml
4378,16414757,"John Johnov","2026-06-22 14:12:17",0.77511,2,johnjohnov
4379,16414910,lilvlilv,"2026-06-22 14:14:03",0.77511,2,lilvlilv
4380,16414994,"a b c","2026-06-22 14:26:04",0.77511,2,juanmcclough
4381,16415177,"Isabella Delmarco","2026-06-22 15:00:04",0.77511,1,isabelladelmarco
4382,16415180,"Nick Kulish","2026-06-22 15:01:21",0.77511,1,nickkulish
4383,16415185,"Samuel Udo Afonne ","2026-06-22 15:02:02",0.77511,1,samueludoafonne
4384,16415453,Tranvphat@14,"2026-06-22 15:46:13",0.77511,1,tranvphat14
4385,16415533,"Eyram Dovie","2026-06-22 16:22:14",0.77511,2,eyramdovie
4386,16415421,"ARYAN MISHRi","2026-06-22 16:12:09",0.77511,4,aryanmishri
4387,16415503,"Viktor Kesztler","2026-06-22 17:00:39",0.77511,6,viktorkesztler
4388,16415853,"Kulikov Dmitriy Evgenievich","2026-06-22 16:35:23",0.77511,1,gadzzzilo
4389,16415862,"Ann Titta T M","2026-06-22 16:36:02",0.77511,1,anntitta
4390,16415871,Gingertopia,"2026-06-22 16:37:11",0.77511,1,gingertopia
4391,16415897,"Marious Senyo","2026-06-22 16:39:39",0.77511,1,marious319
4392,16415950,"oliver tim","2026-06-22 16:47:35",0.77511,1,olivertim
4393,16416171,Mrlakes,"2026-06-22 17:37:15",0.77511,1,mrlakes
4394,16416623,"Nathaniel Wharton","2026-06-22 19:20:21",0.77511,1,nateai99
4395,16416641,"Maria #21","2026-06-22 19:24:49",0.77511,1,marialyuu
4396,16416734,"Tanmay khoriya","2026-06-22 19:49:52",0.77511,1,tanmaykhoriya
4397,16416812,"Nizeyimana Nolasque","2026-06-22 20:12:04",0.77511,1,nizeyimananolasque
4398,16416815,"AB Loftie-Eaton","2026-06-22 20:13:07",0.77511,1,abloftieeaton
4399,16416762,"Gursimar Kaur25","2026-06-22 21:27:54",0.77511,5,gursimarkaur25
4400,16416887,"Oliver Erdmann","2026-06-22 20:33:40",0.77511,1,olivererdmann
4401,16417034,"Gianni Romanelli","2026-06-22 21:55:06",0.77511,6,gianniromanelli
4402,16416760,"Mina Iizumi","2026-06-22 21:33:33",0.77511,8,minaiizumi
4403,16417085,"Claudia Arias Gonzalez","2026-06-22 21:51:38",0.77511,1,claudiaariasgonzalez
4404,16417101,"Thato Anadu","2026-06-22 21:55:48",0.77511,1,thatoanadu
4405,16417188,"Davin Nakahara","2026-06-22 22:49:07",0.77511,1,davinnakahara
4406,16417585,Crazydragon_233,"2026-06-23 01:27:38",0.77511,1,crazydragon233
4407,16404737,"Julio Oña","2026-06-23 02:10:58",0.77511,2,thinmanj
4408,16417837,"Yinjin Yao","2026-06-23 02:29:12",0.77511,1,yaoyinjin
4409,16417976,"Wenzhe Zhou","2026-06-23 02:57:36",0.77511,1,wenzhe3
4410,16418282,"Yuyee Liang","2026-06-23 04:02:45",0.77511,1,yuyeeliang
4411,16418347,"Kaveesha Fernando55","2026-06-23 04:24:29",0.77511,1,kaveeshafernando55
4412,14438133,"Avik Das","2026-08-12 00:57:20",0.77511,11,avikdas567
4413,16418406,"Rohan Hallur","2026-06-29 00:39:47",0.77511,6,rohanhallur
4414,16418456,gospellkawa,"2026-07-01 06:14:29",0.77511,2,gospellkawa
4415,16418630,"K Neeba Sara Johnson","2026-06-23 05:36:40",0.77511,1,kneebasarajohnson
4416,16418665,"koi ryo","2026-06-23 05:42:54",0.77511,1,koiryo
4417,16418934,"William Wang #7","2026-06-23 06:34:36",0.77511,2,ww2222
4418,16419216,"fathima fildha","2026-06-23 07:30:23",0.77511,1,fathimafildhads
4419,16419571,"Keith Njoroge","2026-06-23 08:17:10",0.77511,1,keithnjoro
4420,16419712,"Ghaniyul Amri Caulava","2026-06-23 08:43:00",0.77511,1,ghaniyulamricaulava
4421,16419768,"royer tsarafiavy","2026-06-23 08:54:02",0.77511,1,royertsarafiavy
4422,16419585,V.Abhinnaav,"2026-06-24 02:56:52",0.77511,9,vabhinnaav
4423,16419944,"Ruth Olukare","2026-06-23 09:18:18",0.77511,1,ruthprincess
4424,16419957,"Matthew Jenner","2026-06-23 09:19:46",0.77511,1,matthewjenner
4425,16419973,Karmarin,"2026-06-23 09:23:29",0.77511,1,karmarin
4426,16420017,"Sahid Al Afzal","2026-06-23 09:41:57",0.77511,2,sahidalafzal
4427,16420101,"James Mwangi #2","2026-06-23 09:50:05",0.77511,1,jamesgituiku
4428,16420114,"Matheus Chaves","2026-06-23 09:53:10",0.77511,1,matheussbchaves
4429,16420325,ninghaofan,"2026-06-27 02:23:02",0.77511,4,ninghaofan
4430,16420365,"ศรีกฤษ มหามนตรี","2026-06-23 10:42:53",0.77511,1,srigrid2549
4431,16420385,"ss rr","2026-06-23 10:46:00",0.77511,1,ssrr69945
4432,15659433,marieiro,"2026-06-23 10:55:27",0.77511,1,marieiro
4433,16419902,TsengYoubing,"2026-06-23 10:59:19",0.77511,2,tsengyoubing
4434,16420488,"Ednilson Sarmento","2026-06-23 11:06:21",0.77511,1,esarmento
4435,16420697,Yneloo,"2026-06-23 11:52:39",0.77511,1,yneloo
4436,16420840,"leuza akter","2026-06-23 12:24:51",0.77511,1,leuzaakter
4437,16420882,"Vraj Shah","2026-07-01 16:45:12",0.77511,8,vrajshah2007
4438,16420887,"Made Wijanta Ananta Maharthara","2026-06-23 12:34:14",0.77511,1,mwam31
4439,16420888,ganyiwen,"2026-06-23 12:34:57",0.77511,2,ganyiwen
4440,16380456,"Anudeep Reddy #2","2026-06-23 12:57:45",0.77511,3,anudeepreddy100
4441,16421048,"Naiara Pérez Leizaola","2026-06-23 13:05:59",0.77511,1,naiaraprezleizaola
4442,16421060,飞行雪融,"2026-06-23 13:08:03",0.77511,1,pozhao666
4443,16421064,"Oliver Asumadu","2026-06-23 13:08:54",0.77511,1,oliasu
4444,16421107,"arash nik","2026-06-23 13:19:06",0.77511,1,arashnik79
4445,16421143,"Mouad NECHCHAD","2026-06-23 13:26:29",0.77511,1,mouadnechchad
4446,16421250,"Masaya Ikuno","2026-06-30 14:29:11",0.77511,19,masayaikuno
4447,16421294,"Lam Phuong","2026-06-23 13:54:56",0.77511,1,haruxne
4448,16421295,Irivanova,"2026-06-23 13:55:01",0.77511,1,irivanova
4449,16421705,Wither0312,"2026-06-23 15:14:41",0.77511,1,wither0312
4450,16134791,"Nikhil #33","2026-06-23 15:40:45",0.77511,1,dripnikhil
4451,16421970,"Marcus Bain","2026-06-23 16:02:07",0.77511,1,marcusbain
4452,16422172,"Kunjal  M Tripathi","2026-06-23 16:45:40",0.77511,1,kunjalmtripathi
4453,16316042,"Roman #28","2026-06-23 17:00:28",0.77511,1,ze11der
4454,16423453,"Abhiram Pande","2026-06-23 19:58:06",0.77511,1,abhirampande
4455,16424254,"Abiharidass H","2026-06-23 21:56:30",0.77511,1,abiharidassh
4456,16424541,Fadeshola,"2026-06-24 00:54:16",0.77511,1,fadeshola
4457,16424669,"q zh","2026-06-24 01:57:35",0.77511,1,hrbzhq
4458,16424840,"[Deleted] 3152249c-d53b-4fc6-ae5b-8581ddb670f6","2026-06-24 03:02:26",0.77511,1,del=100b50feab48d031
4459,15402412,Loong,"2026-06-24 03:41:07",0.77511,4,fullname852
4460,16424916,stillZeeshan,"2026-06-24 03:27:31",0.77511,1,stillzeeshan
4461,15611612,"Julian McCarty","2026-06-24 03:41:02",0.77511,2,julianmccarty
4462,16425030,arya_min,"2026-06-24 03:55:49",0.77511,1,aryamin
4463,16425134,Teteapod,"2026-06-24 04:29:11",0.77511,1,tetrapod
4464,16425177,"I Made Bagus Aristya Sadewa","2026-06-24 04:43:16",0.77511,1,bagusaty
4465,14118833,"Vaishali Sreejith","2026-06-24 05:39:08",0.77511,1,vaishalisreejith
4466,16425444,"Rustam Niraula","2026-06-24 06:00:31",0.77511,2,rustamniraula
4467,16425541,"Nelson Mandley","2026-06-24 06:21:11",0.77511,1,nelsonmandley
4468,16425860,Benlado,"2026-06-24 08:58:36",0.77511,4,benlado
4469,16426224,"Damar Galang","2026-06-24 08:30:54",0.77511,1,damargalang
4470,16426384,"Stas Martynov","2026-06-24 08:59:05",0.77511,1,stasmartynov
4471,16426559,"Prachi Raikwar","2026-06-24 09:36:24",0.77511,2,raikwarprachi
4472,16426705,"Ntokoto Mnisi","2026-06-24 10:02:25",0.77511,1,ntokotomnisi
4473,16421403,"John Athanasopoulos","2026-06-24 10:55:02",0.77511,4,johnathanasopoulos
4474,16216628,"Narmadha Baskar","2026-06-24 10:30:46",0.77511,1,narmadhabaskar
4475,16427125,"Daniel Stafford","2026-06-24 11:25:55",0.77511,1,dstafford42
4476,16427293,GakuImamura,"2026-06-25 15:30:58",0.77511,15,gakuimamura
4477,16427459,"Naman Mehta #2","2026-06-24 12:36:16",0.77511,1,namanmehta369
4478,16427596,"Harish Bhagawath ","2026-06-24 13:04:33",0.77511,1,harish1806
4479,16427643,"Katrin Mägi","2026-06-24 13:14:23",0.77511,1,katrinmgi
4480,16427966,Chebude__De,"2026-06-24 14:18:11",0.77511,1,chebudede
4481,16427998,"[Deleted] a89aa64a-5ac1-45b6-8731-68e92730bdb5","2026-06-24 14:21:47",0.77511,1,del=bb4312bc3a99b0f2
4482,16428085,"Wang Xiaoyu #3","2026-06-24 14:34:09",0.77511,1,xiaoyulovehimself
4483,16428275,jeniro,"2026-06-24 15:08:34",0.77511,1,jeniro
4484,16428279,"Wang Feynman","2026-06-24 15:08:57",0.77511,1,wangfeynman
4485,16428410,GiselM,"2026-06-24 15:36:14",0.77511,2,giselm
4486,16428999,"Богатырёв Владимир","2026-06-24 17:27:54",0.77511,1,vovandemortbog
4487,16429077,eelixer,"2026-06-24 17:43:15",0.77511,1,eelixer
4488,16429246,"Lochini Dikkumbura","2026-06-24 18:23:14",0.77511,1,lochinidikkumbura
4489,16429279,michal,"2026-06-24 18:32:59",0.77511,1,m1chas4432
4490,14802094,AyhamAlashwal,"2026-06-24 19:53:22",0.77511,1,ayhamalashwal
4491,16429683,"Dheeruja Nimmala","2026-06-24 20:16:29",0.77511,2,dheerujanimmala
4492,16429704,"Abhinav Sharma #10","2026-06-24 20:22:51",0.77511,1,abhinavs02
4493,16429812,"Noah Horn","2026-07-01 16:23:56",0.77511,3,noahjhorn
4494,16429986,"Elise Hollowed","2026-06-24 21:45:22",0.77511,1,elisehollowed
4495,16430084,sewwdy,"2026-06-25 00:12:01",0.77511,2,sewwwww
4496,16430117,"Kavith Gunawardana","2026-06-24 22:45:42",0.77511,1,kavi501
4497,16430284,"adi wijaya","2026-06-24 23:58:44",0.77511,1,donnn1313
4498,16430307,"Adam Fast","2026-06-25 01:57:04",0.77511,3,adamfast
4499,16430327,西本朱里,"2026-06-25 00:27:09",0.77511,1,akari0709
4500,16430380,mmrlgb,"2026-07-05 12:02:05",0.77511,3,mmrlgb
4501,16430418,cervin,"2026-07-05 14:32:44",0.77511,2,cervin
4502,16425433,"Karasawa Rui","2026-06-25 03:09:08",0.77511,4,rui1157
4503,16430509,"Shuang Ranse","2026-06-25 01:52:11",0.77511,1,shuangranse
4504,16431192,"Harshada Patil #2","2026-06-25 05:28:04",0.77511,2,harshadapatil31
4505,16431404,"Ray Zhang08","2026-06-25 06:09:41",0.77511,1,rayzhang08
4506,16431405,"Pradnyan Les","2026-06-25 06:09:47",0.77511,1,pradnyanles
4507,16431561,"Paddy Tyrrell","2026-06-25 06:40:33",0.77511,1,paddytyrrell
4508,16431646,Work-Domogalla,"2026-06-25 06:58:30",0.77511,1,workdomogalla
4509,16431657,"Tomoshi MACHIDA","2026-07-08 06:58:28",0.77511,2,tomoshimachida
4510,16431765,"Aditya Sirsat","2026-06-25 07:22:42",0.77511,1,heirarchi
4511,16431952,"Emre Acar","2026-06-25 08:07:42",0.77511,1,emreacar06
4512,16431997,afasdfsad322,"2026-06-25 08:16:27",0.77511,1,afasdfsad322
4513,16432026,Shahadotibi,"2026-06-25 08:19:21",0.77511,1,shahadotibi
4514,16432029,Jordan225,"2026-06-25 08:20:10",0.77511,1,jordan225
4515,16432198,"Muhammad Dzhabarov","2026-06-25 08:51:44",0.77511,1,muhammaddzhabarov
4516,16432353,"Thaung Htoo","2026-06-25 09:27:21",0.77511,1,thaunghtoo
4517,16432583,"Julene Eraña Aguayo","2026-06-25 10:16:07",0.77511,2,juleneeraaaguayo
4518,16427499,"George #33","2026-06-25 10:35:42",0.77511,3,ngeorgea
4519,16432716,"Godspower Utaji","2026-06-25 10:53:27",0.77511,1,godspowerutaji
4520,16432428,Ku_ha_ku,"2026-06-25 11:01:21",0.77511,4,ku0ha0ku
4521,16432753,hkr136,"2026-06-25 11:03:42",0.77511,1,hkr136
4522,16432816,UpBandz,"2026-06-25 11:20:17",0.77511,1,upbandz
4523,16432876,"Ashah Hobyane","2026-06-25 11:36:54",0.77511,1,ashahhobyane
4524,16427333,"Aqil Alhafidz","2026-06-25 11:53:11",0.77511,5,aqilalhafidz
4525,15258325,ChaCha77,"2026-06-25 12:22:49",0.77511,3,chacha77
4526,16433109,LeoDance,"2026-06-25 12:34:07",0.77511,1,leodance
4527,16432985,"Alex Kazimirov","2026-06-25 12:34:23",0.77511,3,alexkazimirov
4528,16433381,"lucas D Zhang360425","2026-06-25 13:37:57",0.77511,1,lucasdzhang360425
4529,16433415,"Taiwo David OGUNMOLA","2026-06-25 13:44:32",0.77511,1,taiwodavidogunmola
4530,14514291,"Matin Salari","2026-06-27 07:32:45",0.77511,2,matinsalari
4531,16433663,IkkiKyomoto,"2026-06-25 14:23:15",0.77511,1,ikkikyomoto
4532,16433681,"Julio Giron ","2026-06-25 14:26:18",0.77511,1,julgir
4533,16433691,"jelena jesu","2026-06-25 14:28:48",0.77511,1,jelenajesu
4534,16433764,Nutmeg96,"2026-06-25 14:36:12",0.77511,1,nutmeg96
4535,16433825,"Stefan Daenzer","2026-06-25 14:48:46",0.77511,1,daenzer
4536,15169475,"Troy Lehman","2026-06-25 14:56:48",0.77511,2,troylehman
4537,16433910,"Faqih Athaya Aziz","2026-07-12 05:38:03",0.77511,2,faqihathayaaziz
4538,16434004,Almeida,"2026-06-25 15:31:09",0.77511,1,alphaarcher
4539,16434092,"wu zhenxiao","2026-06-25 15:56:32",0.77511,1,wuzhenxiao
4540,16427517,"Архипов Михаил Андреевич","2026-06-25 16:17:22",0.77511,2,gargulia
4541,16434224,"yasmine Sehli77777","2026-06-25 16:27:05",0.77511,1,yasminesehli77777
4542,16434289,kyw2385,"2026-06-25 16:39:50",0.77511,1,kyw2385
4543,16434295,"Raphael Pam","2026-06-25 16:41:25",0.77511,1,raphaelpam
4544,16434425,"Aky Lin","2026-06-25 17:12:20",0.77511,1,akylin
4545,16390255,"Fei Nguyen","2026-06-25 17:37:47",0.77511,3,feinguyen
4546,16434618,"Aahan Mehta","2026-06-25 18:06:08",0.77511,2,mehtaaahan
4547,16434640,"Godswill Opelia","2026-06-25 18:08:29",0.77511,1,godswillopelia
4548,16435067,chxizi,"2026-06-25 20:09:49",0.77511,1,chxizi
4549,16435081,"Mohibul Islam Sawrav","2026-06-25 20:14:43",0.77511,1,mohib080
4550,16435104,SusanJia,"2026-06-25 20:26:34",0.77511,1,susanjia
4551,16435146,"Jack Skupski","2026-06-26 13:16:20",0.77511,2,jackskupski
4552,16435282,IRONENGINEERS,"2026-06-28 17:02:16",0.77511,2,"demhatgezer,emirayvaz"
4553,16435655,"Ivan Ivanov #4","2026-06-26 01:27:03",0.77511,1,iv4n1v4n0v
4554,16435860,goufugui48,"2026-06-26 02:59:42",0.77511,1,goufugui48
4555,12078264,"Alejandro Rendon Blan","2026-06-27 06:09:02",0.77511,2,alejandrorendonblan
4556,16436171,"Skull S","2026-06-26 04:59:31",0.77511,1,skulls2
4557,16436482,"spike qi","2026-06-26 06:36:25",0.77511,1,spikeqi
4558,16436654,"Sri Krishna Aasrith Kancharla","2026-06-26 07:22:02",0.77511,1,srikrishnaaasrithk
4559,16436700,Deadblast07,"2026-06-26 07:34:16",0.77511,1,deadblast07
4560,13280355,cyhhang,"2026-06-26 09:27:02",0.77511,2,cyhhang
4561,16436977,"CAI, Chun Wai","2026-06-26 08:24:48",0.77511,1,caichunwai
4562,16436883,"Pankaj Rathee","2026-06-26 08:31:50",0.77511,5,pankajrathee180
4563,16437317,zhangzhang,"2026-06-26 09:20:09",0.77511,1,zhx1012
4564,16437537,HFCorbett,"2026-06-26 09:53:16",0.77511,1,hfcorbett
4565,16437806,kotrex96,"2026-06-26 10:49:33",0.77511,1,kotrex96
4566,16437884,"Mayank Arora #3","2026-06-26 11:10:13",0.77511,1,angeloarise
4567,16437993,"Bhavya #8","2026-06-26 11:33:56",0.77511,1,bhavya2511
4568,16438061,Yiamll,"2026-06-26 11:48:12",0.77511,1,yiamll
4569,16438252,古兹姆木,"2026-06-26 12:38:11",0.77511,1,gugaugagua
4570,16438268,"New Village Y","2026-06-26 12:43:51",0.77511,1,newvillagey
4571,16438503,STRANGE,"2026-06-26 13:44:07",0.77511,1,strang3
4572,16438137,"Huangshouyi Huang","2026-06-26 14:25:42",0.77511,4,huangshouyihuang
4573,16438665,"Boey Chung","2026-06-26 14:21:39",0.77511,1,boeychung
4574,16438713,marcolmh,"2026-06-26 14:34:30",0.77511,1,marcolmh
4575,16438791,"Aidan Chu CK","2026-06-26 14:51:17",0.77511,1,aidanchuck
4576,16438824,"Prakshay Pedhadiya","2026-06-26 14:59:37",0.77511,1,prakshaypedhadiya13
4577,16438903,"Gift Eunice","2026-06-26 15:19:50",0.77511,1,gifteunice
4578,16439146,SrinathAishwarya97,"2026-07-11 12:40:41",0.77511,2,srinathaishwarya97
4579,16127068,"Bobby Keck","2026-06-26 17:22:56",0.77511,10,bobbykeck
4580,16439657,"Justin Hiltabidel","2026-06-26 17:53:06",0.77511,3,justinhiltabidel
4581,16439876,DragonSpider,"2026-06-26 18:00:43",0.77511,1,parkvist
4582,16439938,"Naufal Gopal","2026-06-26 18:15:50",0.77511,1,naufalgopal
4583,16440054,"Sathyendhranath Rao","2026-06-26 18:52:15",0.77511,1,sathyendhranathrao
4584,16440038,kirill_davidovskiy,"2026-06-26 18:53:52",0.77511,1,kirilldavidovskiy67
4585,16440287,EthanTheGreater,"2026-06-27 01:28:34",0.77511,5,ethanthegreater
4586,16440457,triva555,"2026-06-26 21:34:43",0.77511,2,triva555
4587,16440463,"Satria Bashir","2026-06-26 21:13:43",0.77511,1,satriabashir
4588,16440645,バモバモスカワサキ,"2026-06-27 01:11:47",0.77511,5,forzakawasaki
4589,16162912,"Noah Gordon","2026-06-26 23:28:48",0.77511,5,noahgordon0
4590,16440920,"Arbi Xhepa","2026-06-27 02:09:55",0.77511,1,arbixhepa
4591,16440960,"Star Bright Ray","2026-06-27 02:31:07",0.77511,1,starbrightray
4592,16441150,"Divija Gunda","2026-06-27 05:01:50",0.77511,3,divijagunda
4593,16441487,h_yanagi,"2026-06-27 06:12:43",0.77511,1,youreiyngsw
4594,16441847,"Bo-Yuan Yang","2026-06-27 07:48:33",0.77511,1,boyuan0817
4595,16442040,"kian teik beh","2026-06-27 08:37:53",0.77511,1,kianteikbeh
4596,16442479,InDifferentiaVeritas,"2026-06-27 09:47:28",0.77511,1,indifferentiaveritas
4597,16442580,cimyzzz,"2026-06-27 10:11:52",0.77511,1,cimyzzz
4598,16442664,"Andrea Ragucci","2026-06-27 10:36:49",0.77511,1,andrearagucci
4599,16442698,eertree,"2026-06-29 05:22:15",0.77511,3,eertree
4600,16442821,"will William","2026-06-27 11:18:54",0.77511,2,zuozuoovo
4601,16443007,"Sammy #3","2026-06-27 12:12:02",0.77511,1,sofishticated
4602,16443040,gyh20031201,"2026-06-27 12:23:07",0.77511,1,gyh20031201
4603,16443091,Melon67,"2026-06-27 12:41:43",0.77511,1,melon67
4604,16443185,bui_minh_bien,"2026-06-27 13:12:03",0.77511,1,buiminhbien
4605,16443204,theonlyacaj,"2026-06-27 13:16:40",0.77511,1,aleshinloyeclinton
4606,16443429,Muza,"2026-06-27 14:14:30",0.77511,1,muzaki29
4607,16443436,zzzccch,"2026-06-27 15:17:44",0.77511,2,zzzccch
4608,16443714,ZhFkword,"2026-06-27 15:34:38",0.77511,1,zhfkword
4609,16443738,"Niloy Mutsuddy","2026-06-27 15:42:36",0.77511,1,niloymutsuddy
4610,16443934,"Victoria Kangogo","2026-06-27 16:43:51",0.77511,1,victoriakangogo
4611,16443980,"Attah Kingsley Williams","2026-06-27 16:58:31",0.77511,1,attahkingsley
4612,16444231,"Дамир Уайс","2026-06-27 19:23:59",0.77511,8,damir4ik
4613,16444321,"Ikram #2","2026-06-27 18:44:41",0.77511,1,ikramullah1983
4614,16444377,"Raheem Oluwatobiloba","2026-06-27 19:06:55",0.77511,1,tobiiraheem
4615,16444454,"Ashley #10","2026-06-27 19:48:31",0.77511,1,ashleyh9
4616,16444455,YaroYeff,"2026-06-27 19:48:37",0.77511,1,yaroyeff
4617,16444180,"Yinzhen Zhai","2026-06-27 19:54:44",0.77511,5,yinzhenzhai
4618,16444467,"Максим Харламов","2026-06-27 19:56:15",0.77511,1,makimka882
4619,16444495,"Dennis Boadu","2026-06-27 20:06:06",0.77511,1,dennisboadu
4620,16444809,Towera,"2026-06-27 23:59:35",0.77511,1,towera
4621,16444861,MohamedChaabouni,"2026-06-28 00:47:16",0.77511,1,medchaabouni
4622,16444893,山下太志,"2026-06-28 01:16:36",0.77511,1,taishiyamahita
4623,16445067,"Arjun Kishor Shenoy","2026-06-28 03:25:57",0.77511,1,n0ishey
4624,16445158,"Yoshy #2","2026-06-28 04:22:58",0.77511,1,yoshikoindo
4625,16445224,UOS_HYEONSONGKIM,"2026-06-28 04:55:36",0.77511,1,uoshyeonsongkim
4626,12647267,"Yusuke Morimitsu","2026-06-28 05:42:19",0.77511,6,yusukemorimitsu
4627,16445295,"kenko fusui","2026-06-28 05:29:03",0.77511,1,kenkofusui
4628,16445554,SC2025100628YBY,"2026-06-28 07:01:37",0.77511,1,yuanbaoyan
4629,16445828,"Tài Nguyễn #4","2026-06-30 17:44:40",0.77511,2,natdsvn
4630,16445904,lllllouis,"2026-06-28 08:53:34",0.77511,2,lllllouis
4631,16445957,seongjin1212,"2026-06-28 09:06:27",0.77511,1,seongjin1212
4632,16446000,Sadiorb,"2026-06-28 09:17:35",0.77511,1,sadiorb
4633,5457156,useR1223,"2026-06-28 09:57:31",0.77511,1,user1223
4634,16446195,Gavrielll,"2026-07-11 15:53:03",0.77511,2,gavrielll
4635,16446346,suda-3156,"2026-06-29 13:42:11",0.77511,2,suda3156
4636,16446384,"Optimus Prime 777","2026-06-28 11:05:13",0.77511,1,optimusprime777
4637,16446437,GUDDY,"2026-06-28 11:20:05",0.77511,1,guytdd
4638,16446604,XanderAB,"2026-06-28 12:12:10",0.77511,1,xanderab
4639,12758263,"Tokio Watanabe","2026-06-29 01:26:28",0.77511,2,tokiowatanabe
4640,16446759,Omkarp1211,"2026-06-28 12:50:41",0.77511,1,omkarp1211
4641,16446934,Changer_Jackal,"2026-06-28 13:38:29",0.77511,1,changerjackal
4642,16447157,"Shivang Gupta #2","2026-06-28 14:37:34",0.77511,1,shivanggupta14
4643,16447191,yuki10008,"2026-06-28 14:48:47",0.77511,1,yuki10008
4644,16447331,"Gustavo #12","2026-06-28 16:45:50",0.77511,2,gustavorayar
4645,16447615,Jouielyn,"2026-06-28 16:45:42",0.77511,1,jouielyn
4646,4070412,"Kris #3","2026-06-28 17:00:00",0.77511,1,simplykris
4647,16447794,"Karthikeyan #6","2026-06-28 17:37:28",0.77511,1,karthikeyan27102003
4648,16447841,"Vidhya Korgaoker","2026-06-28 17:55:08",0.77511,1,vidhyakorgaoker
4649,16447849,"Jannatul Jeor Bushra","2026-06-28 18:00:01",0.77511,1,jannatuljeorbushra
4650,16447899,"Andrew Ha","2026-06-28 18:31:22",0.77511,2,anha97
4651,16448002,"Deepak Kumar Pal","2026-06-28 18:51:43",0.77511,1,dk2301
4652,16448494,"Liudia May","2026-06-28 23:27:32",0.77511,1,liudiamay
4653,16448556,"YAHYA MARGAD","2026-06-29 00:32:20",0.77511,1,aya7ya
4654,16448563,"Ramon Plata","2026-06-29 00:34:33",0.77511,1,ramonplata
4655,16448692,"Tiffany Saunders","2026-06-29 02:03:11",0.77511,2,tiffanysaunders
4656,16448757,nakqtsu,"2026-06-29 02:13:06",0.77511,1,nakqtsu
4657,16449184,李取个不一样的id,"2026-07-06 14:20:02",0.77511,2,username1515
4658,16449252,"Harjot Singh","2026-06-29 05:06:59",0.77511,1,hjsinghbho
4659,16449338,"boring liu","2026-06-29 05:38:29",0.77511,1,boringliu
4660,16449341,"parz1 Zhou","2026-06-29 05:39:58",0.77511,1,parz1zhou
4661,16449370,"Danil Lakhtin","2026-06-29 05:42:59",0.77511,1,danillakhtin
4662,16449607,"Siphesihle Mathebula","2026-06-29 06:42:00",0.77511,1,siphesihlemathebula
4663,16449842,"Ayra Tengku","2026-06-29 07:40:24",0.77511,1,ayratengku
4664,16449935,"Ishwinder Kaur Ahluwalia","2026-06-29 07:55:22",0.77511,1,erishwinderkaur
4665,16450109,yankangaw,"2026-06-29 08:34:57",0.77511,1,yankangaw
4666,16450123,Simon_Sekele,"2026-06-29 08:37:01",0.77511,1,simonsekele
4667,16450221,Angel_Praisy,"2026-06-29 09:00:38",0.77511,1,angelpraisy
4668,16450248,twpvic,"2026-06-29 09:32:47",0.77511,3,twpvic
4669,16450295,"Rona Feng","2026-06-29 09:16:16",0.77511,1,ronafeng
4670,16450394,yuzengshuo,"2026-07-01 03:55:43",0.77511,5,yuzengshuo
4671,16450154,"Léon HOUNGBEDJI","2026-06-29 09:59:03",0.77511,4,lonhoungbedji
4672,16450620,tiankai0921,"2026-06-29 10:29:25",0.77511,1,tiankai0921
4673,16450934,"david jerdin","2026-06-29 11:44:27",0.77511,1,davidjerdin
4674,16450888,"Tuan Tu Pham","2026-06-29 11:53:45",0.77511,1,tuantupham
4675,16451303,"Abdullah Rangwala","2026-06-29 12:57:25",0.77511,1,abdullahrangwala
4676,16447146,"Blue Skywive","2026-06-29 13:04:27",0.77511,7,blueskywive
4677,16451368,tomon9086,"2026-06-29 13:12:32",0.77511,1,tomon9086
4678,16451263,"cute mocha","2026-06-29 13:16:19",0.77511,4,cutemocha
4679,16451579,G1251432858,"2026-06-29 13:43:46",0.77511,1,g1251432858
4680,16451601,"Barra Radiansyah","2026-06-29 14:04:09",0.77511,3,forestbreeze
4681,16451692,"lin xian sheng","2026-06-29 14:22:52",0.77511,7,lic2040
4682,16451750,amandamager,"2026-06-29 14:09:44",0.77511,1,amandamager
4683,16451778,"Miracle Fucker","2026-06-29 14:16:44",0.77511,1,miraclefucker
4684,16451800,Sasmeister,"2026-06-29 14:20:34",0.77511,1,sasmeister
4685,16451837,"Alexey Kolosov","2026-06-29 14:30:06",0.77511,1,alexeykolosov
4686,14464447,"Sacha Kefif","2026-06-29 15:37:34",0.77511,3,sachakefif
4687,16452269,1251430739,"2026-06-29 15:36:15",0.77511,1,kaedene
4688,16452356,1251434520,"2026-06-29 15:50:58",0.77511,1,kanamiybg
4689,16452364,codex2005,"2026-06-29 15:52:10",0.77511,1,codex2005
4690,16452385,Soff,"2026-06-29 15:55:40",0.77511,1,sofferpop
4691,16452708,"Oriane Jouhet","2026-06-29 17:14:53",0.77511,1,orianejouhet
4692,16452808,"Ashkan Sadrifar","2026-06-29 17:51:22",0.77511,1,ashkansadrifar
4693,16453420,"Jervaldo Jervasio","2026-06-29 19:43:20",0.77511,1,jervaldojervasio
4694,16453723,"KEVIN KIPKEMBOI","2026-06-29 20:51:37",0.77511,1,kevinkipkemboi
4695,16454622,"Zong-Han Sun","2026-06-30 00:28:34",0.77511,1,zonghansun
4696,16454974,EmilianoGM,"2026-06-30 01:29:40",0.77511,1,emilianogm
4697,16455411,"Bapouguini Amissou Tankoano","2026-06-30 02:35:37",0.77511,1,atanko
4698,16455514,Mirko,"2026-06-30 03:01:48",0.77511,1,mirkosv
4699,16455574,"Yushuo Sun","2026-06-30 03:02:11",0.77511,1,yushuosun
4700,16455580,KameshJoshi,"2026-06-30 03:02:46",0.77511,1,kameshjoshi
4701,16455841,G1251430424,"2026-06-30 03:45:04",0.77511,1,g1251430424
4702,16455921,"DAZ Apon","2026-06-30 03:57:20",0.77511,1,dazapon
4703,16456338,"Carrie Tangjing","2026-06-30 04:49:45",0.77511,1,carrietangjing
4704,16425980,Godofthunder2407,"2026-06-30 05:31:02",0.77511,11,godofthunder2407
4705,16457129,bobbob999,"2026-06-30 06:37:33",0.77511,1,bobbob999
4706,16457364,littlepiglalu,"2026-07-09 08:58:39",0.77511,5,littlepiglalu
4707,16457470,"Parth Kurade","2026-06-30 07:42:14",0.77511,2,parthkurade
4708,16457826,"chaitanya gulati","2026-06-30 07:59:37",0.77511,1,chaitanyagulati
4709,16457916,G1251430525　今泉蓮,"2026-06-30 08:13:14",0.77511,1,g1251430525
4710,16457714,Ianwah,"2026-06-30 08:25:00",0.77511,5,ianwah
4711,16457945,"hihv jgcx","2026-06-30 08:17:22",0.77511,1,hihvjgcx
4712,16457976,enchi0120,"2026-06-30 08:20:46",0.77511,1,enchi0120
4713,16458041,"qwerty123 #2","2026-06-30 08:29:40",0.77511,1,qwertynm
4714,8710736,"matt #8","2026-06-30 10:17:09",0.77511,1,mlscrub
4715,16458767,"Alexia Chatzikonstantinou","2026-06-30 10:42:06",0.77511,1,alexiachatzikon
4716,16458873,"Yash BJ9","2026-06-30 10:59:12",0.77511,1,yashbj9
4717,16459125,G1251412327,"2026-06-30 11:41:41",0.77511,1,g1251412327
4718,16459159,jb,"2026-07-07 14:09:35",0.77511,2,jmabuenaventura
4719,16459198,"Rehansh Shrivastava","2026-06-30 11:57:10",0.77511,1,rehanshshrivastava
4720,16459256,"Jess #10","2026-07-09 14:14:59",0.77511,6,jjkk789
4721,16459346,"parmis alizadeh","2026-06-30 12:21:05",0.77511,1,parmisalizadeh
4722,16459383,"Emre Tınarlıoğlu","2026-06-30 12:27:24",0.77511,1,emretnarlolu
4723,16459682,"Khensane Manthosi","2026-06-30 13:18:15",0.77511,1,khensanemanthosi
4724,16459848,regedit007,"2026-06-30 13:42:55",0.77511,1,regedit007
4725,16460119,DaulTrash,"2026-06-30 14:32:38",0.77511,1,daultrash
4726,16460136,"Sneha Ramakrishnan","2026-06-30 14:37:43",0.77511,1,ramakrishnansneha
4727,16460203,"Alan HsuAOI","2026-06-30 15:20:14",0.77511,10,alanhsuaoi
4728,16460271,"Joel Notoyowen","2026-06-30 14:57:51",0.77511,1,joelnotoyowen
4729,16460279,BladeBud,"2026-06-30 14:58:55",0.77511,1,bladebud
4730,16460377,"Timosha Li","2026-06-30 15:19:05",0.77511,1,temirlangrain
4731,16460710,"Iyanu Owoyele","2026-06-30 16:18:01",0.77511,1,iyanuowoyele
4732,16461015,simple-chaz,"2026-06-30 17:10:37",0.77511,1,simplechaz
4733,16461033,"Mark Joseph Roa","2026-06-30 17:15:33",0.77511,1,markjosephroa
4734,16460781,"Nicholas Reichert","2026-06-30 17:52:43",0.77511,6,nicholasreichert
4735,16461656,G1251430912,"2026-06-30 19:20:22",0.77511,1,g1251430912
4736,16461951,"Todd Winter","2026-06-30 20:33:00",0.77511,1,toddwinter
4737,16462049,"Sanika Kale","2026-06-30 21:05:53",0.77511,1,sanikakale22
4738,14968184,lilrayray,"2026-06-30 21:27:25",0.77511,1,lilrayray
4739,16462293,DarDataWorks,"2026-06-30 22:58:05",0.77511,1,adarlene
4740,16462679,lieting,"2026-07-01 01:23:09",0.77511,1,lieting
4741,16462764,"yusheng #2","2026-07-01 01:51:47",0.77511,1,parsifalll77
4742,16462775,"Kesava M","2026-07-01 01:54:53",0.77511,1,kesavamanideep
4743,16462783,"Vedanth Komaragiri","2026-07-01 01:56:24",0.77511,1,vedanthkomaragiri
4744,16462929,"Krish Sarath","2026-07-01 02:42:43",0.77511,1,krishsarath
4745,16462984,"RayHuang #2","2026-07-01 02:57:32",0.77511,1,rayhuang0124
4746,16463171,sihannd:),"2026-07-01 09:37:47",0.77511,3,sihannd
4747,16463501,Wenyin0617,"2026-07-01 05:07:53",0.77511,1,wenyin0617
4748,16463633,Y.Bigmoon,"2026-07-01 05:38:12",0.77511,2,ybigmoon
4749,16463972,"R Praveen Kumar","2026-07-01 06:45:36",0.77511,1,praveenkumarr003
4750,16464017,RuiZZZ,"2026-07-01 06:55:17",0.77511,1,zhur02
4751,16464215,ALIXXCoding,"2026-07-01 07:29:26",0.77511,1,alixxcoding
4752,16464447,"Shaun Serrao","2026-07-01 08:08:19",0.77511,1,shaunserrao
4753,16464914,磯部健史,"2026-07-01 09:24:06",0.77511,1,isobe19
4754,16465172,"Tammi Leah Ornelas","2026-07-01 10:06:16",0.77511,1,tammiornelas
4755,16465191,"Sanakorn Guy","2026-07-01 10:12:17",0.77511,1,sanakornguy
4756,16465223,"Dafa Aziz Firmansyah","2026-07-01 10:20:11",0.77511,1,dafaazizfirmansyah
4757,16465293,"Zahid Sandoval","2026-07-01 10:34:26",0.77511,1,zahidsandoval
4758,16465333,"Adem Chafra","2026-07-01 10:45:08",0.77511,1,ademchafra
4759,16465346,notzainab,"2026-07-01 10:50:46",0.77511,3,notzainab
4760,16465395,"Tong Li #3","2026-07-01 11:38:49",0.77511,2,nemesise
4761,16459568,"Takuto Gomi","2026-07-01 12:26:13",0.77511,4,gongongongon
4762,16466207,aarif777,"2026-07-01 12:29:09",0.77511,1,aarif777
4763,16466407,"Mohamed Hamed #2","2026-07-01 13:09:15",0.77511,1,engmohameddaf
4764,16466655,Groot1618,"2026-07-01 13:52:12",0.77511,1,groot1618
4765,16466751,Tuki,"2026-07-01 14:09:43",0.77511,1,tuppa7777777
4766,16466786,"Zeynep Menekşe","2026-07-01 14:13:51",0.77511,1,zeynepmeneke
4767,16467241,"Anh da den","2026-07-01 14:56:10",0.77511,1,noobcow
4768,16467304,MrBeast12,"2026-07-01 14:59:44",0.77511,1,mrbeast12
4769,16467348,"Adolfo Vega Valdés","2026-07-01 15:02:03",0.77511,1,adolfovegavalds
4770,16467366,"Alex Hansen","2026-07-01 15:04:07",0.77511,1,verifyag
4771,16467715,"Michał Serafin","2026-07-01 15:33:10",0.77511,1,kenifares
4772,16468115,"Sathwik Chinthakayala","2026-07-01 16:14:47",0.77511,1,sathwikchinthakayala
4773,16449299,"Ngo Vi Khoi","2026-07-01 16:52:19",0.77511,3,ngovikhoi
4774,16468459,"Ilya Elkin","2026-07-01 18:03:13",0.77511,7,ilyaelkin
4775,16468468,"Sohel Rana #2","2026-07-01 17:08:01",0.77511,1,sohelrana1997
4776,16468717,"Lucky Kumari","2026-07-01 18:22:29",0.77511,2,lucky110705
4777,16468879,phylist,"2026-07-01 18:32:43",0.77511,1,phylist
4778,16468925,"Jayshree Karmakar","2026-07-01 18:40:25",0.77511,1,jayshreekarmakar
4779,16468932,"Piyush Singh #5","2026-07-01 18:41:35",0.77511,1,piyushsingh9881
4780,16469077,amylouise0,"2026-07-01 19:18:15",0.77511,1,amylouise0
4781,16470018,Obedine,"2026-07-01 19:42:37",0.77511,1,obedine
4782,16470455,"Nakula Satriya","2026-07-01 21:51:08",0.77511,1,nakulasatriya
4783,16470558,"Oscar Barnes","2026-07-01 22:19:20",0.77511,1,oscarbarnes4
4784,16470806,"Joe Gondwe","2026-07-02 00:00:25",0.77511,1,joegondwe
4785,16470904,"Hanif Shah","2026-07-02 01:01:29",0.77511,1,hanifshah988321
4786,16471026,G1251411115,"2026-07-02 01:44:38",0.77511,1,g1251411115
4787,16471258,1251430659,"2026-07-02 02:54:05",0.77511,1,kyonpi
4788,16471491,"Yin Wing KONG","2026-07-09 04:36:25",0.77511,2,yinwingkong
4789,16471570,1251432505,"2026-07-02 03:55:09",0.77511,1,harunakaggle
4790,16471715,Miyumikan,"2026-07-02 04:45:16",0.77511,1,miyumikan
4791,16471832,nkam,"2026-07-06 23:56:07",0.77511,2,nkamseren
4792,16471883,G1251432147,"2026-07-02 05:30:14",0.77511,1,g1251432147
4793,16471884,G1251430596,"2026-07-02 05:30:14",0.77511,1,g1251430596
4794,16471953,"Handong Guo","2026-07-02 05:48:09",0.77511,1,hhhhh12138
4795,16471965,"champion jiang8","2026-07-02 05:53:06",0.77511,1,championjiang8
4796,16471981,samiah.ss,"2026-07-02 05:55:40",0.77511,1,samiahss
4797,16472084,G1251432120,"2026-07-02 06:20:54",0.77511,1,g1251432120
4798,16464226,Charle1234,"2026-07-02 06:43:35",0.77511,2,charle1234
4799,16472199,JingMu_01,"2026-07-02 06:49:40",0.77511,1,jingmu01
4800,16472422,"Ahmad Ibrahim Umar","2026-07-02 07:38:24",0.77511,1,ahmadgambaki
4801,16472695,xujiawang31,"2026-07-02 08:30:46",0.77511,1,xujiawang31
4802,16472704,"Tristan Isolde","2026-07-02 08:36:05",0.77511,2,tristanisolde
4803,16472758,wujianlong24,"2026-07-02 08:41:34",0.77511,1,wujianlong24
4804,16472796,linyanling49,"2026-07-02 08:47:28",0.77511,1,linyanling49
4805,16472841,linfeng34,"2026-07-02 08:56:23",0.77511,1,linfeng34
4806,16472903,"My Huyền","2026-07-02 09:09:00",0.77511,1,myhuyen27
4807,16472871,skabrx10,"2026-07-02 09:10:24",0.77511,1,skabrx10
4808,16472949,tanu_ai,"2026-07-02 09:50:50",0.77511,2,tanuuuai
4809,16472965,"Shilpa Manish Kabra","2026-07-02 09:23:29",0.77511,1,shilpamanishkabra
4810,16473083,"pranay karamkar","2026-07-02 09:46:53",0.77511,1,pranaykaramkar
4811,16473263,"Ronz Arvie Remoroza","2026-07-02 10:23:08",0.77511,1,ronzarvieremoroza
4812,16473308,"Sushama Agrawal","2026-07-02 10:34:23",0.77511,1,sushamaagrawal
4813,16473349,keiichi11,"2026-07-02 10:51:30",0.77511,10,keiichi11
4814,16473403,"Etikala Lokesh","2026-07-02 10:59:03",0.77511,1,etikalalokesh
4815,16473463,"Benji Mo","2026-07-02 11:15:42",0.77511,1,benjim0
4816,16473546,"Mark O'Kane","2026-07-02 11:37:11",0.77511,1,markokanedg
4817,16473574,Soorya212,"2026-07-02 11:43:56",0.77511,2,soorya212
4818,16473668,"Horia Hutanu","2026-07-02 11:58:27",0.77511,1,horiahutanu
4819,16473585,sleepyzzz,"2026-07-02 12:05:59",0.77511,2,sleepyzzzzz
4820,16473587,"Shalom #2","2026-07-02 12:06:02",0.77511,2,rebel1ing
4821,16473749,SakisakaSuzune,"2026-07-02 12:16:15",0.77511,1,sakisakasuzune
4822,16473598,Edisth,"2026-07-02 12:20:39",0.77511,2,edisth
4823,16473852,jagvb_,"2026-07-02 12:35:35",0.77511,1,jagvbb
4824,16474041,"Kazvin Tjakradinata","2026-07-02 13:16:43",0.77511,1,kazvintjakradinata
4825,16474050,zhiyaoxiang2418,"2026-07-02 13:18:24",0.77511,1,zhiyaoxiang2418
4826,16474128,zhangyuxin07,"2026-07-02 13:35:38",0.77511,2,zhangyuxin07
4827,16474175,UUSSCC,"2026-07-02 13:43:01",0.77511,1,uusscc
4828,16474185,"ZHENGLEXUAN 46","2026-07-02 13:44:42",0.77511,1,zhenglexuan46
4829,16474494,"Rishik Saha #2","2026-07-02 14:51:05",0.77511,1,rishiksaha
4830,16474588,ieeqwq,"2026-07-02 15:13:18",0.77511,1,ieeqwq
4831,16474637,G1251430852,"2026-07-02 15:23:45",0.77511,1,g1251430852
4832,16474641,Truphena,"2026-07-02 15:24:38",0.77511,1,truphenamurunga
4833,16474669,"wasi al safa","2026-07-02 15:30:38",0.77511,1,wasialsafa
4834,16474795,Zog34bro,"2026-07-02 16:01:01",0.77511,1,zog34bro
4835,16474881,linzejian37,"2026-07-02 16:20:12",0.77511,1,linzejian37
4836,16475045,"Atharva  Baviskar ","2026-07-02 17:04:57",0.77511,1,notsoatharva
4837,14458210,"Nguyen Anh Hoang","2026-07-02 17:14:58",0.77511,1,nguyenanhhoang
4838,16475143,"  lizhendong25","2026-07-02 17:24:14",0.77511,1,lizhendong25
4839,16475228,"Charles Uneze","2026-07-02 17:45:35",0.77511,1,charlesuneze
4840,16475401,"Sumit Diwakar","2026-07-02 18:38:05",0.77511,1,itsdiwakar
4841,16475370,"Kaafi John","2026-07-02 18:42:04",0.77511,2,kaafijohn
4842,16469051,"Bharath #11","2026-07-02 19:31:07",0.77511,11,tbk9119
4843,16475634,"Keshav Garg #2","2026-07-02 20:41:46",0.77511,2,keshavgarg51
4844,16475854,"ruchika upuldeniya","2026-07-02 20:59:01",0.77511,1,ruchikaupuldeniya
4845,16475888,Cici_Jiayang_Xu,"2026-07-02 21:14:52",0.77511,1,cicijiayangxu
4846,16475955,"Taylor Hacker","2026-07-02 21:56:07",0.77511,1,taylorhacker
4847,16476039,"jordan sauvain","2026-07-02 22:42:46",0.77511,1,jordansauvain
4848,16477888,"Zach Bauer","2026-07-03 00:10:52",0.77511,1,zachbauer42
4849,16478032,G1251432580,"2026-07-03 01:28:25",0.77511,1,g1251432580
4850,16478107,G1251430401,"2026-07-03 01:59:41",0.77511,1,g1251430401
4851,16478485,G1251432900,"2026-07-03 02:16:40",0.77511,1,g1251432900
4852,15272822,taira42,"2026-07-03 02:54:22",0.77511,2,taira42
4853,16479656,G1251430883,"2026-07-03 03:44:04",0.77511,1,g1251430883
4854,16478375,G1251433577,"2026-07-03 04:08:25",0.77511,1,g1251433577
4855,16479787,G1251431638,"2026-07-03 04:32:00",0.77511,1,shuntakuno
4856,16479793,"KOKI NISHIMURA","2026-07-03 04:35:23",0.77511,1,hekke12122424
4857,16479823,G1251431852,"2026-07-03 04:52:26",0.77511,2,g1251431852
4858,16479826,G1251430712,"2026-07-03 04:45:52",0.77511,1,eidaaito
4859,16479833,G1251431321,"2026-07-03 04:51:34",0.77511,3,g125143121
4860,16479887,G1251432063,"2026-07-06 03:10:33",0.77511,2,g1251432063
4861,16479892,G1251430808,"2026-07-06 03:16:46",0.77511,2,g1251430808
4862,16479924,"Tanya Jayasekara","2026-07-03 05:16:10",0.77511,1,tanyajayasekara
4863,16479999,"Jose H","2026-07-03 05:35:14",0.77511,1,jooszee
4864,16480014,G1251432109,"2026-07-03 06:01:16",0.77511,2,g1251432109
4865,16480030,G1251432115,"2026-07-03 05:45:22",0.77511,1,g1251432115
4866,16480089,G1251430160,"2026-07-03 05:58:09",0.77511,1,g1251430160
4867,16480138,"Preethi Sighavi","2026-07-03 06:09:15",0.77511,1,preethisighavi
4868,16480160,Yurasaa,"2026-07-03 06:15:41",0.77511,1,yurasaa
4869,16480294,"Wenjun Gu","2026-07-03 06:48:09",0.77511,1,wenjungu0613
4870,16480300,G1251432156,"2026-07-03 06:50:00",0.77511,1,g1251432156
4871,16480325,G1251430966,"2026-07-03 06:52:33",0.77511,1,g1251430966
4872,16480341,Lgh04140317,"2026-07-03 07:20:49",0.77511,7,lgh04140317
4873,16480444,"praveen kumar G","2026-07-03 07:09:24",0.77511,1,praveen0405
4874,16480465,Daniel190,"2026-07-03 07:13:22",0.77511,1,daniel190
4875,16480408,wangdeguxiang,"2026-07-03 07:30:33",0.77511,6,wangdeguxiang
4876,16480517,"CK fred","2026-07-03 07:26:06",0.77511,1,ckfred
4877,16480539,cherrytwo,"2026-07-03 07:30:00",0.77511,1,cherrytwo
4878,16480559,杨爽爽,"2026-07-03 08:35:54",0.77511,10,yangshuangshuang
4879,16480840,G1251434486,"2026-07-03 08:17:18",0.77511,1,g1251434486
4880,16480942,Zeta33,"2026-07-03 08:43:21",0.77511,1,zeta33
4881,16480913,G1251431099,"2026-07-03 08:47:39",0.77511,1,g1251431099
4882,16481068,YuTiime,"2026-07-03 09:16:15",0.77511,1,yutiime
4883,16481208,Paizhelaiti,"2026-07-03 09:56:59",0.77511,1,paizhelaiti
4884,16481315,"[Deleted] f9468999-fc15-48e7-949a-34133db4ca21","2026-07-03 10:29:11",0.77511,1,del=95364613c713dda9
4885,16481375,"fn z","2026-07-03 10:43:02",0.77511,1,fatezerozs
4886,16481644,BrightXD2,"2026-07-03 11:59:09",0.77511,1,brightxd2
4887,16481689,"Abdullah Al Masum #3","2026-07-03 12:17:11",0.77511,2,abdullahalmasum0
4888,16481765,G1251432983,"2026-07-03 12:33:42",0.77511,1,g1251432983
4889,16481868,"Dirk Strohbeck","2026-07-03 13:00:02",0.77511,1,dirkstrohbeck
4890,16481920,yzt05,"2026-07-03 13:20:12",0.77511,1,yuzitong05
4891,16482009,"Eduardo PAlves","2026-07-03 13:34:56",0.77511,1,eduardopalves
4892,16482093,doumaoshu,"2026-07-03 13:56:47",0.77511,1,doumaoshu
4893,16481934,"Vanessa Hudan","2026-07-04 18:14:46",0.77511,6,vanessahudan
4894,16482350,"Ahmad Satriyo","2026-07-03 15:07:52",0.77511,2,ahmadsatriyo
4895,13233810,"Phyo Myat Oo","2026-07-03 15:03:34",0.77511,1,phyomyatoo
4896,16482416,koniryo,"2026-07-03 15:24:18",0.77511,1,koniryo
4897,16482665,"Fikrifalah Muslich","2026-07-03 16:35:36",0.77511,1,fikrifalahmuslich
4898,16482679,asaa,"2026-07-04 14:08:10",0.77511,2,imasaa
4899,16482692,G1251411664,"2026-07-03 16:41:55",0.77511,1,g1251411664
4900,16482870,"Nadiah Ajeng","2026-07-03 17:13:23",0.77511,1,nadiahajeng
4901,16483158,"Markos Shangoyan","2026-07-03 18:02:16",0.77511,1,markosshangoyan
4902,16483174,"Kyle #17","2026-07-03 18:10:47",0.77511,1,hatsuyukikawano
4903,16483178,JacobTerdik,"2026-07-03 18:11:20",0.77511,1,jacobterdik
4904,16483286,"vivek rawat","2026-07-05 06:23:59",0.77511,6,thezodiac007
4905,16483034,"Zacharia Schell","2026-07-03 18:54:00",0.77511,1,zachariads
4906,16483315,shevlham,"2026-07-03 19:06:35",0.77511,1,shevlham
4907,16483325,G1251434471,"2026-07-03 19:09:57",0.77511,1,g1251434471
4908,16474943,cowboboy,"2026-07-05 18:24:06",0.77511,6,cowboboy
4909,16483403,"R Thomas De Asis","2026-07-03 19:42:55",0.77511,1,rthomasdeasis
4910,16483575,"Joao Batista dos Reis","2026-07-03 21:18:26",0.77511,2,joaobatistadosreis
4911,16483610,"damla nur demir","2026-07-03 21:36:39",0.77511,1,damllaa
4912,16483820,Ariadnipn,"2026-07-04 00:24:08",0.77511,1,ariadnipn
4913,16483991,"Surya Ramírez H.","2026-07-04 01:46:55",0.77511,1,suryaramrezh
4914,16484070,G1251433703,"2026-07-04 02:24:46",0.77511,1,g1251433703
4915,16484283,"Nare Mashiachidi","2026-07-04 03:49:17",0.77511,1,naremashiachidi
4916,16484323,"DHVANIT PATEL","2026-07-04 04:10:17",0.77511,1,dhvanitpatel2026
4917,16484331,"Dhvanit patel","2026-07-04 04:13:39",0.77511,1,kanostudent
4918,16484353,"Andy Wang #4","2026-07-04 04:29:28",0.77511,1,awang180
4919,16484357,guwanchao,"2026-07-04 10:44:49",0.77511,9,guwanchao
4920,16484396,"Tim Axelrod","2026-07-04 04:50:28",0.77511,1,timaxelrod
4921,16484545,1251434309,"2026-07-04 05:49:51",0.77511,1,smkhishowslowness
4922,16484555,"Vivek Roy #2","2026-07-05 06:20:58",0.77511,6,vivekroynit
4923,16484617,"Chris Nwachukwu","2026-07-04 06:05:02",0.77511,1,programmerchriz
4924,16484702,Hiroki-Nishimaki-13,"2026-07-04 06:24:20",0.77511,1,hirokinishimaki13
4925,16480017,G1251431157,"2026-07-04 07:04:51",0.77511,1,rinkakatayama
4926,16484992,"Pim Thien-ngern","2026-07-04 07:40:56",0.77511,1,pimthienngern
4927,16485289,"Hafizh Akmalian","2026-07-06 11:47:51",0.77511,5,hfzh520
4928,16485579,LorenzoDeGiorgi,"2026-07-04 10:50:38",0.77511,2,lorenzodegiorgi03
4929,16485622,"Mirnes Fehrić","2026-07-04 11:01:35",0.77511,1,mfehric
4930,16485752,"PATTARAPOL TOSAKUN","2026-07-04 11:37:07",0.77511,1,pattarapoltosakun
4931,16485832,"mingjian tan","2026-07-04 11:58:56",0.77511,1,mingjiantan
4932,16485896,G1251410455,"2026-07-04 12:08:27",0.77511,1,g1251410455
4933,16485939,wylkeljh,"2026-07-04 13:38:23",0.77511,2,wylkeljh
4934,16486016,blackcccbbb,"2026-07-04 14:27:10",0.77511,4,blackcccbbb
4935,16486028,"Денис Маркин","2026-07-04 12:46:56",0.77511,1,denismark94
4936,16486032,"Shiwani Gupta","2026-07-04 12:47:13",0.77511,1,shiwanigupta0809
4937,16486146,"Srujana Sawant","2026-07-04 13:21:09",0.77511,1,srujanasawant
4938,16486168,"Samiksha Agarwal #2","2026-07-04 13:26:12",0.77511,1,icannotfindausername
4939,16486218,FueYoi,"2026-07-13 14:56:31",0.77511,2,fueyoi
4940,16486230,G1251414524,"2026-07-04 13:49:22",0.77511,1,g1251414524
4941,16486283,G1251410398,"2026-07-04 14:04:54",0.77511,1,g1251410398
4942,15238457,"Maaz Ali","2026-08-11 09:59:00",0.77511,4,maazali04
4943,16486397,Shameer93,"2026-07-04 14:35:42",0.77511,1,shameer93
4944,16486625,bematt,"2026-07-04 15:33:37",0.77511,1,bematt
4945,16486630,G1251433491,"2026-07-04 15:34:38",0.77511,1,g1251433491
4946,16486685,G1251430389,"2026-07-04 15:48:05",0.77511,1,g1251430389
4947,16486606,"Qinyu Shang","2026-07-04 16:40:07",0.77511,4,qinyushang
4948,16486748,hfyb520,"2026-07-04 16:08:50",0.77511,1,hfyb520
4949,16486768,"Ahsan Rifqi","2026-07-04 16:15:59",0.77511,1,ahsanrifqi
4950,16486857,"Veerakit Sriphirom","2026-07-06 14:40:01",0.77511,2,veerakitsriphirom
4951,16487021,"Arsh Praveen","2026-07-04 17:35:44",0.77511,1,arshpraveen
4952,16487051,"Vexed Hermit","2026-07-04 17:44:34",0.77511,1,vexedhermit
4953,16487128,G1251433448,"2026-07-04 18:13:24",0.77511,1,g1251433448
4954,16487171,"Sadman Islam Amlan","2026-07-04 18:26:54",0.77511,1,sadmanislamamlan
4955,16487180,wafiqhr,"2026-07-04 18:28:30",0.77511,1,wafiqhr
4956,16487183,"Saravanakumar J #2","2026-07-04 18:28:49",0.77511,1,skjothi
4957,16487234,"Maxim Mazur","2026-07-05 13:16:43",0.77511,2,maximmazur
4958,16487275,"Martín Kugler","2026-07-04 19:10:43",0.77511,1,martnkugler
4959,16487499,"Siddharth Joshi #2","2026-07-04 20:10:00",0.77511,1,parthjoshie23
4960,16487576,"Oskar Wresinski","2026-07-04 20:19:35",0.77511,1,oskarwresinski
4961,16487639,heidikawai,"2026-07-04 20:37:44",0.77511,1,heidikawai
4962,6274730,JurtCb,"2026-07-04 22:00:10",0.77511,1,jurtcb
4963,16487773,"Ivan Parev","2026-07-04 22:04:34",0.77511,1,ivanparev
4964,16487778,"Freddy Salazar","2026-07-04 22:08:40",0.77511,1,freddysalazar93
4965,16487841,"Sora #7","2026-07-04 23:03:05",0.77511,1,sora035
4966,16488001,G1251432375,"2026-07-05 01:10:29",0.77511,1,g1251432375
4967,16488083,Vladislovin,"2026-07-05 01:33:56",0.77511,1,vladislovin
4968,16488131,G1251413478,"2026-07-05 02:03:31",0.77511,1,g1251413478
4969,16488263,"Nina Torres","2026-07-05 03:11:32",0.77511,1,ninatorres21
4970,16488349,G1251430461,"2026-07-05 03:54:31",0.77511,1,g1251430461
4971,16488457,Gio24David,"2026-07-05 04:40:56",0.77511,1,gio24david
4972,16488527,nishikawara,"2026-07-05 05:16:07",0.77511,1,nishikawara
4973,16488604,1251433549,"2026-07-05 05:46:42",0.77511,1,a1251433549
4974,16488616,"Nishara Jayakody","2026-07-05 05:50:31",0.77511,1,nisharajayakody
4975,16488690,SumitVerma0321,"2026-08-04 00:56:34",0.77511,2,sumitverma0321
4976,16488794,"Lvzhi Yan","2026-07-05 06:45:28",0.77511,1,lvzhiyan
4977,10599135,"HYUNJUNG YI","2026-07-15 03:10:10",0.77511,6,hyunjungyi
4978,16488803,"Aditya Sambhaji Lakhe","2026-07-05 06:47:51",0.77511,1,adityasambhajilakhe
4979,16488214,"Mazen Ibra","2026-07-05 06:48:09",0.77511,4,mazenibra
4980,16488834,"Anish Poladi","2026-07-05 07:00:40",0.77511,1,anishpoladi
4981,16478203,dhugjc,"2026-07-05 07:30:51",0.77511,2,dhugjc
4982,16489014,G1251432819,"2026-07-05 07:45:49",0.77511,1,g1251432819
4983,16489051,"Vedika Amol Deshpande","2026-07-05 07:57:03",0.77511,1,vedikaamoldeshpande
4984,16489059,feiyuli,"2026-07-05 08:27:13",0.77511,2,kdisiw
4985,16489091,"""1251430448""","2026-07-05 08:08:52",0.77511,1,inainainaina
4986,16489196,G1251431275,"2026-07-05 08:43:36",0.77511,2,g1251431275
4987,16489318,xyzwin,"2026-07-05 09:19:13",0.77511,1,xyzwin
4988,16489530,"Harshit Kamriya","2026-07-05 10:13:24",0.77511,1,harshitkamriya
4989,16489644,"Murat Kulaksizoglu","2026-07-05 10:48:54",0.77511,1,muratkulaksizoglu
4990,16489652,G1251410214,"2026-07-05 10:51:10",0.77511,1,g1251410214
4991,16489689,"Elis Nemtsov","2026-07-05 11:00:37",0.77511,1,elisnemtsov
4992,16489754,"Mert BELGE","2026-07-05 11:19:07",0.77511,1,mertbelgex
4993,16489771,ZhaoSX,"2026-07-05 11:23:29",0.77511,1,zsx0802
4994,16489888,"krish patel","2026-07-05 11:55:28",0.77511,1,krishpate
4995,16489969,"Mayank Sharma00123","2026-07-05 12:19:30",0.77511,1,mayanksharma00123
4996,16490130,G1251431487,"2026-07-05 12:56:16",0.77511,1,g1251431487
4997,16490153,Prahe,"2026-07-05 13:02:05",0.77511,1,verprechen
4998,16490199,G1251430598,"2026-07-05 13:13:26",0.77511,1,g1251430598
4999,16490217,"Satish Khandre","2026-07-05 13:16:30",0.77511,1,satishkhandre
5000,16490425,"vivek sharma #3","2026-07-05 14:13:17",0.77511,1,vivekss13
5001,16490088,OneAutumnLeaf4700,"2026-07-08 12:47:47",0.77511,8,oneautumnleaf4700
5002,16490536,vertexium,"2026-07-05 14:40:45",0.77511,1,vertexium
5003,16490552,G1251432045,"2026-07-05 14:43:47",0.77511,1,g1251432045
5004,16490561,G1251434452,"2026-07-05 14:45:39",0.77511,1,g1251434452
5005,16490586,"Sakina Saif","2026-07-05 15:03:25",0.77511,6,sakinasaifit
5006,16490616,G1251432336,"2026-07-05 15:18:06",0.77511,2,rando1106
5007,16489807,"Dwi Eflatino","2026-07-05 17:01:55",0.77511,9,eflatino
5008,16490369,G1251432848,"2026-07-05 15:21:06",0.77511,2,g1251432848
5009,16490746,Zekt,"2026-07-05 16:58:35",0.77511,2,hetsaptets
5010,16490762,G1251434390,"2026-07-05 15:28:05",0.77511,1,g1251434390
5011,16490789,G1251431520,"2026-07-05 15:34:20",0.77511,1,g1251431520
5012,16490844,GFYSF,"2026-07-05 15:48:07",0.77511,1,gfyrsf
5013,16490845,longthen,"2026-07-05 15:48:35",0.77511,1,longthen
5014,16490854,"Ludo toq","2026-07-05 15:51:36",0.77511,1,ludotoq
5015,16490891,"anggie qurani","2026-07-05 16:03:40",0.77511,1,anggiequrani
5016,16490896,G1251432041,"2026-07-05 16:04:54",0.77511,1,g1251432041
5017,16490994,"Nathan Depew","2026-07-05 16:27:30",0.77511,1,nathandepew
5018,16491535,"Mathieu Corcodel","2026-07-05 19:17:39",0.77511,2,mathieucorcodel
5019,16491549,"Aditya Raj #22","2026-07-05 19:28:39",0.77511,2,nonaditya
5020,9921160,PiCo,"2026-07-05 19:45:32",0.77511,1,pico265422
5021,16491651,Sigmus,"2026-07-05 20:05:45",0.77511,1,sigmus
5022,16491698,"Sourav Kumar #4","2026-07-05 20:42:04",0.77511,1,souravkuma8084
5023,16491919,"Anuj Shahane","2026-07-05 22:48:07",0.77511,1,anujshahane
5024,16492052,"Maryam Mufti","2026-07-06 00:33:30",0.77511,1,maryammufti
5025,16492194,G1251432690,"2026-07-06 01:25:19",0.77511,1,g1251432690
5026,16492348,G1251434434,"2026-07-06 02:19:54",0.77511,1,g1251434434
5027,16492422,Trez00zz,"2026-07-06 02:33:09",0.77511,1,trez00zz
5028,16492518,1251434104,"2026-07-06 03:03:03",0.77511,1,shoma1121
5029,16492582,sk_nyan2,"2026-07-11 14:48:54",0.77511,4,sknyan2
5030,13149710,"Hiroshi Shintani #2","2026-07-06 03:36:15",0.77511,1,hiroshicoffee
5031,16492605,G1251412906,"2026-07-06 03:43:07",0.77511,2,g1251412906
5032,16492702,G1251431837,"2026-07-06 04:11:44",0.77511,1,g1251431837
5033,16492705,G1251410593,"2026-07-06 04:12:34",0.77511,1,g1251410593
5034,16492718,G1251413584,"2026-07-06 04:16:59",0.77511,1,g1251413584
5035,16492724,yii_huan9752,"2026-07-06 04:20:46",0.77511,1,yiihuan9752
5036,16492773,G1251430668,"2026-07-06 04:36:09",0.77511,1,g1251430668
5037,16492850,"Sai Prasad. B","2026-07-06 04:57:18",0.77511,1,saiprasadbhegde
5038,16492870,"Keri Aragbaye-Ajayi","2026-07-06 05:04:40",0.77511,1,gbemara
5039,16492907,SHOTANAKAGAWA,"2026-07-06 05:22:11",0.77511,1,shota79
5040,16492911,G1251411858,"2026-07-06 05:23:07",0.77511,1,g1251411858
5041,16492926,G1251411353,"2026-07-06 05:27:01",0.77511,1,g1251411353
5042,16492977,G1251411435,"2026-07-06 05:42:07",0.77511,1,g1251411435
5043,16493031,"Yuan yuan2359","2026-07-06 05:57:02",0.77511,1,yuanyuan2359
5044,16493037,G1251413831,"2026-07-06 05:59:44",0.77511,1,g1251413831
5045,16493043,1251433633,"2026-07-06 06:02:52",0.77511,1,ahuhuhuhu
5046,16493046,1251432728,"2026-07-06 06:11:47",0.77511,1,mizu2007
5047,16493071,G1251410845,"2026-07-06 06:11:58",0.77511,1,g1251410845
5048,16493191,1251414277,"2026-07-06 06:40:52",0.77511,1,hiromu02211
5049,16493206,G1251414617,"2026-07-06 06:43:30",0.77511,1,g1251414617
5050,16493261,nilv111,"2026-07-06 07:13:48",0.77511,3,nilv111
5051,16493384,1251412494,"2026-07-06 07:12:15",0.77511,1,takaokaryo
5052,16493385,1251413876,"2026-07-06 07:12:22",0.77511,1,frtnok
5053,16493531,G1251411998,"2026-07-06 07:40:08",0.77511,1,g1251411998
5054,16493642,G1261432895,"2026-07-06 08:04:26",0.77511,1,g1261432895
5055,16493707,long4017,"2026-07-06 08:21:40",0.77511,2,long4017
5056,16493726,"Andrew Trospy","2026-07-06 08:22:03",0.77511,1,andrewtrospy
5057,7234344,"Rizwan Amir Fahim","2026-07-06 08:24:54",0.77511,1,rizwanalways
5058,16493542,"choi hyun123124","2026-07-06 09:11:48",0.77511,8,choihyun123124
5059,16493955,sheng678,"2026-07-07 14:57:41",0.77511,4,sheng678
5060,16494006,"Bharati C","2026-07-06 09:17:39",0.77511,1,bharatic
5061,16494025,araies,"2026-07-06 09:19:46",0.77511,1,araies
5062,16494154,こうが1251431120,"2026-07-06 09:41:58",0.77511,1,kouga1251431120
5063,16494344,1251432524,"2026-07-06 11:09:43",0.77511,5,takasushunsuke
5064,16494448,G1251430139,"2026-07-06 10:47:02",0.77511,1,g1251430139
5065,16494524,"Pranamya R","2026-07-06 11:00:22",0.77511,1,pranamyar555
5066,16463569,G1251430452,"2026-07-06 11:30:43",0.77511,1,g1251430452
5067,16494703,"Aryan Maskay","2026-07-06 11:40:12",0.77511,1,aryanmaskay
5068,16494783,G1251432043,"2026-07-06 11:59:07",0.77511,1,hrtssk
5069,16494803,zalewer,"2026-07-06 12:04:19",0.77511,1,zalewer
5070,16494822,G1251411264,"2026-07-06 12:09:59",0.77511,1,g1251411264
5071,16494915,G1251434833,"2026-07-06 12:30:11",0.77511,2,washizutomoya
5072,16494967,G1251413322,"2026-07-06 12:42:24",0.77511,1,g1251413322
5073,15616899,kanaitus,"2026-07-06 12:57:02",0.77511,2,kanaitus
5074,16495149,"Kondo Rio","2026-07-06 13:23:36",0.77511,1,kondorio
5075,16495161,"Luiz Miguel","2026-07-06 13:26:33",0.77511,1,luizzmiguel
5076,16495257,G1251430796,"2026-07-06 13:44:11",0.77511,1,d41huku
5077,16495261,Hastro,"2026-07-06 13:44:58",0.77511,1,hastrogaming
5078,16495304,1251431833,"2026-07-06 13:55:04",0.77511,1,kaggleyyyyui
5079,16495328,G1251410507,"2026-07-06 14:00:52",0.77511,1,g1251410507
5080,16495174,G1251430646,"2026-07-06 14:20:27",0.77511,5,g1251430646
5081,16495401,G1251430165,"2026-07-06 14:16:21",0.77511,1,g1251430165
5082,16495420,"Abdullah Al-Quaid","2026-07-06 14:21:12",0.77511,1,abdullahalquaid
5083,16495474,G1251431266,"2026-07-06 14:29:04",0.77511,1,g1251431266
5084,16495523,G1251432077,"2026-07-06 14:38:50",0.77511,1,g1251432077
5085,16495546,G1251433711,"2026-07-06 14:43:07",0.77511,1,g1251433711
5086,16495557,"[Deleted] 76983e06-8601-4630-9d6a-930a35282626","2026-07-06 14:46:02",0.77511,1,del=83fcf463e39be184
5087,16495575,G1251411835,"2026-07-06 14:49:31",0.77511,1,g1251411835
5088,16495586,G1251430370,"2026-07-06 14:50:39",0.77511,1,itoairi
5089,16495601,G1251434055,"2026-07-06 14:53:55",0.77511,1,arthurmccaughan
5090,16495615,G1251430770,"2026-07-06 14:56:03",0.77511,1,g1251430770
5091,16495625,Phonpatcharanan,"2026-07-07 05:48:30",0.77511,3,phonpatcharanan
5092,16495655,G1251411669,"2026-07-06 15:03:34",0.77511,1,g1251411669
5093,16495742,1251431223,"2026-07-06 15:18:13",0.77511,1,yuik0707
5094,16495780,Gianzap,"2026-07-06 15:25:11",0.77511,1,gianzap
5095,16495921,jaydennn1o,"2026-07-06 15:47:00",0.77511,1,jaydennn1o
5096,14013346,"Elmoutaouakil Alaraby","2026-07-17 22:25:44",0.77511,4,elmoutaouakilalaraby
5097,16496079,Icarusyh,"2026-07-07 11:32:18",0.77511,5,icarusyh
5098,16496092,G1251433825,"2026-07-06 16:24:12",0.77511,1,g1251433825
5099,16301857,"Hariprasad L K","2026-07-07 07:12:49",0.77511,4,hariprasadlk
5100,16496491,"Edoardo Maxia","2026-07-06 17:58:51",0.77511,2,engeddy
5101,16496517,"Josh Vu0000","2026-07-06 17:57:15",0.77511,1,joshvu0000
5102,15563878,Sachin_C8,"2026-07-06 18:25:58",0.77511,10,sachinc8
5103,16492006,"Prashant Narendra","2026-07-06 20:42:17",0.77511,1,prashantnsolanki
5104,16497097,Khalid228,"2026-07-06 21:05:37",0.77511,1,khalid228
5105,16497150,"Cody Robinson","2026-07-06 23:28:59",0.77511,2,crobinson19
5106,16497352,FernandoAGonzalezB,"2026-07-06 22:45:42",0.77511,1,fernandoagonzalezb
5107,16497375,KazunariHonda,"2026-07-08 23:26:46",0.77511,2,kazunari0104
5108,16497378,"Dimitry Vartan","2026-07-06 23:05:28",0.77511,1,dimitryvartan
5109,16497495,"Shasank Bonthu","2026-07-07 00:41:12",0.77511,2,shasankbonthu
5110,6205949,cbarb15,"2026-07-26 01:00:59",0.77511,19,cbarb15
5111,16497632,Popsicle_Ice,"2026-07-07 01:31:29",0.77511,1,popsicleice
5112,16497643,土屋環奈,"2026-07-07 01:37:21",0.77511,1,g1251412855
5113,16493294,CliffordW06,"2026-07-07 02:05:23",0.77511,5,cliffordw06
5114,16497760,JesusDamianQ,"2026-07-07 02:24:12",0.77511,1,jesusdamianq
5115,16497822,lilikru,"2026-07-07 02:43:30",0.77511,1,lilikru
5116,16497979,Fac_Dew,"2026-07-07 03:44:06",0.77511,1,facdew
5117,16498284,anomymous,"2026-07-07 05:02:11",0.77511,1,hvhchvbuhu
5118,16498139,"roham shahedi","2026-07-07 05:39:37",0.77511,9,rohamshahedi
5119,16498814,"Alisson Silva","2026-07-08 17:51:17",0.77511,5,alissonsiv
5120,16499211,chocolate4,"2026-07-07 07:18:49",0.77511,1,chocolate4
5121,16499317,"Arunkumar K","2026-07-07 07:24:51",0.77511,1,rk7arunkumar
5122,16499322,Radhay,"2026-07-07 07:25:05",0.77511,1,radhay01
5123,16499449,ChenIJui030,"2026-07-07 07:33:57",0.77511,1,chenijui030
5124,16499659,mugdho,"2026-07-07 08:10:31",0.77511,1,miscspace
5125,16499777,CXLiang,"2026-07-07 08:30:46",0.77511,1,cxliang
5126,16499784,nesicn,"2026-07-07 08:32:28",0.77511,2,nesicn
5127,16499863,"Kola Clapp","2026-07-07 08:53:19",0.77511,1,kolaclapp
5128,16499947,"Vita Bad","2026-07-07 09:53:10",0.77511,2,vitabad
5129,16499972,tosshi,"2026-07-07 09:32:06",0.77511,4,tosshiiii
5130,16500108,"Timmy #5","2026-07-07 09:56:15",0.77511,1,huang623
5131,16298564,"pravallika baddam","2026-07-07 10:08:39",0.77511,3,pravallikabaddam
5132,16500404,"Aditi Aishwarya","2026-07-07 11:27:44",0.77511,1,aditiiii28
5133,16500657,Sayad_Yaqoob_9,"2026-07-07 12:34:00",0.77511,1,sayadyaqoob9
5134,16500717,学籍番号(1251432813),"2026-07-07 12:48:23",0.77511,1,aaaaoi
5135,16500779,"Taiga Tsuzu","2026-07-07 13:17:00",0.77511,2,taigatsuzu
5136,16500796,"Simone Cominelli","2026-07-07 13:22:43",0.77511,2,simonecominelli
5137,13400655,"Rishabh Bafna","2026-07-07 13:41:04",0.77511,4,rishabhbafnaiiitd
5138,16500918,"B .P. S kruthi","2026-07-07 13:46:58",0.77511,3,bpskruthi
5139,16500983,AAyzharyk,"2026-07-07 13:59:28",0.77511,1,aayzharyk
5140,16501014,"taechit duangsuwan","2026-07-07 14:08:13",0.77511,1,taechitduangsuwan
5141,16501022,bigsebear,"2026-07-07 14:09:23",0.77511,1,bigsebear
5142,16501263,"Cristiano Ferracin","2026-07-07 15:19:13",0.77511,2,cristianoferracin
5143,16501302,"Ben Hollands","2026-07-07 19:44:50",0.77511,3,benhollands
5144,16501416,"Venu More","2026-07-14 18:06:02",0.77511,3,venumore
5145,16501502,"Evan Spector","2026-07-07 16:13:35",0.77511,1,supremestudier
5146,16501503,"Sowmya Agastya","2026-07-07 16:13:42",0.77511,1,sowmyaagastya
5147,16501519,"Bishmendra Kumar Sah","2026-07-19 06:04:50",0.77511,24,bishmendrakumarsah
5148,16501129,"Cuma Parcalar","2026-07-07 17:02:42",0.77511,4,cumaparcalar
5149,15359446,"Cristina Ross","2026-07-07 17:25:23",0.77511,1,cristinaross
5150,16501748,"Sahil Singh #2","2026-07-07 18:01:19",0.77511,5,sahilxzq
5151,16501899,"Wade Crews","2026-07-07 19:16:17",0.77511,2,wadecrews
5152,12025312,"Yahia FERARSA","2026-07-08 20:46:36",0.77511,2,yahiaferarsa
5153,16504338,"Amir Nakhostin ","2026-07-07 21:16:55",0.77511,4,amirnakhostin
5154,16504435,"Emilio Licea Barroso","2026-07-07 21:36:36",0.77511,1,emilioliceabarroso
5155,16504471,LanieRoyal,"2026-07-07 22:05:49",0.77511,1,lanieroyal
5156,16504729,"Omar Alvarez","2026-07-07 23:25:57",0.77511,1,omaralvarez54
5157,16197330,"Tomohiro Nishitani","2026-07-08 00:21:25",0.77511,1,tomohironishitani
5158,16504941,"Kaho Okamoto","2026-07-08 00:21:28",0.77511,1,kahookamoto
5159,16504942,"Akira Itoh","2026-07-08 00:21:33",0.77511,1,akiraitoh
5160,16504943,"Koki Tsuyuguchi","2026-07-08 00:21:37",0.77511,1,kt4351
5161,16504433,Porya.hm,"2026-07-08 01:04:40",0.77511,13,poryahm
5162,16504976,"Mami Joka","2026-07-08 00:33:51",0.77511,1,mamijoka
5163,16505051,G1251434182,"2026-07-08 00:52:02",0.77511,1,g1251434182
5164,16505111,"Marc-Antoine Wenzel","2026-07-08 01:09:04",0.77511,1,marcantoinewenzel
5165,16505239,Anin,"2026-07-08 01:52:46",0.77511,1,anindyou
5166,15594607,"Djeufack Kafack","2026-07-08 02:43:42",0.77511,5,djeufackkafack
5167,16505577,"chow wei hao","2026-07-08 03:13:49",0.77511,1,chowweihao
5168,16505615,xxxkk-xxkk,"2026-07-08 03:27:24",0.77511,2,xxxkkxxkk
5169,16505743,"Tvisha Regunta","2026-07-08 03:38:37",0.77511,1,tvisharegunta
5170,16505842,"Kashvi Garg","2026-07-08 04:45:05",0.77511,4,kashvig123
5171,16506074,Seonhyen_Kim,"2026-07-08 04:47:09",0.77511,1,seonhyenkim
5172,16506302,ekklesiakey,"2026-07-08 05:43:42",0.77511,1,ekklesiakey
5173,16506539,"Twila Ling","2026-07-08 06:50:29",0.77511,3,twilaling
5174,16506597,"pangshurui pang","2026-07-08 06:47:18",0.77511,1,pangshuruipang
5175,14729603,"Oliver Morgan","2026-07-08 06:59:54",0.77511,1,oabmorgan
5176,16481526,Danissimo,"2026-07-08 08:13:22",0.77511,4,danissimo3441
5177,16507125,"Cleotha Izabel Dau","2026-07-08 08:44:38",0.77511,1,cleothaizabeldau
5178,16507212,Léon,"2026-07-08 08:59:34",0.77511,1,leonnnnnn1234
5179,16507225,suchitra_art,"2026-07-08 09:01:49",0.77511,1,suchitraart
5180,16507277,"Israel Sanchez Fuster","2026-07-08 09:07:14",0.77511,1,israelsanchezfuster
5181,16507444,"Reethika Tata","2026-07-08 09:41:37",0.77511,1,reethikatata
5182,16507479,"lincoln rwodzi","2026-07-08 09:50:51",0.77511,1,lincolnrwodzi
5183,16507646,"Abuzar Yaseen","2026-07-08 10:48:41",0.77511,3,abuzaryaseen
5184,16507657,"Aditya Bhardwaj #3","2026-07-08 10:37:31",0.77511,1,adityabhardwajsage
5185,16507970,"Burhan Ahmad Khan (bak)","2026-07-08 12:01:32",0.77511,1,burhanahmadkhanbak
5186,16508144,"Aditya Mahesh","2026-07-08 12:51:29",0.77511,1,adityamah
5187,16508161,"Darwisy Ahmad","2026-07-08 13:14:05",0.77511,1,darwisyahmad
5188,16508434,"Mustofa Habibullah","2026-07-08 14:04:00",0.77511,1,mustofahabibullah
5189,16508485,"Felix P #2","2026-07-08 14:12:28",0.77511,1,felixp21
5190,16508558,"Ishan Sajeev","2026-07-08 14:29:51",0.77511,1,ishansajeev
5191,15684993,ZMjjkknb666,"2026-07-08 14:32:14",0.77511,1,zmjjkknb666
5192,16508586,TakahitoSuzuki1211,"2026-07-08 14:49:07",0.77511,2,takahitosuzuki1211
5193,16508593,"Artur Domitti","2026-07-08 14:38:33",0.77511,1,arturdomitti
5194,16508658,"Fathima Shaffana","2026-07-08 14:54:23",0.77511,1,fathimashaffana
5195,16508697,"Himanshu Negi #2","2026-07-10 09:30:07",0.77511,3,himanshu0332
5196,16508760,"Abubakar siddiq Alhassan","2026-07-08 15:17:23",0.77511,1,alhassanabu
5197,16508784,hacja789,"2026-07-08 15:22:11",0.77511,1,hacja789
5198,16508842,"April Hilchie","2026-07-08 15:39:25",0.77511,1,aprilhilchie25
5199,16508961,"Akshat Kardam","2026-07-08 16:06:55",0.77511,1,akshatkardam
5200,16509024,"Takashi Torii","2026-07-08 16:26:44",0.77511,1,takashitorii
5201,16509210,"Muhammed Ali Sürücü","2026-07-08 17:22:42",0.77511,1,muhammedalisrc
5202,7204785,RomanKov,"2026-07-08 17:23:03",0.77511,1,romankov
5203,16509246,"Tin Torres","2026-07-08 17:34:02",0.77511,1,tintorres
5204,16509253,"César Elías","2026-07-08 17:35:08",0.77511,1,csarelas
5205,16509289,"Kelsey Sweeney","2026-07-08 17:43:25",0.77511,1,kelseysweeney
5206,16509373,"Shawn Tang","2026-07-08 18:14:10",0.77511,1,skylyncs
5207,16509506,Esaylor,"2026-07-08 18:59:45",0.77511,1,esaylor
5208,16509657,"Eduard Kats","2026-07-08 20:06:35",0.77511,1,eduardkats
5209,16509897,rexthk,"2026-07-08 21:54:22",0.77511,1,rexthk
5210,16510052,G1251412912,"2026-07-08 23:31:24",0.77511,1,g125141292
5211,16505155,"coro coro","2026-07-09 00:34:28",0.77511,6,corocorooki
5212,16510113,"Marcus Rodrigues","2026-07-09 00:09:03",0.77511,1,demaroar
5213,16501643,"Bourama Dramé","2026-07-09 00:53:46",0.77511,4,bouramadram
5214,3189378,errorzhu,"2026-07-09 01:16:43",0.77511,1,errorzhu
5215,16510370,"Will Rye","2026-07-09 02:11:33",0.77511,1,willrye
5216,16510490,haoqingxu71,"2026-07-09 02:55:09",0.77511,1,haoqingxu71
5217,16510571,"Jussi #2","2026-07-09 03:16:25",0.77511,1,jussior
5218,16510620,"YESUGEN ENKHBAATAR","2026-07-09 03:40:43",0.77511,1,yesugenenkhbaatar
5219,16510806,Aman_131104,"2026-07-09 05:08:07",0.77511,2,aman131104
5220,16510930,Nithelaa,"2026-07-09 05:12:32",0.77511,1,nithelaa
5221,16510938,jasmi_2005,"2026-07-09 05:15:03",0.77511,1,jasmi2005
5222,16510950,_Krishna_Koushik_279,"2026-07-09 05:29:04",0.77511,2,krishnakoushik279
5223,16510951,"Sreekar Bharadwaz","2026-07-09 05:20:18",0.77511,1,sreekarbharadwaz
5224,16510970,Giridharanre,"2026-07-09 05:23:48",0.77511,1,giridharanre
5225,16510982,田村凪砂,"2026-07-09 05:26:58",0.77511,1,tamuranagisa
5226,16510990,"Hema B","2026-07-09 05:28:23",0.77511,1,hemab23mia1101
5227,16511018,"Gouri NandaG","2026-07-09 05:36:21",0.77511,1,gourinandag
5228,16511075,"Nandha 23MIA1152","2026-07-09 05:53:22",0.77511,1,nandha23mia1152
5229,16511076,"Nihal K 23MIA1117","2026-07-09 05:53:31",0.77511,1,nihalk23mia1117
5230,16511079,"Adwaith Muralidharan","2026-07-09 05:53:46",0.77511,1,adwaithmuralidharan
5231,16511086,"Tuấn Dũng Nguyễn","2026-07-09 05:58:11",0.77511,1,dodungthongminh
5232,16511091,斗破akko,"2026-07-09 08:08:34",0.77511,3,wa1tforwa1t
5233,16511128,"Yutong Wei","2026-07-09 06:10:43",0.77511,1,yutongwei11
5234,4459855,沧海,"2026-07-09 06:43:36",0.77511,1,huangjsmass
5235,16511265,"Sophie Ren","2026-07-09 06:53:02",0.77511,1,somren
5236,16511365,"Shillah Mboya","2026-07-09 07:20:41",0.77511,1,hallish
5237,16511369,"Yujie Luo99996666","2026-07-09 07:21:05",0.77511,1,yujieluo99996666
5238,16511425,"Fausto Varela","2026-07-09 07:31:35",0.77511,1,faustovarela
5239,16511461,"Bruce L1","2026-07-09 07:39:52",0.77511,1,brucel1
5240,16511504,"Boheng Howard","2026-07-11 13:28:35",0.77511,3,bohenghoward
5241,16511543,"Elsie Kruger","2026-07-09 08:02:51",0.77511,2,elsiekruger
5242,16511705,"Gadara Amalia","2026-07-09 08:33:04",0.77511,1,gadaraamalia
5243,16511782,"abc matna","2026-07-09 08:51:09",0.77511,1,abcmatna
5244,16512146,"Дмитрий Кадарметов","2026-07-09 10:12:22",0.77511,1,horizonspark
5245,16507418,"Mikhail Gudyrin","2026-07-09 10:36:47",0.77511,3,mikhailgudyrin
5246,16512348,XuRuxuan,"2026-07-09 11:09:25",0.77511,1,xuruxuan
5247,16512365,AlHajri_Data,"2026-07-09 11:15:54",0.77511,1,alhajridata
5248,16512492,"Yosuke Nakajima","2026-07-09 11:52:35",0.77511,1,pilotyosuke
5249,15984117,banalneumann,"2026-07-09 12:37:04",0.77511,1,banalneumann
5250,16512608,"Wilson M Kitheka","2026-07-09 12:45:51",0.77511,2,willykitheka
5251,16512882,"Evanescence P. Naad","2026-07-09 13:39:58",0.77511,1,flaaffyliciouz
5252,16512902,Benefisch,"2026-07-09 13:43:59",0.77511,1,benefisch
5253,16512925,kaiii273,"2026-07-09 13:54:34",0.77511,1,kaiii273
5254,16512971,kazuya_o,"2026-07-09 14:09:02",0.77511,1,kazuyao
5255,16512982,"B Book 12223  ","2026-07-10 17:04:04",0.77511,4,bbook12223
5256,16513054,"Anvita Uppuluri","2026-07-09 14:38:57",0.77511,1,anvitauppuluri
5257,16513151,_yii4e3,"2026-07-09 15:08:56",0.77511,1,yii4e3
5258,16513325,"Hyde Neige","2026-07-09 15:57:24",0.77511,1,hydeneige
5259,16513464,rajavr,"2026-07-12 16:00:30",0.77511,2,rajavr
5260,16513673,"Manuel H S Mota","2026-07-12 17:54:13",0.77511,15,manuelhsmota
5261,16513914,hittyed,"2026-07-09 18:58:07",0.77511,1,huttyed
5262,16514046,Kaotar,"2026-07-09 19:38:09",0.77511,2,kaotar4
5263,16514182,"Athena Sees","2026-07-09 20:44:27",0.77511,1,athenasees
5264,16513919,"Ruwaida Shakeel","2026-07-09 20:52:40",0.77511,2,ruwaidashakeel
5265,16514277,"Toby Chan","2026-07-09 21:37:31",0.77511,1,tchan42
5266,16514297,"shota kanemitsu","2026-08-02 07:37:10",0.77511,5,shotakanemitsu
5267,16514429,"Ryan Kumala","2026-07-09 23:33:32",0.77511,1,rykumala
5268,16514494,"Annika Liu","2026-07-10 00:16:43",0.77511,1,annikaliu
5269,16514560,"Sam J Price","2026-07-10 00:31:30",0.77511,1,samjprice
5270,16514690,Joseph_the_Unbel,"2026-07-10 01:40:50",0.77511,1,josephtheunbel
5271,16514775,"Fawad Nawaz","2026-07-10 02:16:39",0.77511,1,fawadonline
5272,16514856,"Tiggly Wiggly","2026-07-10 02:50:30",0.77511,1,tigglywiggly
5273,16514953,"Krish Patel #4","2026-07-10 03:32:45",0.77511,1,kp1369
5274,16514965,drizzlenn,"2026-07-10 03:38:58",0.77511,1,drizzlenn
5275,16515233,"Felipe André Dias de Souza","2026-07-10 05:29:19",0.77511,1,felipeandrds
5276,16515637,"Yong Jiang","2026-07-10 07:31:21",0.77511,1,mustonejy
5277,16515690,lisalilygao,"2026-07-10 07:46:07",0.77511,1,lisalilygao
5278,16515697,"Adriaan van Wyk","2026-07-10 07:47:19",0.77511,1,adriaanvanwyk0412
5279,16515877,"Karan Makwana","2026-07-10 08:30:43",0.77511,1,karanmakwana1
5280,16516028,"Шупляков Самир","2026-07-10 09:22:29",0.77511,1,straponya
5281,16516144,JLChan,"2026-07-10 09:47:51",0.77511,1,witchingwitcher
5282,16516155,Mahika,"2026-07-10 09:50:24",0.77511,1,mayushi404
5283,16516282,"Zixuan Chen456","2026-07-10 10:39:03",0.77511,1,zixuanchen645
5284,16516565,"Muhammad Rizal Kafidalloh","2026-07-10 12:54:11",0.77511,2,muhammadrizalk
5285,16516593,FanRuijie,"2026-07-10 12:30:14",0.77511,1,ruijiefancn04
5286,16516605,Bisouu,"2026-07-10 12:34:11",0.77511,1,bisouu
5287,16516714,yosefbassey,"2026-07-10 13:04:43",0.77511,1,yosefbassey
5288,16516779,MH_2026,"2026-07-10 13:29:12",0.77511,1,mh2026
5289,16516913,"Julian Vito","2026-07-10 14:09:19",0.77511,1,julianvito
5290,16516946,"Nicolas Kohout","2026-07-10 14:18:45",0.77511,1,nicolaskohout
5291,16516969,"Vansh Deol","2026-07-10 14:23:12",0.77511,1,vanshdeol
5292,16516983,"Aparajita Dash","2026-07-10 14:26:30",0.77511,1,aparajitadash
5293,15254671,"Даниил Заславский","2026-07-10 15:12:41",0.77511,8,idacei
5294,16517127,"fu yu 007","2026-07-10 15:13:01",0.77511,1,fuyu007
5295,16517424,"Calandra Fenty","2026-07-10 16:45:23",0.77511,1,calandrafenty
5296,16517600,FedericoCada,"2026-07-10 17:47:57",0.77511,1,federicocada
5297,16517679,"D052_Shagun Chaudhari","2026-07-10 18:35:19",0.77511,4,d052shagunchaudhari
5298,16517763,Munsikk,"2026-07-10 19:04:51",0.77511,1,munsikk
5299,16517807,"Suhel Dev","2026-07-10 19:19:55",0.77511,1,suheldev
5300,16517818,"Uchenna Charles","2026-07-13 15:33:11",0.77511,6,charlywhizzy
5301,16517823,"Nazmus Shakib (Nahiyan)","2026-07-10 19:27:27",0.77511,1,nazmusshakibnahiyan
5302,16518101,"Sudhir Pise","2026-07-10 23:33:14",0.77511,6,sudhirpise
5303,16518110,BaseDCaTx,"2026-07-10 22:32:37",0.77511,3,basedcatx
5304,16530216,"Adhitya Rajendra Kumar","2026-07-10 23:12:30",0.77511,2,adhityarajendrakumar
5305,16530292,"Alba 2020","2026-07-11 00:04:54",0.77511,1,alba2020
5306,16530336,ksofie,"2026-07-11 00:32:22",0.77511,1,ksofie
5307,16530405,SmithSuthar,"2026-07-11 01:25:46",0.77511,2,smithsuthar
5308,16530490,B3njiL,"2026-07-11 02:02:37",0.77511,1,b3njil
5309,16530618,"Krisha Gupta","2026-07-11 03:25:28",0.77511,1,krishagupta1
5310,16530629,Weltgeist,"2026-07-11 03:29:46",0.77511,1,weltgeist
5311,16530796,"Mate sharvadze","2026-07-11 04:41:37",0.77511,1,matesharvadze
5312,16530886,"Booker Perry","2026-07-25 05:36:12",0.77511,5,bookerperry
5313,16530824,"Pankaj Bhagat 17","2026-07-11 05:32:53",0.77511,4,pankajbhagat17
5314,16530940,"Akarsh Khare1","2026-07-11 05:48:18",0.77511,4,akarshkhare1
5315,16530981,"31 - Bhumi Mutha","2026-07-11 05:54:08",0.77511,4,bhumimutha
5316,16531065,"Koen #3","2026-07-11 06:30:55",0.77511,1,yejunjeon
5317,16507647,"59 - Akash Gajare","2026-07-11 07:01:50",0.77511,5,akashhgajare
5318,16531151,"Abhra Jaiswal","2026-07-11 07:01:43",0.77511,1,abhrajaiswal
5319,16531366,"Shuhei Tamate","2026-07-11 08:24:15",0.77511,1,tamatesh
5320,16531504,agentyr,"2026-07-11 09:13:49",0.77511,1,agentyr
5321,16531707,"David Birch","2026-07-11 10:10:36",0.77511,1,birchdavid
5322,16531841,Karan20052007,"2026-07-11 10:54:47",0.77511,1,karan20052007
5323,16531990,"Gautam Karat","2026-07-11 11:29:58",0.77511,1,gautamkarat
5324,16532054,"Richa Mathur","2026-07-11 11:48:42",0.77511,1,serichamathur09
5325,16531663,RohitChips,"2026-07-12 09:35:57",0.77511,13,rohitchips
5326,16531881,"liza jaswal","2026-07-11 12:31:26",0.77511,1,lizajaswal
5327,16532351,"Sandhya S Menon","2026-07-11 13:26:04",0.77511,1,menonsandhyas
5328,16532417,"Валерий Греков","2026-07-12 13:28:07",0.77511,4,valeriygrekov
5329,16532454,"Mike Semenov","2026-07-11 14:17:02",0.77511,3,mikesemenov
5330,16532532,LaiWeiKai,"2026-07-16 06:48:05",0.77511,2,laiweikai
5331,16532553,"Shaurya Singh #3","2026-07-11 14:34:38",0.77511,1,shauryasingh32sh1a
5332,16532558,"Nurtore Kambar","2026-07-11 14:36:46",0.77511,1,nurtorekambar
5333,16532669,"Sam YO yosup","2026-07-11 16:23:33",0.77511,2,samyipyosup
5334,16532683,"Kevin Gautama Yacub","2026-07-11 15:14:57",0.77511,1,kevinyacub
5335,16532718,Moonnkungg,"2026-07-11 15:27:23",0.77511,1,moonnkungg
5336,16532786,"Jayden Burrows","2026-07-11 15:53:00",0.77511,1,jaydenburrows
5337,16532797,Bill-Siw,"2026-07-11 15:57:43",0.77511,1,billsiw
5338,16532854,"lixinkai #2","2026-07-11 16:19:54",0.77511,1,lixinkai
5339,16532919,Pp0917,"2026-07-11 23:08:19",0.77511,4,pp0917
5340,1215980,aryaaoi,"2026-07-11 16:51:04",0.77511,1,aryaaoi
5341,15889690,"Vanshaj Rawat","2026-07-11 18:01:23",0.77511,1,vanshajrawat
5342,16507655,"Aayush Patil 12","2026-07-11 18:26:55",0.77511,3,aayushpatil12
5343,16533220,"Mohamed Arram","2026-07-11 18:44:24",0.77511,1,mohamedarram
5344,16533277,"modar dark","2026-07-11 19:13:35",0.77511,1,modardark
5345,16533308,"Benjamin #20","2026-07-11 19:26:59",0.77511,1,benj2822
5346,16533329,dowanza,"2026-07-11 19:36:14",0.77511,1,dowanza
5347,16533419,"Aayush Dubey","2026-07-11 20:39:24",0.77511,1,aayushdubeythetechi
5348,16533451,"Manuel Medina #3","2026-07-11 21:05:15",0.77511,1,artificialmm
5349,16532153,flag_06,"2026-07-12 11:25:07",0.77511,9,flag06
5350,16534074,"fulin xu","2026-07-12 05:33:46",0.77511,2,fulinxu
5351,16534244,nohjaeyul,"2026-07-12 06:48:55",0.77511,1,nohjaeyul
5352,16534377,"Suman Kumar Das","2026-07-12 07:34:06",0.77511,1,sumankrdas00
5353,16534474,ckfujii,"2026-07-12 08:13:51",0.77511,1,ckfujii
5354,16534497,lrik00,"2026-07-12 08:22:21",0.77511,1,lrik00
5355,16534506,"Heela Achakzai","2026-07-12 08:48:30",0.77511,2,heelaachakzai
5356,16534571,"Eda Naz YUCEL","2026-07-12 08:58:45",0.77511,2,edanaz
5357,16534659,"Nitin Kumar #12","2026-07-12 09:23:22",0.77511,1,nitinkumar72k2
5358,16534739,"bhavya Soneji","2026-07-12 09:49:37",0.77511,1,bhavyasoneji
5359,16534750,"Parthiv Saikia","2026-07-12 09:58:04",0.77511,1,jordancarlos
5360,16534780,azhu666,"2026-07-13 02:07:49",0.77511,2,azhu666
5361,16534844,Asymptotic,"2026-07-12 10:30:46",0.77511,1,xaiowangwudi
5362,16534931,"He Zaitian","2026-07-13 08:25:11",0.77511,2,hezaitian
5363,16534967,我家的猫会微积分,"2026-07-12 11:16:51",0.77511,1,ke1234567
5364,16535009,1251411706,"2026-07-12 11:32:38",0.77511,1,saikuringu
5365,16535058,"Abigail Gathoni","2026-07-12 11:52:50",0.77511,1,abbiegathoni
5366,16535172,gamesu7107,"2026-07-12 13:08:19",0.77511,3,gamesu7107
5367,16535192,"Ilham Deen","2026-07-12 12:46:05",0.77511,1,ilhamdeen
5368,16535290,"Kin9 Kwan","2026-07-12 13:22:42",0.77511,1,kin9kwan
5369,16535302,"uzair qaseem","2026-07-12 13:26:01",0.77511,1,uzairqaseem
5370,16535565,itspoysa,"2026-07-12 14:38:05",0.77511,1,itspoysa
5371,16535619,WhiteWolf69,"2026-07-12 14:54:36",0.77511,1,whitewolf69
5372,16535690,"Mahbubur Rahman Joy","2026-07-12 15:16:30",0.77511,2,mahbuburrahmanjoy
5373,16535741,"Tariq Mumtaz","2026-07-12 15:31:57",0.77511,1,tariq0295
5374,16535775,"Dimas Pamungkas","2026-07-12 15:42:51",0.77511,1,epitomei
5375,16535869,"PRUTHVIRAJ SURYAWANSHI","2026-07-12 16:35:29",0.77511,1,pruthviraj2107
5376,16535881,"SAATHWIK AITHAL","2026-07-12 17:04:02",0.77511,7,saathwik2006
5377,16536003,"Xiaoliang Luan","2026-07-12 17:03:32",0.77511,1,xiaoliangluan
5378,16536019,sings123,"2026-07-12 17:08:25",0.77511,1,sings123
5379,16536073,"Namratha Thata","2026-07-12 17:25:44",0.77511,1,namrathathata
5380,16536300,"Rosny Antenor","2026-07-12 18:44:15",0.77511,1,rosnyantenor
5381,16536425,streetgang,"2026-07-12 20:00:14",0.77511,1,streetgang
5382,16536830,Vortex2,"2026-07-13 00:32:19",0.77511,1,vortex2
5383,16536826,"Joao Victor Araujo005","2026-07-13 01:44:21",0.77511,4,joaovictoraraujo005
5384,16537007,"Fikri Hidayat","2026-07-13 02:15:42",0.77511,1,hidayatfikri
5385,16537482,"Raihan Basjir","2026-07-13 05:09:31",0.77511,1,raihanbasjir
5386,16506229,"Eito Suzuki","2026-07-13 05:11:41",0.77511,2,eitosuzuki
5387,16537866,"Sreya Sudheeran","2026-07-13 06:40:58",0.77511,1,sreyasudheeran007
5388,16537970,"Abhista Athallah Dyfan","2026-07-13 07:09:43",0.77511,1,abhistaathallahdyfan
5389,16537975,Saorsa,"2026-07-13 07:10:39",0.77511,1,saorsa
5390,16537981,我要拿第一,"2026-07-17 03:17:50",0.77511,7,iwanttogetnumberone
5391,16538184,"Huangye Yuan","2026-07-13 08:05:51",0.77511,1,huangyeyuan
5392,16538243,G1251431942,"2026-07-13 08:17:51",0.77511,1,g1251431942
5393,16538256,Yuan0608,"2026-07-13 08:20:34",0.77511,1,yuan0608
5394,16538456,Shatter221,"2026-07-13 09:08:00",0.77511,1,shatter221
5395,16538469,"Karan Kumar #4","2026-07-13 09:10:22",0.77511,1,kumarkaran59
5396,16538494,"Shaurya Pratap Singh 23BPS1169","2026-07-13 09:14:25",0.77511,1,shaurya23bps1169
5397,16538435,"Mwanza Wambua","2026-07-13 12:23:09",0.77511,9,mwanzawambua
5398,16538504,Yash_srivastava_099,"2026-07-13 09:17:08",0.77511,1,yashsrivastava099
5399,16538517,Aditi_Kar27,"2026-07-13 09:19:47",0.77511,1,aditikar27
5400,16538519,OREUS69,"2026-07-13 09:45:21",0.77511,2,oreus69
5401,16538556,kagger01,"2026-07-13 09:33:17",0.77511,2,kagger01
5402,15228217,"Cecilia #6","2026-07-13 10:16:08",0.77511,2,ceciliabai
5403,16538820,"Tilda Lambo","2026-07-13 10:25:44",0.77511,1,tildalambo
5404,16517703,"Behzad Shahriary","2026-07-14 10:11:45",0.77511,13,behzadshahriary
5405,16538997,Thaakier,"2026-07-13 11:09:35",0.77511,1,thaakier
5406,16539024,"Harshini Male ","2026-07-13 11:17:29",0.77511,1,harshinimale
5407,16539123,"Lerone Jenson","2026-07-13 11:43:58",0.77511,1,leronejenson
5408,16539162,abdullahkhera,"2026-07-13 11:55:17",0.77511,1,abdullahkhera
5409,16539213,"Dustin #6","2026-07-13 12:16:10",0.77511,1,dustin32
5410,16539583,insreps,"2026-07-13 13:40:19",0.77511,1,insrepsw
5411,16539602,BerryPie1,"2026-07-13 13:48:17",0.77511,1,berrypie1
5412,16539805,"Abu Talha Ansari","2026-07-13 14:43:48",0.77511,1,gamerbhai02
5413,16539850,"Guga Cardoso","2026-07-13 14:54:59",0.77511,1,gugacardoso
5414,16539995,"Jerry Jin","2026-07-13 15:27:33",0.77511,1,jerrydjin
5415,16539999,"Lingyi Zhang","2026-07-13 15:28:27",0.77511,1,lingyizhang2049
5416,16540153,"Abrar Pratama","2026-07-13 16:05:09",0.77511,1,abrarpratama
5417,16540313,"zhiou zhu","2026-07-13 16:43:38",0.77511,1,zhiouzhu
5418,16540330,"Indra Setyawan","2026-07-13 16:49:02",0.77511,1,reikine
5419,16515129,"Manjusha V_kaggle","2026-07-13 19:54:06",0.77511,4,manjushavkaggle
5420,16540406,"Arturo Esquivel","2026-07-13 17:11:42",0.77511,1,arturoesquivel
5421,16540496,"Maksudur Rahman","2026-07-13 17:32:51",0.77511,1,maksudurrahman404
5422,16540583,"Sandeep Mohan #2","2026-07-13 17:57:32",0.77511,1,sandeepmohanhimself
5423,16540587,dbcker,"2026-07-13 17:59:34",0.77511,1,dbcker
5424,16540667,"Renee Wolfe-Roth","2026-07-13 18:15:31",0.77511,1,reneewolferoth
5425,16540789,"Tiago Fiszson","2026-07-13 19:04:26",0.77511,1,tiagofiszs
5426,16540791,"Anikin Konstantin","2026-07-13 19:04:34",0.77511,1,anikinkonstantin
5427,16540819,"Sherpherd Murimi","2026-07-13 19:10:36",0.77511,1,sherpherdmurimi
5428,16541014,"Christian P","2026-07-13 20:29:56",0.77511,1,cpucher82
5429,16541022,"Patrick Brennan","2026-07-13 20:33:44",0.77511,1,patrickbrennan0207
5430,16541033,"Yuven joseph","2026-07-13 20:39:25",0.77511,1,yuvenjoseph
5431,16541368,"Patricia Morantes","2026-07-14 13:46:11",0.77511,2,patriciamorantes
5432,16541395,"Noah Herman","2026-07-13 23:27:36",0.77511,1,noahherman77
5433,16541584,"zhang xukang","2026-07-14 01:26:30",0.77511,1,zhangxukang
5434,16541627,UniqueC,"2026-07-14 02:00:54",0.77511,2,uniquec
5435,16541632,"MEI JIAJIE","2026-07-14 01:50:18",0.77511,1,meijiajie
5436,16541656,"felicia umana","2026-07-14 01:59:59",0.77511,1,feliciaumana
5437,16541688,cydev_zfl4,"2026-07-22 06:20:11",0.77511,2,cydevzfl4
5438,16541734,jnavarro7,"2026-07-14 02:37:16",0.77511,1,jnavarro7
5439,16542283,youtoon,"2026-07-14 06:44:24",0.77511,2,youtoon
5440,16542334,"Cici WANGxxi","2026-07-14 05:53:18",0.77511,1,ciciwang111
5441,16542525,"Sonali Biradar","2026-07-14 06:41:10",0.77511,1,sonalimagarbiradar
5442,12017632,"Vukkem Bhuvan","2026-07-14 07:26:35",0.77511,1,vukkembhuvan
5443,16542782,Zachfish224,"2026-07-14 07:41:08",0.77511,1,zachfish224
5444,16542814,"Joohyun Kim","2026-07-16 14:30:01",0.77511,5,teeeekay
5445,16542832,kizilkayaom,"2026-07-14 07:47:55",0.77511,1,sqsfqlmqatozbot
5446,16542931,AlpDLL,"2026-07-14 08:10:44",0.77511,1,alpdll
5447,16542936,"Zhou Minxuan","2026-07-14 08:11:54",0.77511,1,lldxsg
5448,16542661,lijifang,"2026-07-14 09:02:33",0.77511,8,lijifang
5449,16542840,httThorn.,"2026-07-14 09:10:38",0.77511,10,httthorn
5450,16543181,"zl m","2026-07-14 08:59:12",0.77511,1,violate
5451,16543191,"Vansh Shrivastava","2026-07-14 09:00:47",0.77511,1,yeager139
5452,16543203,"sarah rosee","2026-07-14 09:02:55",0.77511,1,sarahrosee
5453,16543322,"ROBLOX SCHOOL","2026-07-14 09:40:02",0.77511,1,robloxschool
5454,16543538,"Om Deole","2026-07-14 10:41:08",0.77511,5,omdeole
5455,16543553,"ANANYA S SHIGGAON","2026-07-14 10:33:32",0.77511,1,ananyasshiggaon
5456,16543766,"kaze 1901","2026-07-14 11:32:47",0.77511,1,kaze1901
5457,16543794,"Rida Fatima","2026-07-14 11:41:54",0.77511,1,ridafatima0904
5458,16543820,sarumathianbalagan,"2026-07-14 11:48:16",0.77511,1,sarumathianbalagan
5459,16543856,"Sumaiya Banu","2026-07-14 11:56:21",0.77511,1,sumaiyajaffar
5460,16544143,"Theivanth Rajamohan","2026-07-14 13:20:48",0.77511,1,theivanth
5461,16544170,陈nscabc,"2026-07-14 13:27:49",0.77511,1,nscabc
5462,16544231,"Courtney Elsner","2026-07-14 13:43:26",0.77511,1,courtneyelsner
5463,16544631,RSB2.0dagoat,"2026-07-14 15:33:45",0.77511,1,rsb20dagoat
5464,16544634,"Sagadat Tolembay","2026-07-14 15:34:01",0.77511,1,sagadatt
5465,16544710,appleremon,"2026-07-14 15:57:21",0.77511,1,appleremon
5466,16544864,DaimonSsk,"2026-07-14 16:48:10",0.77511,1,daimonssk
5467,16545027,"D010-Aniket Gadekar","2026-07-14 17:27:16",0.77511,5,d010aniketgadekar
5468,16545094,"Zhilei Qiu","2026-07-14 17:40:54",0.77511,1,amatlas
5469,16545268,"Fig Leaf","2026-07-14 18:24:39",0.77511,1,figleaf
5470,16541362,chapp,"2026-07-14 18:38:23",0.77511,3,gabri111
5471,16545428,"Krishna Gupta #5","2026-07-14 19:09:16",0.77511,2,lightning776687y97t9
5472,16545448,"Daryl Ross","2026-08-01 01:19:14",0.77511,6,darylross741
5473,16546716,"Tin Tue","2026-07-14 21:13:29",0.77511,2,tintue
5474,16536641,"Stanislaw #3","2026-07-14 21:37:03",0.77511,1,stankk
5475,16547851,"Muhammad Dzaki","2026-07-14 22:26:30",0.77511,1,muhammaddzakih
5476,11158114,"Juan David Acosta","2026-07-15 00:40:44",0.77511,1,juandavidacosta
5477,16548329,afenili,"2026-07-15 02:14:10",0.77511,1,afenili
5478,16543187,Tengxiao.Zhang1,"2026-07-15 03:01:44",0.77511,8,tengxiaozhang1
5479,16548509,"Isabel Patricia Rivas Morantes","2026-07-15 03:26:23",0.77511,1,isabriv333
5480,16513433,"Divya Bobade","2026-07-15 03:28:08",0.77511,2,divyabobade
5481,16548597,"Arya Sk","2026-07-15 03:45:18",0.77511,1,aryask
5482,16548736,zlh1226,"2026-07-15 04:12:19",0.77511,1,zlh1226
5483,16549335,cxsong,"2026-07-15 06:35:02",0.77511,1,cxsong
5484,16549621,"Canliang Chen","2026-07-15 07:45:36",0.77511,1,canliangchen
5485,16549720,"Farnaz Tarabi","2026-07-15 08:17:40",0.77511,1,farnaztarabi
5486,16549798,Tian0102,"2026-07-15 08:40:38",0.77511,1,tian0102
5487,16549868,"Syed Hissam Kazmi","2026-07-15 09:02:12",0.77511,2,syedhissamkazmi
5488,16485047,A.koba,"2026-07-27 07:31:13",0.77511,5,k2025aa
5489,16550164,"Ghanif Priyasdhika Endes","2026-07-15 10:13:00",0.77511,1,ghanif
5490,16550212,"ibuki sugiura","2026-07-15 10:45:50",0.77511,2,ibukisugiura
5491,16550357,zedway,"2026-07-15 11:41:48",0.77511,2,zedway
5492,16550480,SHANGXUAN,"2026-07-15 11:42:58",0.77511,1,shangxuan01
5493,16550680,Belvedere2,"2026-07-15 12:42:39",0.77511,1,belvedere2
5494,16551056,"Tushar Reddy295","2026-07-15 14:12:30",0.77511,1,tusharreddy295
5495,16551060,"Rishikesh Upadhyay","2026-07-15 14:13:32",0.77511,1,rishikeshupadhyay108
5496,16551113,Gillonye,"2026-07-15 14:23:15",0.77511,1,gillonye
5497,16551300,"Anastasia Martynceva","2026-07-15 15:14:23",0.77511,1,anastasiamartynceva
5498,16551340,"Akshaj Shetty","2026-07-15 15:24:07",0.77511,1,akshajshetty12
5499,16551356,"Farras Hayyu","2026-07-16 19:13:45",0.77511,2,farrashayyu
5500,16551400,"kaan Bilgili","2026-07-16 19:49:58",0.77511,2,kaanbilgili
5501,16551424,bravamarr,"2026-07-15 15:44:09",0.77511,1,bravamarr
5502,16551521,Gabriel641,"2026-07-15 16:09:09",0.77511,1,gabriel641
5503,15289409,"Roma Coguteac","2026-07-15 17:32:47",0.77511,1,romacoguteac
5504,16531584,"Kanishka Bhatt","2026-07-17 17:58:48",0.77511,5,kanishkabhatt
5505,16551895,SHEMRIN.K,"2026-07-15 18:02:54",0.77511,1,shemrink
5506,16552228,"Ariel Hirsch","2026-07-15 20:22:10",0.77511,1,relhirsch
5507,16552247,"Kayky De Faria","2026-07-15 20:33:03",0.77511,1,kaykydefaria
5508,16552524,"Nanami Takemoto","2026-07-15 22:31:04",0.77511,1,nanam1takemoto
5509,2249034,"Rafael Leonhardt","2026-07-25 21:14:58",0.77511,2,rafaelleonhardt
5510,16552998,"xiangshi chen","2026-07-16 02:34:52",0.77511,1,xiangshichen
5511,16553056,gsrttkx,"2026-07-16 02:58:47",0.77511,1,gsrttkx
5512,16553202,JohnWeng1,"2026-07-16 04:00:29",0.77511,1,johnweng1
5513,16553634,"harshita hosmani","2026-07-16 06:23:33",0.77511,2,harshitahosmani
5514,16553655,"Vismaya M gowda","2026-07-16 06:25:57",0.77511,1,vismayamgowda
5515,16553664,that.jp,"2026-07-16 06:27:00",0.77511,1,thatjp
5516,16553675,"Dark Hydra Gaming","2026-07-16 07:24:03",0.77511,2,darkhydragaming
5517,16553710,"Jeevitha KN","2026-07-16 07:41:57",0.77511,4,jeevithakn
5518,16553713,"Aswin Mohan K","2026-07-16 07:06:28",0.77511,2,aswinmohank
5519,16553719,"Bhanu prakash Reddy B. S","2026-07-16 07:40:54",0.77511,6,bhanuprakashreddybs
5520,16553725,minhng999,"2026-07-16 06:37:04",0.77511,1,minhng999
5521,16553752,"charlene kiesh","2026-07-16 06:44:17",0.77511,1,charlenekiesh
5522,16553768,"Rakshita Thakur","2026-07-16 06:47:22",0.77511,1,toomac
5523,16553816,chiku12it's4u,"2026-07-16 07:16:17",0.77511,2,chiku12its4u
5524,16553823,"Gowtham. Nagabushan","2026-07-16 08:44:30",0.77511,3,gowthamnagabushan
5525,16553851,jmmmy,"2026-07-24 08:52:26",0.77511,3,jmmmmy
5526,16553866,preet1234567,"2026-07-16 07:07:54",0.77511,1,preet1234567
5527,16553891,"Nida Nazar","2026-07-16 07:15:15",0.77511,1,nidanazar
5528,16553965,"Ishani Pande","2026-07-16 07:37:30",0.77511,1,ishanipande
5529,16553984,"Ergün Enes Katmer","2026-07-16 07:41:54",0.77511,1,ergneneskatmer
5530,16554195,pree948282,"2026-07-16 08:34:55",0.77511,1,pree948282
5531,14301119,cracker88,"2026-07-16 08:37:53",0.77511,1,cracker88
5532,16554347,"Ayush #20","2026-07-16 09:06:44",0.77511,1,ayush0949
5533,16554516,"vibhav jana","2026-07-17 14:51:12",0.77511,5,vibhavjana
5534,16554660,"Hafsa Qamar","2026-07-16 10:33:39",0.77511,1,hafsaqamar001
5535,16554678,BeKarag,"2026-07-16 10:37:42",0.77511,1,bekarag
5536,16554799,"Marah Alomari","2026-07-22 13:27:04",0.77511,2,marahalomari
5537,16554812,参加简单居家彩票手机在线操作任务日赚千起加群784933765,"2026-07-16 11:27:41",0.77511,1,pwfwrmobgi
5538,16554885,ccrispshark,"2026-07-16 11:42:15",0.77511,1,ccrispshark
5539,16554942,"Andrej Čuščak","2026-07-16 11:51:40",0.77511,1,andrejuak
5540,16555151,"Ayush Jagaty","2026-07-16 12:49:29",0.77511,1,ayushjagaty
5541,16555267,"Kristina Neifeld","2026-07-16 13:17:50",0.77511,1,kristinaneifeld
5542,16555407,"Achintha Dilhara","2026-07-16 13:58:59",0.77511,1,achinthadilhara
5543,16555557,razgulyaev.boris,"2026-07-16 14:32:06",0.77511,1,razgulyaevboris
5544,16555684,"Ahmet Faruk Tekin","2026-07-16 15:09:29",0.77511,1,ahmetfaruktekin
5545,16555951,"Quan Le Hoang","2026-07-16 16:18:56",0.77511,1,quanleh93
5546,16556560,"Ark Main","2026-07-16 19:12:26",0.77511,1,arkmain
5547,16556578,"Kavya Nayyar","2026-07-16 19:16:57",0.77511,1,kavyanayyar
5548,16556613,"sattwik Ghosal1","2026-07-16 19:30:50",0.77511,1,sattwikghosal1
5549,16556631,"mingyao shao","2026-07-16 19:33:07",0.77511,1,mingyaoshao
5550,16556792,"Zach Bensky","2026-07-16 21:04:28",0.77511,4,zachbensky
5551,16556822,"Sohan Hormuzdiar","2026-07-16 20:37:13",0.77511,1,sohanhormuzdiar
5552,5351230,"Anand Upadhyaya","2026-07-16 20:48:01",0.77511,1,zeroseriously
5553,16556931,SulinGu,"2026-07-16 21:37:31",0.77511,1,sulingu
5554,16556998,alejandrojoseG0905,"2026-07-16 22:25:03",0.77511,1,alejandrojoseg0905
5555,16557065,"Eloifi Driss","2026-07-16 23:24:47",0.77511,1,eloifidriss
5556,16557129,"Carol Wu #2","2026-07-17 00:04:10",0.77511,1,phr0gg
5557,16557183,"Bryan Jacobsen","2026-07-17 00:47:15",0.77511,1,bryanjacobsen
5558,16557371,"Adela Morales","2026-07-17 02:30:41",0.77511,1,adelamorales
5559,16557476,WATERABC,"2026-07-17 05:56:13",0.77511,3,lixaolongabc
5560,16557589,XX,"2026-07-17 04:01:27",0.77511,1,kiwihahaha
5561,16557710,"Priyanka Lakariya","2026-07-17 04:53:37",0.77511,1,priyankalakariya
5562,16557886,G1251411796,"2026-07-17 05:46:36",0.77511,1,kou2210
5563,16557956,Ryusuke7,"2026-07-17 06:14:40",0.77511,2,ryusuke7
5564,16557957,ミズレオ,"2026-07-17 06:14:58",0.77511,2,mizureo
5565,16557959,"Nakagawa sho","2026-07-17 06:15:05",0.77511,2,nakasho0326
5566,16558043,"Arabella #2","2026-07-17 06:34:29",0.77511,1,arabella
5567,16558299,"champagne supernova","2026-07-17 07:32:53",0.77511,1,iqqyyy
5568,16558322,"Gulu Wood","2026-07-17 07:34:34",0.77511,1,guluwood
5569,16558368,SoulZihao,"2026-07-17 07:39:40",0.77511,1,soulzihao
5570,16558602,JustSilver,"2026-07-17 08:39:03",0.77511,1,justsilver
5571,16558668,"Yeee Da","2026-07-17 08:57:50",0.77511,1,yeeeda
5572,16558702,徐凯（内田鳥）,"2026-07-17 09:06:55",0.77511,1,kkotori
5573,16558768,"Soda Deng","2026-07-17 09:24:21",0.77511,1,sodadeng
5574,16558773,"Ye Bryan","2026-07-17 09:25:26",0.77511,1,yebryan
5575,16558948,"Choo Tian Long","2026-07-17 10:18:41",0.77511,1,chootianlong
5576,16559325,somanosuke,"2026-07-17 12:15:56",0.77511,2,somanosuke
5577,16559435,"Made Panji","2026-07-17 12:51:51",0.77511,1,madepanji
5578,16559436,"Kehinde Aboyade","2026-07-17 12:52:26",0.77511,1,kehindeaboyade
5579,16559570,"feras mohamed rashad","2026-07-17 13:10:04",0.77511,1,ferasmohamedrashad
5580,16559639,panacea9320,"2026-07-17 15:39:42",0.77511,2,panacea9320
5581,16559827,Pelix,"2026-07-17 14:22:39",0.77511,1,felixplanting
5582,16559838,ForwardXu,"2026-07-17 14:24:44",0.77511,1,forwardxu03
5583,16559990,"Wang Jingyi","2026-07-17 14:44:39",0.77511,1,wangmatthewjingyi
5584,16560164,"MD MINHAZUL HAQ","2026-07-17 15:38:02",0.77511,1,minhazum
5585,16560225,"duminda basnayaka","2026-07-17 15:55:35",0.77511,1,dumindabasnayaka
5586,16560284,"Antonella González","2026-07-17 16:22:07",0.77511,2,antonellagonzlez
5587,16558178,"Sung Ha Hwang","2026-07-17 16:51:53",0.77511,3,yoyoyo125
5588,16560542,"Parth #9","2026-07-17 17:32:15",0.77511,1,airavxt
5589,4991584,"Ewerton Rodrigues","2026-07-17 18:03:32",0.77511,1,ewertonrodrigues96
5590,16550739,ErnestUmerov,"2026-08-13 14:40:41",0.77511,103,ernestumerov
5591,16560645,"Виктория #3","2026-07-17 18:09:33",0.77511,1,cbheck
5592,16560814,"Vlad #8","2026-07-18 16:05:58",0.77511,2,coro19
5593,16560851,"Valeri Terziev","2026-07-17 19:36:10",0.77511,1,valeriterziev
5594,16560853,"Hosea Jonathan","2026-07-17 19:36:41",0.77511,1,haniro
5595,16561183,"Rahul Kumar #32","2026-07-17 21:34:32",0.77511,1,rahulkrx
5596,10660341,大山竜平,"2026-07-18 02:17:17",0.77511,1,yamaozoku
5597,16561628,mkc316,"2026-07-18 02:26:26",0.77511,1,mkc316
5598,16561634,"swetha chinta","2026-07-22 03:12:27",0.77511,3,swetha1003
5599,16557675,Elliana02,"2026-07-20 18:03:56",0.77511,8,elliana02
5600,16561902,"Сарина Полина","2026-07-18 04:03:06",0.77511,1,srnpln75
5601,16562758,"Harry Gomez","2026-07-18 05:41:38",0.77511,1,hrygmz
5602,16563450,"Prashant Rathore","2026-07-18 07:11:10",0.77511,1,prashantdspav
5603,16563668,"zhang Frank","2026-07-18 07:36:26",0.77511,1,zyc72316
5604,16563889,"Nayan Mevada","2026-07-18 08:28:02",0.77511,1,nayan9229
5605,16564548,"yc z #2","2026-07-18 10:02:32",0.77511,1,zyyycc
5606,9225449,"KATSUNORI KOJIMA","2026-07-18 11:37:16",0.77511,1,kojimak271
5607,16565531,deadzr,"2026-07-18 12:51:44",0.77511,1,deadzr
5608,16565536,"Erasmus Edward Obeth","2026-07-18 12:54:27",0.77511,1,primalmind
5609,16565592,"Tarissa R","2026-07-18 13:22:18",0.77511,1,tarissar
5610,16565601,"Yury Kotlyarov","2026-07-18 13:56:06",0.77511,4,yurykotlyarov
5611,16565674,"Daksh Dhull","2026-07-18 14:28:06",0.77511,1,dakshdhull04
5612,16565795,m_hagi,"2026-07-18 15:07:11",0.77511,2,mohagi
5613,16565916,"Kyu Seok Yeum","2026-07-18 15:31:20",0.77511,1,kyuseokyeum
5614,16566094,"Ito Tetsu","2026-07-18 16:41:42",0.77511,1,ritsuka318
5615,16566113,"Salma Azhar","2026-07-18 16:49:29",0.77511,1,salmaazhar
5616,16566147,"Pétale Neide Afonso","2026-07-18 17:06:40",0.77511,1,ptaleneideafonso
5617,16566256,NateDG,"2026-07-18 17:53:58",0.77511,1,natedg
5618,15920496,"Daniel To","2026-07-18 19:39:13",0.77511,2,danielto2
5619,16566470,sjk850,"2026-07-18 19:47:01",0.77511,1,sjk850
5620,16566614,"Артём Кольцов","2026-07-18 20:53:58",0.77511,1,artemklcv
5621,16566754,kanekn77,"2026-07-18 22:31:25",0.77511,1,kanekn77
5622,16566868,"Estefano Alves Lemos","2026-07-19 00:08:06",0.77511,1,estefanolemos
5623,16566978,"Brian Phan","2026-07-19 01:34:23",0.77511,1,brianphan317
5624,16567662,"Taishi UEYAMA","2026-07-19 04:56:05",0.77511,1,taishiueyama
5625,16568123,"Govind Bhochiya","2026-07-19 05:43:42",0.77511,3,govindbhochiya
5626,16568553,berney777,"2026-07-19 06:20:32",0.77511,1,berney777
5627,16568701,PRERANA_DAS28,"2026-07-19 06:53:47",0.77511,1,preranadas28
5628,16568741,"sidn1 lsy","2026-07-19 06:59:37",0.77511,1,sidn1lsy
5629,16569095,GODWE1,"2026-07-19 08:30:38",0.77511,1,godwe1
5630,16569118,osamu_data,"2026-07-19 08:33:27",0.77511,1,osamudata
5631,16569121,SrinathPillai,"2026-07-19 08:33:50",0.77511,1,srinathspillai
5632,16569132,SHERALIEV_ABDURAHIM,"2026-07-19 08:35:48",0.77511,1,sheralievabdurahim
5633,16569282,"zheng wei 111","2026-07-19 09:13:28",0.77511,1,zhengwei111
5634,16569027,VaishnaviDhepe16,"2026-07-19 09:26:43",0.77511,10,vaishnavidhepe16
5635,16569496,"mohammed mustafa mahmoud","2026-07-19 10:03:42",0.77511,1,mtk3366
5636,16569366,Kifine,"2026-07-19 10:13:27",0.77511,4,liaoyingxi
5637,16569686,"Asad Tanveer","2026-07-19 10:49:27",0.77511,2,mirzasadbaig
5638,16556439,medraddaoui,"2026-07-19 11:19:58",0.77511,9,medraddaoui
5639,16569962,yjh070311,"2026-07-19 11:53:06",0.77511,1,yjh070311
5640,16569989,"Anish Raj #2","2026-07-19 12:04:23",0.77511,1,imvynor
5641,16570052,"data guava","2026-07-19 12:21:10",0.77511,1,dataguava
5642,16570350,"Kathiresan Venkatasalam","2026-07-19 13:33:21",0.77511,2,kathiresan1983
5643,16570379,wait17,"2026-07-19 13:38:37",0.77511,1,wait17
5644,16570422,"Andrei Dan","2026-07-19 13:47:38",0.77511,1,andreidan21
5645,16570555,"Terence Denning","2026-07-19 14:12:26",0.77511,1,terryd12345
5646,16570575,Juna1013,"2026-07-19 14:14:36",0.77511,1,juna1013
5647,16570729,"Nabaa Nabeeh","2026-07-19 14:53:58",0.77511,2,nabaanabeeh
5648,16570879,rawbipt,"2026-07-19 15:18:53",0.77511,1,rawbipt
5649,16570955,"Ayekundire Generous","2026-07-19 15:57:42",0.77511,2,ayekundiregenerous
5650,16571015,"Tomislav Kostantinov","2026-07-19 15:48:35",0.77511,1,tomislavkostantinov
5651,16571303,"IBRAHIM CEBECIOGLU","2026-07-19 16:44:52",0.77511,1,ibrahimcebecioglu
5652,16571521,SANCHI@2007,"2026-07-19 17:30:31",0.77511,1,sanchi2007
5653,16571629,"Najaf Alsabia","2026-07-19 17:58:58",0.77511,1,najafalsabia
5654,16571719,"Chow Banana","2026-07-19 18:17:50",0.77511,1,chowbanana
5655,16571744,"Christian Vaikona","2026-07-19 18:23:38",0.77511,1,christianvaikona
5656,16571756,"Lucas Lima Simões","2026-07-19 18:26:38",0.77511,1,lucaslimasimoes
5657,16571760,"Tasnim Alias","2026-07-19 20:07:24",0.77511,3,tasnimalias
5658,16571785,"Julia David","2026-07-19 18:34:33",0.77511,1,juliadavid
5659,16571810,"YiFang Jiang","2026-07-19 18:41:10",0.77511,1,guru0606sj
5660,16561037,"Nihat Uzunalioglu | Y","2026-07-19 20:35:32",0.77511,10,ywizard
5661,14050887,edsanti,"2026-07-19 21:36:45",0.77511,1,ed13santi
5662,16572496,msuite26,"2026-07-28 14:57:55",0.77511,2,msuite26
5663,16572761,Sakana6535,"2026-07-20 01:45:16",0.77511,1,sakana6535
5664,16572883,saiki_y,"2026-07-20 02:50:36",0.77511,1,saikiy
5665,16573094,yelenayfy,"2026-07-20 04:04:43",0.77511,2,yelenayfy
5666,16573096,"David C Lee","2026-07-20 03:31:30",0.77511,1,davidclee
5667,16573263,Slash_sis,"2026-07-20 04:08:07",0.77511,1,mikamisono
5668,16573427,"Satgur Singh","2026-07-20 05:07:28",0.77511,1,satgursingh
5669,16573528,"Sabnam Ghimire","2026-07-21 10:05:09",0.77511,2,sabnamghimire12
5670,16573539,"Yaswanth Bijjam","2026-07-20 05:36:12",0.77511,1,yashb166
5671,16573723,BOWONK,"2026-07-20 06:18:29",0.77511,1,bowonk
5672,16573751,Ethan56714,"2026-07-20 06:25:27",0.77511,1,ethan56714
5673,16573767,PLishere,"2026-07-20 06:29:17",0.77511,1,plishere
5674,16573819,"jiny lin","2026-07-20 10:53:06",0.77511,6,jinylin
5675,16574076,"Minh Nhat Nguyen","2026-07-20 07:39:11",0.77511,1,nmnhat0508
5676,16574168,"Samba Sene","2026-07-20 08:03:15",0.77511,1,sambasenesn
5677,16574242,"ryota sasai","2026-07-20 08:16:08",0.77511,1,ryotasasai
5678,16574413,Akshay1006,"2026-07-20 09:19:07",0.77511,2,akshaychandar
5679,16574534,SHADOW1232006,"2026-07-20 09:23:33",0.77511,1,shadow1232006
5680,16574549,"Aniket Dalal 691","2026-07-20 09:26:21",0.77511,1,aniketdalal691
5681,16574578,nowhy,"2026-07-20 09:33:02",0.77511,1,zhoufy
5682,16574923,"Mana Wang","2026-07-20 11:24:57",0.77511,3,wangman12345
5683,16574992,"Fredrick Osambo","2026-07-20 11:27:56",0.77511,1,fredosambo
5684,16575393,"Hang Qu12138","2026-07-20 13:33:32",0.77511,1,hangqu12138
5685,16575195,"Peiyang Jiang","2026-07-20 14:04:37",0.77511,4,peiyangjiang
5686,16575506,"Abhinav Wasukar","2026-07-20 14:08:16",0.77511,1,abhinavwasukar
5687,16575612,"Atharva S. Naladkar","2026-07-20 14:37:30",0.77511,3,atharvasnaladkar
5688,16575853,"Amey Daithankar","2026-07-20 15:34:32",0.77511,1,ameydaithankar
5689,16575937,kultive,"2026-07-20 15:49:50",0.77511,1,kultive
5690,16576209,"Yiran Liu","2026-07-20 16:52:42",0.77511,1,lyrrrrall2well
5691,16576384,"Nham Quoc Hung","2026-07-20 17:27:30",0.77511,1,nhamquochung
5692,16576904,"Vanshika Palav","2026-07-20 19:46:01",0.77511,1,vanshikapalav
5693,16576917,"Lucky Adebayo","2026-07-20 19:50:41",0.77511,1,luckyadebayo
5694,16576947,Dori.Ala,"2026-07-20 19:58:21",0.77511,1,doriala
5695,16577021,"Amir Tomashpayev","2026-07-20 20:54:58",0.77511,3,amirtomashpayev
5696,16577118,"Cyndi Chen","2026-07-20 21:04:04",0.77511,1,chencynd
5697,16577145,"Douglas Eduardo","2026-07-20 21:11:37",0.77511,1,douglasdati
5698,15493185,LiHua404,"2026-07-21 02:53:28",0.77511,4,abcdqwe
5699,16578575,orangetailfish,"2026-07-21 03:23:24",0.77511,1,orangetailfish
5700,16578837,"Harsh Kumar #20","2026-07-21 04:46:48",0.77511,1,ryukftw
5701,13097249,Kazuto,"2026-07-21 04:48:14",0.77511,1,kakkkabonita
5702,16578963,gusals1332,"2026-07-21 05:18:55",0.77511,1,gusals1332
5703,16579131,"Samir Gandhi","2026-07-21 06:04:58",0.77511,1,samirgandhi07
5704,16579179,"Bhavin Kamdar","2026-07-21 06:13:33",0.77511,1,bhavinkamdar
5705,16579493,lammentat,"2026-07-21 07:32:51",0.77511,1,lammentat
5706,16579658,"Olakunle Raheem (Mayor)","2026-07-21 08:12:22",0.77511,1,olakunleraheemmayor
5707,16579714,"Jiho Shin","2026-07-21 08:23:14",0.77511,1,jihogoo
5708,16579937,Suraj1111,"2026-07-21 09:16:12",0.77511,2,suraj1111
5709,16579909,灰之魔女,"2026-07-21 09:19:06",0.77511,2,huizhimonv
5710,16580011,"Sirine Mhadhbi","2026-07-21 09:29:28",0.77511,1,sirinemhadhbi13
5711,16580102,DevinFY,"2026-07-21 09:44:02",0.77511,1,devinfy
5712,15535933,hiro909890,"2026-07-21 09:57:11",0.77511,4,hiro909890
5713,16580360,"Enas Amin","2026-07-21 10:24:36",0.77511,1,enasamin99
5714,16580518,"Robyn Mansfield","2026-07-21 11:11:24",0.77511,1,robynmansfield
5715,16580757,"Rae Apaivongse Coad","2026-07-21 12:06:59",0.77511,1,raeapaivongsecoad
5716,3105369,"K Tanaka","2026-07-21 12:35:55",0.77511,9,kanatat
5717,16580805,HuFy2003,"2026-07-21 12:17:44",0.77511,1,hufy2003
5718,16580991,"Kha San Duong","2026-07-21 12:47:25",0.77511,1,khasanduong
5719,16581151,"I PUTU KRISNA PRAMANA YUDA","2026-07-21 13:08:09",0.77511,1,dakbsabsa
5720,16581742,"Devavrat Choure","2026-07-21 14:38:43",0.77511,1,devavratchoure
5721,16457898,huweicheng,"2026-07-21 14:54:37",0.77511,5,huweicheng
5722,16581884,"Andersen Wang","2026-07-21 15:00:07",0.77511,1,andersenw
5723,16582148,GrinAlex,"2026-07-21 15:40:50",0.77511,1,grinalex
5724,16582224,yeyunchao,"2026-07-21 16:21:54",0.77511,3,yeyunchao
5725,16582370,"Кирилл Левин","2026-07-21 16:15:41",0.77511,1,aqqurateew
5726,16582549,mihaomin2026,"2026-07-21 16:47:11",0.77511,1,mihaomin2026
5727,16582746,"Oni Xgiri","2026-07-21 17:22:06",0.77511,1,onixgiri
5728,16582794,Luxsie,"2026-07-21 17:33:35",0.77511,1,luxsie
5729,16583038,"Justin Banzon","2026-07-21 18:52:36",0.77511,1,justinbanzon
5730,16583165,"Sifat Mahmud","2026-07-21 19:52:10",0.77511,1,sifatmahmud2002
5731,16583194,arianmkermani98,"2026-07-21 20:00:28",0.77511,1,arianmkermani98
5732,16583428,"shahwaiz :3","2026-07-21 22:14:04",0.77511,1,shahwaiz3
5733,16583472,Kyllian,"2026-07-21 22:33:18",0.77511,1,kylliang
5734,16583631,"zhengxiao chen","2026-07-22 00:19:58",0.77511,1,zhengxiaochenchen
5735,16583667,"Doris Omonije","2026-07-22 00:29:37",0.77511,1,dorisomonije
5736,16583614,acw511,"2026-07-24 04:46:59",0.77511,12,acw511
5737,16583848,"Dannyle Jennings","2026-07-22 02:01:07",0.77511,1,dannylejennings
5738,16583776,"Kim Hosoo","2026-07-22 02:23:18",0.77511,4,somemen
5739,16583874,Jonathan78,"2026-07-22 02:13:46",0.77511,1,jonathan78
5740,16583919,"Taira Kaminaga","2026-07-29 03:39:16",0.77511,4,tairakaminaga
5741,16584086,"坂井 昌衛","2026-07-22 03:54:56",0.77511,1,atsuesakai
5742,16584320,"Sai Paamujula","2026-07-23 17:23:48",0.77511,2,saipaamujula
5743,16584343,"Tushar sharma684","2026-07-22 05:47:03",0.77511,2,tusharsharma684
5744,16584364,JunhwiPark,"2026-07-22 06:52:19",0.77511,4,zoonhee
5745,16584450,"stan #2","2026-07-22 06:18:11",0.77511,1,dataofwtc
5746,16584471,"Syed Salman Habib","2026-07-22 06:23:28",0.77511,1,syedsalmanhabib
5747,16584478,liyi7314,"2026-07-22 06:26:19",0.77511,1,liyi7314
5748,16584536,atalamcom,"2026-07-22 06:44:12",0.77511,1,atalamcom
5749,16584797,"Irie Kousuke","2026-07-22 07:52:31",0.77511,1,iriekousuke
5750,16580221,lzz.guo,"2026-07-24 08:58:38",0.77511,8,lzzguo
5751,16584964,"Chia Yuan Wang","2026-07-22 08:54:12",0.77511,2,chiayuanwang
5752,16585330,"Meital Sellam","2026-07-22 10:38:28",0.77511,1,meitalsellam
5753,16585499,"Ansh Saxena","2026-07-22 11:36:05",0.77511,1,anshsaxena2007
5754,16585509,"Anika Lohia","2026-07-22 11:37:52",0.77511,1,anikalohia
5755,16585591,"tyron spiteri","2026-07-22 12:04:45",0.77511,1,tyronspiteri
5756,16585676,junzh99,"2026-07-22 12:26:56",0.77511,1,junzh99
5757,16585729,Katlegots,"2026-07-22 12:41:27",0.77511,1,katlegots
5758,16585738,"Gonca Elif özdemir","2026-07-22 12:43:33",0.77511,1,goncaelifzdemir
5759,16585747,GoldenFern,"2026-07-22 12:48:35",0.77511,2,goldenfern
5760,16586005,MuhammadShafay1,"2026-07-28 14:55:18",0.77511,4,muhammadshafay1
5761,16586041,"Sakuya Kotake","2026-08-01 07:07:57",0.77511,2,sakuyakotake
5762,16515625,Mikita,"2026-07-23 01:42:48",0.77511,14,hmikita
5763,16568981,"Thothathri Srinivasan","2026-07-22 15:09:16",0.77511,3,thothathrisrinivasan
5764,16586337,hitosajishiawa,"2026-07-22 15:12:28",0.77511,1,hitosajishiawa
5765,16586416,lihengrer,"2026-07-22 15:32:08",0.77511,1,lihengrer
5766,16586718,"Evanna. N","2026-07-22 16:40:04",0.77511,1,evannan
5767,16586911,MardanfuMardan,"2026-07-22 17:36:47",0.77511,2,mardanfumardan
5768,16587165,NightKing_IITR,"2026-07-24 18:08:20",0.77511,4,nightkingiitr
5769,16586185,"ameen shaikh","2026-07-22 19:33:40",0.77511,4,ameenshaikh
5770,16587315,"Tong Qiu #2","2026-07-22 20:02:30",0.77511,1,textot
5771,16587390,"Keya Shah09","2026-07-22 20:43:56",0.77511,1,keyashah09
5772,16587512,"Brahiam Vargas","2026-07-22 22:14:10",0.77511,1,brahiamvargas
5773,16587532,jjinseokfx,"2026-07-22 22:31:53",0.77511,1,jjinseokfx
5774,16587557,"Elizaveta Popova","2026-07-22 22:46:52",0.77511,1,vepopo
5775,16587625,"Ana Almeida","2026-07-23 00:11:47",0.77511,1,acalmeida
5776,16587716,RRRRRR,"2026-07-23 01:36:36",0.77511,1,rrrrrr1012
5777,16587777,GuranshB,"2026-07-23 01:54:10",0.77511,1,guranshb
5778,16588275,TangHY666,"2026-07-23 14:15:59",0.77511,2,tanghy666
5779,15085905,"Abdulaziz Saleh","2026-07-23 05:15:44",0.77511,2,abdulaziznabilsaleh
5780,16588456,seemeagain,"2026-07-23 05:57:50",0.77511,1,seemeagain
5781,16588674,breadtalk,"2026-07-23 06:57:58",0.77511,1,breadtalk
5782,16588681,"weiqiang zhaoq","2026-07-23 06:59:43",0.77511,1,weiqiangzhaoq
5783,16588878,"amanda khumaira","2026-07-23 07:49:51",0.77511,1,amandakhumaira
5784,16588927,miiiiiiiiiiiiii,"2026-07-23 08:44:41",0.77511,4,miiiiiiiiiiiiii
5785,12343787,"Efe Cullu","2026-07-23 09:27:01",0.77511,2,efecullu
5786,10616891,"Thibault Masson","2026-07-23 09:42:48",0.77511,3,thibaultmasson
5787,16589240,Elinanana,"2026-07-23 09:27:57",0.77511,1,elinanana
5788,16589474,"QunZhuo ","2026-07-23 10:43:42",0.77511,1,qunzhuo
5789,16589495,xici0413,"2026-07-23 12:01:07",0.77511,3,xici0413
5790,16589572,"Tabitha Wilson","2026-07-23 11:16:40",0.77511,1,wilsontab
5791,16589633,"Agnes Chen","2026-07-23 11:39:35",0.77511,1,agneschen114514
5792,16589705,"Mr. KENBER","2026-07-23 12:06:36",0.77511,1,mrkenber
5793,16589907,"Vianney Kakooza","2026-07-23 13:05:38",0.77511,1,vianneykakooza
5794,16589894,"Nick Daniel Ramos","2026-07-23 13:21:55",0.77511,5,nickdanielramos
5795,16589949,"Yansı Evre Yüksel","2026-07-23 13:18:03",0.77511,1,yanevyuk
5796,16589996,Debdeep132,"2026-07-23 13:38:46",0.77511,1,debdeep132
5797,16590012,"Ngô Gia Bảo","2026-07-23 13:43:55",0.77511,1,ngbao07
5798,16590056,Nicosto,"2026-07-23 13:57:22",0.77511,1,nicosto
5799,16590082,"Rohansharma 77777","2026-07-23 14:08:06",0.77511,1,rohansharma77777
5800,16585842,Aria@2604,"2026-07-23 14:21:47",0.77511,2,aria2604
5801,16590179,"Juan Carlos Delgado","2026-07-23 14:35:46",0.77511,1,juancarlosdp
5802,16590263,G1251432911,"2026-07-23 15:03:33",0.77511,1,g1251432911
5803,16590348,RAVI-Nanjaiah,"2026-07-23 15:33:16",0.77511,1,ravinanjaiah
5804,16590437,"Zeynep Serra Akkaya","2026-07-23 16:06:31",0.77511,1,zeynepserra
5805,16590951,"Sashini Weliketiya","2026-07-23 19:06:28",0.77511,1,sashiniweliketiya
5806,16591135,Stroumf3,"2026-07-23 20:50:37",0.77511,1,stroumf3
5807,16591203,"Kayla Vrabec","2026-07-23 21:25:26",0.77511,1,kjvrabec
5808,16591230,simoncaruso99,"2026-07-23 22:03:03",0.77511,1,simoncaruso99
5809,16591339,"Primo Pelczynski","2026-07-23 23:23:47",0.77511,1,primopelczynski
5810,16591306,"Munazar Mohamed","2026-07-24 00:14:16",0.77511,4,munazarmohamed
5811,16591367,"Ednardo Peixoto - INSURTECH","2026-07-25 16:27:30",0.77511,2,ednardopeixoto
5812,16591396,"Rizvan A.","2026-07-24 00:10:04",0.77511,1,arizvan
5813,16591443,"Zhongliang Sun","2026-07-24 00:58:51",0.77511,1,zhongliangsun
5814,16591456,"Dona EA","2026-07-24 01:07:46",0.77511,1,donaea
5815,16591483,bryanzhao08,"2026-07-24 01:21:48",0.77511,1,bryanzhao08
5816,16591487,iwannabebolt,"2026-07-24 01:22:49",0.77511,1,iwannabebolt
5817,13374836,"Daniel Mut","2026-07-24 02:05:31",0.77511,1,danielmut
5818,16591615,"Ayesha Mumtaz","2026-07-24 02:34:46",0.77511,1,ayesha01057
5819,16591643,"Noah #11","2026-07-24 02:52:19",0.77511,1,noahgutch
5820,16592128,"Kevin Yin #3","2026-07-24 05:18:39",0.77511,1,kevyin30
5821,16592134,"emma lyu","2026-07-24 05:21:03",0.77511,1,emmalyu07
5822,16592477,"nji qwee","2026-07-24 07:10:12",0.77511,1,njiqwee
5823,16592777,masaki_abeja,"2026-07-24 08:13:48",0.77511,1,masakiabeja
5824,16592795,nondesu,"2026-07-24 08:18:11",0.77511,1,nondesu
5825,16592809,るんるんバ,"2026-07-24 08:22:51",0.77511,1,takada101010
5826,16592867,"Giulia De Santis","2026-07-24 08:35:20",0.77511,1,giuliadesantis03
5827,16592868,Arbaaz007,"2026-07-24 08:35:37",0.77511,1,arbaaz007
5828,16593125,"Muhammad Zulfikar AR","2026-07-24 09:40:34",0.77511,1,muhammadzulfikarar
5829,16593135,"Kevin Lin #8","2026-07-24 09:44:05",0.77511,1,xtkevinlin
5830,16593219,"Biel Serrano","2026-07-24 10:07:14",0.77511,1,astronautpotato
5831,16593275,"Srinithi Vijayakumar","2026-07-24 10:33:55",0.77511,1,srinithisrimathi
5832,16593299,mkanevskii,"2026-07-24 10:42:28",0.77511,1,mkanevskii
5833,16593321,"Sankalp Yerigeri","2026-07-24 10:51:18",0.77511,2,sankalpyerigeri
5834,16593495,"Holik Balazs","2026-07-24 11:54:06",0.77511,1,holikbalazs
5835,16593578,yoga08,"2026-07-24 12:11:02",0.77511,1,yoga08
5836,16593747,Fushigimizu,"2026-07-24 12:55:38",0.77511,1,fushigimizu
5837,16593793,farokkoraf,"2026-07-24 13:08:05",0.77511,1,farokkoraf
5838,16593887,"SADAF MALIK","2026-07-24 13:37:25",0.77511,1,sadafmalik1234
5839,16593928,G1251430010,"2026-07-24 13:55:57",0.77511,2,g1251430010
5840,16593957,"Abdulaziz Khaled","2026-07-24 14:00:26",0.77511,1,azizammourah
5841,16594000,amirhossein,"2026-07-24 14:11:35",0.77511,1,amirhossein123
5842,16594015,NorthernBei,"2026-07-24 14:14:11",0.77511,1,northernbei
5843,16594045,"Gwennan Thomas","2026-07-24 14:23:39",0.77511,1,gwennanthomas
5844,16594061,Savoie,"2026-07-25 16:03:33",0.77511,5,poires
5845,16594104,"kaggle #5","2026-07-24 14:38:29",0.77511,1,kaggle23610740333
5846,16594333,Oliviacecon,"2026-07-24 15:51:27",0.77511,1,oliviacecon
5847,16594337,DriveHost24,"2026-08-07 15:00:28",0.77511,20,drivehost24
5848,16594479,"Kwesi #2","2026-07-24 16:42:43",0.77511,1,pekay235
5849,16594516,"Aryan Chande","2026-07-24 16:53:18",0.77511,1,aryanchande
5850,16594539,"Abhishek Kumar #46","2026-07-24 17:20:09",0.77511,7,abhish20
5851,16594723,"Hector Manuel Hernández Narváez","2026-07-24 17:54:53",0.77511,1,hmanueln
5852,16594080,Ilkemyy,"2026-07-24 18:05:55",0.77511,2,ilkemyy
5853,16594784,Waizcorn,"2026-07-24 18:10:36",0.77511,1,waizcorn
5854,16595001,"Theus Snows","2026-07-24 19:21:53",0.77511,1,theussnows
5855,16595060,"Jeanne Bilap-Nsegbe","2026-07-24 19:47:46",0.77511,1,jeannebilapnsegbe
5856,16595385,"Mario #7","2026-07-24 22:30:02",0.77511,1,lilpiggy2018
5857,16596562,"harry steele","2026-07-25 02:22:35",0.77511,1,harrysteele12
5858,16596583,"Fábio Dias Soares","2026-07-25 02:32:55",0.77511,1,fbiodiassoares
5859,16596586,JasonH33,"2026-07-25 02:34:40",0.77511,1,jasonh33
5860,16596598,"Alex Huynh #2","2026-08-14 02:58:24",0.77511,3,cactussheepegg
5861,16596654,"Flora #3","2026-07-25 02:54:24",0.77511,1,floraflores
5862,12646705,"Cody Caldwell","2026-07-25 02:57:12",0.77511,1,codycaldwell
5863,16596898,"Jevy Sison","2026-07-25 04:19:37",0.77511,1,jevysison
5864,16597070,eastlake2256,"2026-07-25 05:44:33",0.77511,1,eastlake2256
5865,16597080,"Arman Singh Bhadoriya","2026-07-25 05:48:21",0.77511,1,armansinghbhadoriya
5866,16597086,"Alim Manjiyani","2026-07-25 05:51:59",0.77511,1,manjiyanialim
5867,16597311,zhaozhicong,"2026-07-25 06:58:30",0.77511,1,zhaozhicong
5868,16597327,"Reviant Sharma","2026-07-25 07:24:03",0.77511,2,reviantsharma
5869,16597588,"Divanshu DATA SCIENCE","2026-08-06 18:24:06",0.77511,3,divanshudatascience
5870,16597616,"Gung Meo","2026-07-25 08:19:42",0.77511,1,gungmeo
5871,16597842,"Oleksandra Yazdanfar","2026-07-25 09:27:12",0.77511,1,oleksandrayazdanfar
5872,16598204,Dhruwa84,"2026-07-25 11:12:15",0.77511,1,dhruwa84
5873,16598268,tanuja1838,"2026-07-25 11:33:49",0.77511,1,tanuja1838
5874,16598325,"Mofokeng Karabelo","2026-07-25 11:51:37",0.77511,1,mofokengkarabelo
5875,16598499,dhiaakallel,"2026-07-25 12:43:45",0.77511,1,dhiaakallel
5876,16598590,"Ruier lee","2026-07-25 13:10:51",0.77511,1,ruierlee
5877,16598685,Amvan120,"2026-07-25 13:35:54",0.77511,1,amvan120
5878,13180237,picha,"2026-07-25 14:10:06",0.77511,2,pichaachuu
5879,16598868,BPatt76,"2026-07-25 14:31:32",0.77511,1,bpatt76
5880,16575029,Ryusei_kc,"2026-07-25 14:35:44",0.77511,8,ryuseikc
5881,16599087,yilong1123344,"2026-07-25 15:41:36",0.77511,1,yilong1123344
5882,13931820,"Davina W","2026-07-25 15:59:26",0.77511,1,davinaw
5883,16599195,"Jon Lasley","2026-07-25 16:20:54",0.77511,1,jonlasley
5884,16599443,"Pushpnedra Yadav","2026-07-25 17:53:31",0.77511,1,push124
5885,16599515,"Alex Calvo","2026-07-25 18:24:27",0.77511,1,alexcalvo1008
5886,16599553,ScienceCoder8,"2026-07-25 18:42:56",0.77511,1,karantulaskar
5887,16599712,"some other body ","2026-07-25 20:27:56",0.77511,1,someotherbody
5888,16599766,"NOUR ELDEEN MASOUD","2026-07-25 21:11:31",0.77511,1,noureldeenmasoud
5889,16599788,gmelo_0,"2026-07-25 21:26:00",0.77511,1,gmelo0
5890,16599791,"Andrey Parfenov #2","2026-07-25 21:27:03",0.77511,1,andreyparfenov11
5891,16599806,Nexus.AI,"2026-07-26 18:22:40",0.77511,2,nexusai2026
5892,16599832,"Justin Xin Hilyard","2026-07-25 22:00:31",0.77511,1,justinxinhilyard
5893,16599853,"Tepha palacios","2026-07-25 22:20:36",0.77511,1,tephapalacios
5894,16599985,"Thais Diaz","2026-07-26 00:25:12",0.77511,1,thaisdiaz
5895,16600301,gxc4Real,"2026-07-26 04:07:54",0.77511,1,gxc4real
5896,16600431,"Byron Cruz","2026-07-26 05:13:32",0.77511,1,byroncruz
5897,16600476,"TANZINA AKTER LIZA 2233081327","2026-07-26 05:35:08",0.77511,1,liza327
5898,16600532,"Abdul Wafiy","2026-07-26 06:04:09",0.77511,2,awafiy07
5899,6803903,"Tanguy PEMEJA","2026-07-26 07:04:45",0.77511,1,tanguypemeja
5900,16600858,"Hammad khaliq987","2026-07-26 07:38:43",0.77511,2,hammadkhaliq987
5901,14261542,Ammy007,"2026-07-26 07:40:30",0.77511,1,ammy007
5902,16601082,"Hol Flo","2026-07-26 08:36:08",0.77511,1,holflo
5903,16601377,lllljjj666,"2026-07-26 09:57:03",0.77511,2,lllljjj666
5904,16601501,"Lai Jiang","2026-07-26 10:37:47",0.77511,1,ryouuuuuuu
5905,16601760,arch-villian,"2026-07-26 12:10:17",0.77511,1,archvillian
5906,16601927,"Harsha R #2","2026-07-26 13:30:05",0.77511,2,harshacode0
5907,16601492,liuyuel,"2026-07-26 13:14:32",0.77511,2,liuyuel
5908,16602050,"Chaokai Cao","2026-07-26 13:56:48",0.77511,1,chaokaicao10
5909,16602687,"Alonso Miranda","2026-07-26 17:12:59",0.77511,1,alonsomg7499
5910,16602718,"Mehdi Attaoui","2026-07-26 18:21:56",0.77511,2,attaouimehdi
5911,13384107,"Pavel Cherepov","2026-07-26 19:33:04",0.77511,1,pavelcherepov
5912,16603073,Ömer,"2026-07-26 20:15:26",0.77511,1,bolatomer
5913,16603309,"giacomo colosio","2026-07-26 23:40:26",0.77511,1,giacode67
5914,12932022,"Laura C.","2026-07-26 23:45:37",0.77511,1,ljc8631
5915,16603348,"Marcio Pohlmann","2026-07-27 00:09:07",0.77511,1,marciopohlmann
5916,16603380,Mahmoudalaa,"2026-07-27 00:41:32",0.77511,1,mahmoudalaa12
5917,15503449,"Klim Popov #2","2026-07-27 02:18:26",0.77511,1,sekutor
5918,16603543,"Rizqi Shofi","2026-07-27 02:24:56",0.77511,1,rizqishofi
5919,16603563,"BEINING HU","2026-07-27 02:34:42",0.77511,1,beininghu
5920,16603591,sanemivivek,"2026-07-27 03:01:17",0.77511,1,sanemivivek
5921,16603648,"Nizar Modje","2026-07-27 03:14:40",0.77511,1,nizarmodje
5922,16603792,"Takaya Kanzaki","2026-07-27 04:18:25",0.77511,1,tkanzaki
5923,16603888,"Hiroto #5","2026-07-27 05:01:07",0.77511,1,thiroto00245
5924,16604161,usususu,"2026-07-27 06:13:07",0.77511,1,usususu
5925,16604280,"25F1002436 SIVA PRIYA S","2026-07-27 06:45:11",0.77511,1,sivapriyas2692
5926,16604345,"Alfonsus Erhan Cahyana","2026-07-27 07:02:06",0.77511,1,alfonsuserhancahyana
5927,16604593,"Arafath Hussain Tushar","2026-07-27 07:52:23",0.77511,1,arafathhussaintushar
5928,16604726,"Le Quang Vu","2026-07-27 08:32:58",0.77511,1,lquangvu125
5929,16604851,"Helen He","2026-07-27 09:05:40",0.77511,1,hellenq
5930,16604892,mukundhk7,"2026-07-27 09:19:05",0.77511,2,mukundhk7
5931,15909778,nichenyu,"2026-07-27 09:22:54",0.77511,1,nichenyuabcd
5932,16604931,"Muhammad Nauman #3","2026-07-28 07:00:34",0.77511,3,mnauman851
5933,16604937,"Takaya Kanzaki #2","2026-07-27 09:27:31",0.77511,1,takayakanzaki
5934,16604944,"Amirul Khoiri","2026-07-27 09:29:42",0.77511,1,amirulkhoiri
5935,16605073,"[Deleted] 9c3576dc-a9dd-4222-ad5f-7af1fb7a51f9","2026-07-27 09:52:47",0.77511,1,del=925cd36b82d02faf
5936,16605128,"Jinrui Zhang","2026-07-27 10:54:47",0.77511,2,jzha0695
5937,16605169,rash,"2026-07-27 10:22:30",0.77511,1,rash0x6964
5938,16605340,heeyoungbae,"2026-07-27 11:15:09",0.77511,2,heeyoungbae
5939,16605396,zhouzhou-cpu,"2026-07-27 11:19:27",0.77511,1,zhouzhoucpu
5940,16605438,"MOHAMED ABDOU","2026-07-27 11:28:25",0.77511,1,mohamedabdou1197
5941,16605644,"sourav bijoy","2026-07-27 12:41:45",0.77511,1,souravbijoy
5942,16605647,"Hugo Reysset","2026-07-27 12:42:03",0.77511,1,hugoreysset
5943,16605687,"sdco sdco","2026-07-27 12:59:25",0.77511,1,sdcosdco
5944,16605916,"pi addle","2026-07-27 14:05:02",0.77511,1,pieaddle
5945,16605934,"Meet Kachhiya","2026-07-28 14:42:16",0.77511,2,meetkachhiya
5946,16606004,"Vlad Rym","2026-07-28 11:34:28",0.77511,2,vladrym
5947,16606011,"tangtang zhao","2026-07-27 14:29:21",0.77511,1,luanshanimen
5948,16606016,"Ebi Rexhepi","2026-07-27 14:29:49",0.77511,1,ebirexhepi
5949,16606168,"Camilo Pobliti","2026-07-27 15:07:57",0.77511,1,camilopobliti
5950,16606200,"N Dean","2026-07-30 10:05:45",0.77511,3,njdean
5951,16606211,"Abdullah Daoud","2026-07-27 15:19:42",0.77511,1,abdullahdaoud
5952,16606234,Reaper142857,"2026-07-28 11:38:32",0.77511,3,reaper142857
5953,16606421,"Divyanshu Sharma #3","2026-07-27 16:30:22",0.77511,1,divyanshusharma9
5954,16606763,"Franyer Arreaza","2026-07-27 18:24:20",0.77511,1,franyerarreaza
5955,16606767,"Hamza BOUYESSEF","2026-07-27 18:46:57",0.77511,3,hamzabouyessef
5956,15316452,"Stefanos Karamperas","2026-07-30 12:26:00",0.77511,7,stefanoskaramperas
5957,16606945,"Vasiliki Skandali","2026-07-27 19:47:35",0.77511,1,vickyskn
5958,16606949,"saugat jung","2026-07-27 19:50:25",0.77511,1,saugatjung
5959,16606928,"Pranesh #3","2026-07-27 19:56:08",0.77511,3,pranesh1001
5960,16607006,"Mahi Mridha","2026-07-27 20:09:11",0.77511,1,mahimridha
5961,16607107,"Willytony Muluko","2026-07-27 20:46:26",0.77511,1,willytonymuluko
5962,16607206,"Chamal Ratnayake","2026-07-27 21:44:15",0.77511,2,chamalratnayake
5963,16607208,"Chris Janecki","2026-07-28 00:05:07",0.77511,2,chrisjanecki
5964,16607442,WreckingRobot,"2026-07-28 00:29:46",0.77511,1,wreckingrobot
5965,16607397,"Gustavo RossJ","2026-07-28 00:36:50",0.77511,5,gustavorossj
5966,2184411,ricardoqueiroz,"2026-07-28 01:05:51",0.77511,15,ricardoqueiroz
5967,16607546,"Dhruv Khosla","2026-07-28 01:53:22",0.77511,1,thedhruvkhosla
5968,16607593,G1251430701,"2026-07-28 02:10:36",0.77511,1,reiumemoto
5969,16607604,joseluispuente,"2026-07-28 02:17:59",0.77511,1,pimpollo
5970,16607755,Jefferyl240,"2026-07-28 03:30:17",0.77511,1,jefferyl240
5971,16607789,"Bichen Zhu","2026-07-29 09:09:52",0.77511,3,bichenzhu
5972,16608127,"Kayra Onat","2026-07-28 05:48:51",0.77511,1,kayraonat
5973,16608257,BBANEE,"2026-07-28 06:27:15",0.77511,1,bbanee
5974,16608393,mtakikawa0903,"2026-07-28 07:44:43",0.77511,6,mtakikawa0903
5975,16608426,Rangsh,"2026-07-28 07:27:42",0.77511,2,rangsh
5976,16608547,Songyutai,"2026-07-28 07:59:17",0.77511,4,spongeer
5977,16608523,"Данил Колокольцов","2026-07-28 07:35:38",0.77511,2,abubiboba
5978,16608599,JsonJ__,"2026-07-28 07:53:11",0.77511,2,electrolysis
5979,16608617,"Mohrah Alenazi","2026-07-28 07:57:46",0.77511,2,mohrahalenazi
5980,16608730,peipeiye,"2026-07-28 08:32:37",0.77511,2,ye1452756778
5981,14450279,fwh123456789,"2026-07-29 08:59:53",0.77511,11,fwh123456789
5982,16507678,"Артём Шикаев","2026-07-29 08:34:17",0.77511,4,artemshik
5983,16608869,"Prachi Mann","2026-07-28 08:54:12",0.77511,1,prachimann7
5984,16609187,HopperHops,"2026-07-28 10:22:23",0.77511,1,hopperhops
5985,16609269,huangboyanbyby,"2026-07-28 10:50:06",0.77511,1,huangboyanbyby
5986,16609420,ilikecake_jojo,"2026-07-28 11:33:43",0.77511,2,ilikecakejojo
5987,16609445,hamzatkaya26,"2026-07-28 11:41:28",0.77511,1,hamzatkaya26
5988,16609492,"Nargiz #3","2026-07-28 11:58:37",0.77511,1,nargiz0626
5989,16609556,"Ishika R Dev","2026-07-28 12:17:03",0.77511,1,ishikardev
5990,16609637,"TSABITA ZULFA ASHILA","2026-07-28 12:43:36",0.77511,1,tsabitazulfaashila
5991,16609933,fifthyx30,"2026-07-28 14:09:13",0.77511,1,fifthyx30
5992,16609983,KangxiLiu,"2026-07-28 14:22:15",0.77511,1,kangxiliu
5993,16610004,IEOSI_2000,"2026-07-28 14:28:36",0.77511,1,ieosi2000
5994,16610186,"half sugerrr","2026-07-28 15:08:22",0.77511,1,halfsugerrr
5995,16610290,"Diego Barboza","2026-07-28 20:14:00",0.77511,3,diegocbarboza
5996,16610311,LYilun,"2026-07-28 16:36:27",0.77511,2,lyilun
5997,584334,"Andy 17","2026-07-28 15:42:26",0.77511,2,andyrosales
5998,16610326,"Eason Li_2025","2026-07-28 15:45:38",0.77511,1,easonli2025
5999,16610400,"Dilan Shah","2026-07-28 16:14:52",0.77511,3,dilansh2310
6000,16610685,"Kashish #4","2026-07-28 17:37:54",0.77511,1,kashish0000000
6001,16610949,"Rian Paulo Ferreira Silva","2026-07-28 19:16:39",0.77511,4,rianufv
6002,16611007,"ayush kesarwani","2026-07-28 19:25:12",0.77511,1,ayushkesarwani12
6003,16611114,"Ravi Kumar #9","2026-07-28 20:17:28",0.77511,1,raviikrds
6004,16602150,"Rodrigo Aguiar #2","2026-07-28 20:27:32",0.77511,2,souaguiar
6005,16611323,"Gor Navasardyan","2026-07-28 22:11:25",0.77511,1,gornavasardyan
6006,16611474,HireHeather,"2026-07-29 00:34:03",0.77511,1,hireheather
6007,16611481,"Joao Bast","2026-07-29 00:40:24",0.77511,1,joaobast
6008,16611507,"Tadao Fukuda","2026-07-29 01:06:46",0.77511,2,tadaofukuda
6009,16611770,"Prakalpa Prabhu","2026-07-29 03:20:41",0.77511,1,prakalpaprabhu
6010,16611877,templeman,"2026-07-29 03:39:14",0.77511,1,templeman
6011,16611879,takaD0105,"2026-07-29 03:40:07",0.77511,1,takad0105
6012,11460476,fadedpigeon47,"2026-07-29 03:42:40",0.77511,1,user3425
6013,16611921,misakixxw,"2026-07-29 03:58:45",0.77511,1,misakixxw
6014,16612099,"Tín Lê","2026-07-29 05:16:00",0.77511,1,tinlenhut
6015,16612283,PT2,"2026-07-29 06:12:42",0.77511,1,mulinnan
6016,16612369,"kodai awano","2026-07-29 06:33:24",0.77511,1,haragurokodai
6017,16612557,"Sukrit Goyal","2026-08-13 13:03:37",0.77511,3,sukritgoyal3012
6018,16612622,Wawenn,"2026-07-29 08:09:54",0.77511,2,wawenn
6019,16612624,kelly0913,"2026-07-29 08:09:11",0.77511,1,kelly0913
6020,16612647,"Arnav Umap","2026-07-29 08:15:29",0.77511,1,arnavumap
6021,16612144,AngelaSYKim,"2026-07-29 08:41:20",0.77511,3,angelasykim
6022,16612918,"Lawrence G Collins","2026-07-29 09:25:08",0.77511,1,lawrencegcollins
6023,16613066,luckymans,"2026-07-29 10:08:15",0.77511,1,luckymans
6024,16613102,"Владислав Кухаревич","2026-07-29 10:38:40",0.77511,2,vladyk2008
6025,16613215,"Roma Nurashvili","2026-07-29 10:50:48",0.77511,1,romanurashvili
6026,16613289,"Anuj Agrawal #4","2026-07-29 11:14:18",0.77511,1,agrawalanuj866
6027,16613329,A-Hassan001,"2026-07-29 11:25:42",0.77511,1,ahassan001
6028,11418229,jiashuaiwang,"2026-07-29 11:37:23",0.77511,1,jiashuaiwang
6029,16613425,SachinPatel_OR,"2026-07-29 11:59:48",0.77511,1,sachinpatelor
6030,16613455,SkrrrrTom,"2026-07-29 12:13:32",0.77511,3,skrrrrtom
6031,16613496,"Bardia Azimi","2026-07-30 09:02:39",0.77511,2,bardiaazimi
6032,16613518,._e_.,"2026-07-29 12:27:50",0.77511,1,ewastaken123
6033,16613827,grcombinator,"2026-07-29 14:00:57",0.77511,1,grcombinator
6034,16613886,"Nilay Arioz","2026-08-10 13:55:05",0.77511,2,nilayarioz
6035,16614077,colin_lang,"2026-07-29 14:59:18",0.77511,2,colinlang
6036,16614081,Onlyfarren,"2026-07-29 15:01:42",0.77511,1,onlyfarren
6037,16614185,"Scofiled Lorence","2026-07-29 15:31:10",0.77511,1,scofiledlorence
6038,16579554,"Feliks Bekeshov","2026-07-29 16:26:29",0.77511,2,feliksbekeshov
6039,16614384,Salier1,"2026-07-29 16:29:49",0.77511,1,salier1
6040,16614496,Anstclys,"2026-07-29 17:01:53",0.77511,1,anstclys
6041,16614473,"יונתן סימנדויב","2026-07-29 17:11:06",0.77511,2,qwzakc128284i
6042,16614682,"Adepoju Mubarak","2026-07-29 18:00:13",0.77511,1,adepojumubarak
6043,16614704,"MATTHEW LI","2026-07-29 18:04:06",0.77511,1,matthewli626
6044,16614861,"Rahul Kumar #33","2026-07-29 18:24:08",0.77511,1,rahulk0719
6045,16614959,"Kaedon Chung","2026-07-29 18:42:42",0.77511,1,kaedonchung
6046,16614972,"harshit rana","2026-07-29 18:45:37",0.77511,1,harshitrana67
6047,16616185,"Michael Thai","2026-07-29 21:28:59",0.77511,1,michael1thai
6048,16616260,"Hurshan R","2026-07-29 21:52:41",0.77511,1,hurshanr
6049,13491342,"Evgeny Adamenkov","2026-07-29 21:55:03",0.77511,1,evgenyadamenkov
6050,16616536,"Joshua Partido","2026-08-03 01:46:58",0.77511,2,jpdev69
6051,16616573,"Minori Furuhashi","2026-08-04 01:38:46",0.77511,2,minorifuruhashi
6052,16616740,"Oscar Ang","2026-07-30 02:25:28",0.77511,1,oscarang
6053,16616743,Thaxton3,"2026-07-30 02:26:29",0.77511,1,thaxton3
6054,16616680,"Vadim #9","2026-07-30 03:21:54",0.77511,4,onediamond
6055,16616769,"Hetong Dai (David)","2026-07-30 02:38:25",0.77511,2,hetongdaidavid
6056,16617261,"Aman Kumar #27","2026-07-30 05:31:41",0.77511,1,amankumar2303
6057,16617648,"soham khrt","2026-07-30 06:37:35",0.77511,2,sohamkhrt
6058,16617675,"Mengyang XU","2026-07-30 06:46:23",0.77511,1,mengyangxu7
6059,16617721,h4zerr,"2026-07-30 07:00:25",0.77511,1,h4zerr
6060,16617730,"[Deleted] e589161d-db83-4867-9b69-c996222f3f2b","2026-07-30 07:02:18",0.77511,1,del=161278f831760ee0
6061,16617824,"Edwin Joseph","2026-07-30 07:27:41",0.77511,1,edwinjosf
6062,16617836,"Vedant Songire","2026-07-30 07:31:26",0.77511,2,vedantsongire
6063,15410960,xin-01-01,"2026-07-30 07:45:42",0.77511,6,xin0101
6064,16617963,"Natchanon Plengsuree","2026-07-30 08:05:24",0.77511,1,natchanonplengsuree
6065,16618309,"Yogita #2","2026-07-30 09:20:51",0.77511,2,yogita8102
6066,16618374,"Meera jose","2026-07-30 09:37:20",0.77511,1,meerajose2021
6067,16618380,"Phakin Chawanpunya","2026-07-31 13:54:03",0.77511,2,phakinchawanpunya
6068,16618577,"Hannes Pilser","2026-07-30 10:31:20",0.77511,1,hannespilser
6069,16618615,verifiedsloth,"2026-07-30 10:38:13",0.77511,1,verifiedsloth
6070,16618618,"Xuanyi Pei","2026-07-30 10:39:43",0.77511,1,xuanyipei
6071,16618667,"Liam Yang","2026-07-30 11:30:55",0.77511,2,stonepumpkins
6072,16618911,"Mattew Sorokin","2026-07-30 11:49:48",0.77511,1,mattewsorokin
6073,16618934,"JAI DOI","2026-07-30 11:54:14",0.77511,1,jaidoi
6074,16619172,"Jad EL ALJ","2026-07-30 12:27:47",0.77511,1,jadelalj
6075,16619320,"Lewis Zousss","2026-07-30 14:39:30",0.77511,7,lewiszousss
6076,16619800,ghardhudo,"2026-07-30 14:22:01",0.77511,1,ghardhudo
6077,16619875,wuzeyurq,"2026-07-30 14:28:56",0.77511,1,wuzeyurq
6078,16620197,Zenzzzz,"2026-07-30 15:00:02",0.77511,1,zenzzzz
6079,16620545,"Prof. Dr. Jefferson T.","2026-07-30 15:32:49",0.77511,1,profdrjeffersont
6080,16620821,s_kento,"2026-07-30 15:54:01",0.77511,1,skento14
6081,16621132,"Abdulazeez AbdulMumeen","2026-07-30 16:22:07",0.77511,1,ayobeen
6082,16621436,Vesperon1145,"2026-07-30 16:48:21",0.77511,1,vesperon1145
6083,16621527,"Fermin Duran","2026-07-30 17:04:01",0.77511,1,ferminduran
6084,16621564,"Harshita Bishnoi","2026-07-30 17:09:22",0.77511,1,harshita2900
6085,16622948,AlexandreSH,"2026-07-30 19:50:07",0.77511,1,alexandresh
6086,16622958,"Edmond Ngayo Nana","2026-07-30 19:53:09",0.77511,1,edmondngayonana
6087,16623155,"Marios Here","2026-07-30 21:20:43",0.77511,1,marioshere
6088,16623253,"Brogan Rey","2026-07-30 22:07:13",0.77511,1,broganrey
6089,16623293,"Tomás Di Minico","2026-07-30 22:21:56",0.77511,1,tomsdiminico
6090,7346839,nusjan,"2026-07-30 23:54:56",0.77511,1,nusjan
6091,13289006,Sarveshpatil2622,"2026-07-31 01:08:59",0.77511,1,sarveshpatil2622
6092,16616653,"xu j1ayang","2026-07-31 03:20:26",0.77511,5,xuj1ayang
6093,16624043,"jhihhao yang","2026-07-31 03:50:36",0.77511,1,jhihhaoyang
6094,16624085,"Muhammad Erlangga Gunawan","2026-07-31 04:08:17",0.77511,1,l1lx13
6095,16539289,渡瀨大翔,"2026-07-31 04:36:36",0.77511,7,taisyo1117
6096,16624307,"SOO KANG SHI","2026-07-31 04:49:40",0.77511,1,sookangshi
6097,16624917,"beomjin #2","2026-07-31 06:00:11",0.77511,1,aterio14
6098,16625055,"priyadarshani chougule","2026-07-31 06:35:02",0.77511,1,priya7566
6099,16625698,"Nicoo Zhang","2026-07-31 07:10:05",0.77511,1,nicoozhang
6100,16625722,"Aiswarya A D","2026-07-31 07:11:17",0.77511,1,aiswaryaad
6101,16625839,"Manjunath BR","2026-07-31 07:16:05",0.77511,1,manjunathbangalore
6102,7648730,"Dominic liu","2026-07-31 08:01:01",0.77511,1,dominic789654
6103,14826973,"Mehmet Akif Kapsız","2026-07-31 08:11:59",0.77511,1,mehmetakifkapsz
6104,16628018,"Achaz von Hardenberg","2026-07-31 08:41:52",0.77511,1,achazvonhardenberg
6105,16629020,August0422,"2026-07-31 09:37:36",0.77511,5,august0422
6106,4859664,Juliarty,"2026-07-31 09:47:29",0.77511,1,juliarty
6107,16629608,"_Alexander_ _Goralex_","2026-07-31 09:49:47",0.77511,1,alexandergoralex
6108,16630432,"Ibrahem Mjali","2026-07-31 10:55:04",0.77511,1,ibrahemmjali
6109,16630757,"Ricardo #5","2026-07-31 11:58:57",0.77511,1,chenricardo
6110,16630831,"Johanna #2","2026-07-31 12:15:18",0.77511,1,johannavictoria
6111,16630848,"Moustapha Djiam Sagne","2026-07-31 12:20:41",0.77511,1,moustaphadjiamsagne
6112,16630789,"davywavey davywavey","2026-07-31 12:34:58",0.77511,4,davywaveydavywavey
6113,16629954,"El Dondo","2026-07-31 13:36:18",0.77511,4,eldondo
6114,16632155,"Baskets Galore","2026-07-31 14:32:40",0.77511,1,basketsgalore
6115,16632221,yuwiwif,"2026-08-05 14:02:25",0.77511,3,yuwiwif
6116,16632288,MoroHiro,"2026-07-31 15:04:27",0.77511,1,morohiro
6117,16632336,"kanduri.lakshmi priya","2026-07-31 15:14:16",0.77511,1,kandurilakshmipriya
6118,16632415,"Got Fizer","2026-07-31 15:34:56",0.77511,1,gotfizer
6119,16632449,"yongping wang","2026-07-31 15:42:34",0.77511,1,yongpingwang
6120,16632512,"azmi #2","2026-07-31 16:06:04",0.77511,1,azmibjbr
6121,16632674,"Tanner Hutchinson","2026-07-31 16:42:44",0.77511,1,tannerhutchinson
6122,16632722,"Stefan Kreitmayer","2026-07-31 16:55:02",0.77511,1,stefankreitmayer
6123,16632806,"Luigi Penchiari","2026-07-31 17:20:29",0.77511,1,luigipenchiari
6124,16632859,"S. Gregory","2026-07-31 17:34:31",0.77511,1,linmy1
6125,16606074,4R1N,"2026-07-31 18:02:38",0.77511,4,archawinkerddee
6126,16632969,"Punita Nadar","2026-07-31 18:08:26",0.77511,1,punitanadar
6127,16633112,"Dara #4","2026-07-31 18:56:25",0.77511,1,racalaa
6128,16633333,"Utpal Lochan Das","2026-07-31 20:23:58",0.77511,1,utpallochandas
6129,16633459,cowfungus,"2026-07-31 21:29:59",0.77511,1,cowfungus
6130,16633544,"Bülent Aztekin","2026-07-31 22:44:54",0.77511,1,blentaztekin
6131,16633670,"Shaik Mohammad Mahid","2026-07-31 23:46:42",0.77511,1,shaikmohammadmahid
6132,16633678,physidev,"2026-07-31 23:47:51",0.77511,1,physidev
6133,16633861,"Nicolas de Carvalho","2026-08-04 18:30:48",0.77511,4,nicolas2303
6134,16634375,"Vo Nhat Quang Ta","2026-08-01 04:29:35",0.77511,1,vonhatquangta
6135,16634611,"Hiroki K","2026-08-02 08:32:15",0.77511,2,hirokikdatalab
6136,16634973,"Richard Lim #2","2026-08-01 07:28:17",0.77511,1,hyzzart
6137,16635211,Luke12122003,"2026-08-01 08:28:19",0.77511,1,luke12122003
6138,16635220,"Gromit Yu","2026-08-01 08:48:08",0.77511,3,gromityu
6139,16635239,"Vijay Pathari","2026-08-01 08:35:59",0.77511,1,vijaypathari
6140,16635320,tkpsy_ss,"2026-08-01 08:59:10",0.77511,1,tkpsyss
6141,16635642,jie_quant,"2026-08-01 10:28:11",0.77511,1,jiequant
6142,16506220,aaa123123123aaa,"2026-08-01 11:05:24",0.77511,3,aaa123123123aaa
6143,16635843,"Ильнар Хужахметов","2026-08-04 18:22:18",0.77511,12,twinks69
6144,16636490,tkb0808,"2026-08-01 12:59:02",0.77511,1,takutokoba
6145,16636649,"akshaya krishnaswamy","2026-08-01 13:12:35",0.77511,1,akshayakrishnaswamy
6146,16636682,"Micheal Jayeola","2026-08-01 14:46:30",0.77511,2,michealjayeola
6147,16636741,"shinonome kuro","2026-08-03 07:53:39",0.77511,5,shinonomekuro
6148,16637036,"Mina Niazizadeh","2026-08-01 13:44:22",0.77511,1,mina8888
6149,16637101,"Mofei Yang","2026-08-01 14:10:49",0.77511,3,mofeiyang
6150,16637119,dev_oli_t,"2026-08-01 13:56:25",0.77511,2,devolit
6151,16637366,AranaraF,"2026-08-01 14:17:22",0.77511,1,aranaraf
6152,16619547,"Leon Manuel Töpper","2026-08-10 15:36:42",0.77511,6,leontopper
6153,16637556,"Fardin Hasan","2026-08-08 12:22:21",0.77511,2,unchiha
6154,16637576,"Naman Jain #15","2026-08-01 14:43:36",0.77511,1,alpharapto
6155,16637788,Otgoo,"2026-08-01 15:09:05",0.77511,1,otgonbayarbayansan
6156,16638438,"Parth goel5790","2026-08-01 16:32:31",0.77511,1,parthgoel5790
6157,4421233,Nickos_Kal,"2026-08-01 17:16:36",0.77511,4,nickoskal
6158,6692353,michaelod7,"2026-08-01 17:57:39",0.77511,1,michaelod7
6159,16638902,"ramya sharma ","2026-08-01 18:08:07",0.77511,1,ramyasharma14
6160,16639171,"Zahraa #2","2026-08-01 20:06:11",0.77511,1,zahraaibrahimkh
6161,16639220,"Deniz Tosunoğlu","2026-08-01 20:33:14",0.77511,1,deniztosunolu
6162,16639667,"Gabriel Sheikh","2026-08-02 02:26:29",0.77511,1,gabrielsheikh0
6163,12025645,elizwy,"2026-08-02 03:12:04",0.77511,2,elizwytop
6164,16639841,Grassfx,"2026-08-02 04:06:04",0.77511,1,grassfx
6165,16639846,PRESENT256,"2026-08-02 04:06:58",0.77511,1,present256
6166,16639935,zhuimengren,"2026-08-02 07:57:44",0.77511,4,zhuimengren
6167,16639957,"Shivam Indragadhwala","2026-08-02 04:59:00",0.77511,1,shivamindragadhwala
6168,16640356,"Rahul Choudhary #5","2026-08-02 06:17:17",0.77511,1,rahulchoudhary12345
6169,16640748,"Eluark Luna","2026-08-02 08:46:04",0.77511,1,eluarkluna
6170,16640751,"K64.FTU Đỗ Bảo Phát","2026-08-02 08:46:34",0.77511,1,k64ftubopht
6171,16613504,"Jamal Hussaini ","2026-08-02 09:00:48",0.77511,3,jamal06hs
6172,16640836,"Mithran K","2026-08-02 09:20:07",0.77511,1,mithran16
6173,16641010,yygg2026,"2026-08-02 10:22:54",0.77511,1,yygg2026
6174,16641142,Timofe88,"2026-08-02 11:12:39",0.77511,1,timofe88
6175,16641249,"Kostiantyn Afanasiev","2026-08-02 11:49:23",0.77511,1,kostiantynaf
6176,16641485,"Gaurav Lahoti","2026-08-02 12:43:58",0.77511,1,glahoti
6177,16641701,Sdak,"2026-08-02 13:40:24",0.77511,1,sandeepkaliyath
6178,16641671,"Akemi H0mura","2026-08-02 14:01:50",0.77511,1,akemih0mura
6179,16642342,"Rajdeep Gupta #2","2026-08-02 14:35:45",0.77511,1,rajdeepgupta68
6180,16642963,nnnamori,"2026-08-02 15:37:04",0.77511,1,nnnamori
6181,16642989,VAntonuk,"2026-08-02 15:41:01",0.77511,1,vantonuk
6182,16643677,"Ahmed Ashraf Mohamedy","2026-08-02 17:28:40",0.77511,2,ahmedashrafmohamedy
6183,16643830,"Akash Kumar #13","2026-08-02 17:29:49",0.77511,1,akashkumar74
6184,16643931,muddysage,"2026-08-02 17:44:10",0.77511,1,muddysage
6185,16643949,"Aruna Senanayake","2026-08-02 17:46:22",0.77511,1,arunasenanayake
6186,16644546,"Jevaughn F","2026-08-02 23:01:51",0.77511,1,jevaughnfrith
6187,16644649,"Alexander S #2","2026-08-03 00:05:42",0.77511,1,thealexandertheorem
6188,16644652,"Christopher Odesola","2026-08-03 00:07:05",0.77511,2,christopherodesola
6189,16645246,ethereal102410,"2026-08-05 07:31:22",0.77511,3,ethereal102410
6190,16645658,silence0714,"2026-08-03 06:21:03",0.77511,2,silence0714
6191,16617424,ivy73,"2026-08-04 09:41:26",0.77511,8,ivywonderland
6192,16650958,"Cat Cat","2026-08-03 08:36:40",0.77511,4,cecon123
6193,16651106,小诸葛0415,"2026-08-03 08:35:51",0.77511,1,xzg0415
6194,16651671,WFeng,"2026-08-05 01:57:21",0.77511,2,wfeng123
6195,16651981,mee_abhi,"2026-08-03 10:11:08",0.77511,1,meeabhi
6196,16651986,"Sammy Anagavah","2026-08-03 10:27:24",0.77511,2,sammyanagavah
6197,16652180,"Stanisław Titenko","2026-08-03 10:39:56",0.77511,1,resetko
6198,16652154,nakerbandoleros,"2026-08-03 10:41:02",0.77511,1,nakerbandoleros
6199,16652373,髙荷悠壱,"2026-08-03 12:33:12",0.77511,2,morimol
6200,16652495,"Kohei Tanimoto","2026-08-03 11:50:07",0.77511,1,koheitanimoto
6201,16652510,"Saddam Pinjari","2026-08-03 12:03:37",0.77511,2,saddampinjari
6202,16652696,yuzupipi,"2026-08-03 12:43:57",0.77511,1,yuzupipi
6203,16652800,"Swarnima Kulkarni","2026-08-03 13:14:04",0.77511,1,swarnimakulkarni
6204,16653035,starrycat53,"2026-08-03 14:20:53",0.77511,1,starrycat53
6205,16653063,"KANG ZHIPENG","2026-08-03 14:32:25",0.77511,1,kangzhipeng
6206,16653278,m4rcuss,"2026-08-03 15:35:30",0.77511,1,m4rcuss
6207,16653366,romaraharmon,"2026-08-03 15:51:31",0.77511,1,romaraharmon
6208,16653899,LokeshArumugam,"2026-08-03 16:56:49",0.77511,1,lokesharumugam1984
6209,16653937,"Su Sandar Linn","2026-08-03 17:05:30",0.77511,1,susandarlinn
6210,1349090,viratvish,"2026-08-03 18:26:38",0.77511,1,viratvish
6211,16655026,"nicole #5","2026-08-03 20:43:08",0.77511,1,nicckole
6212,16655127,"Anuar Zouhri","2026-08-03 21:23:00",0.77511,2,anuarzouhri
6213,16655312,"Pretty. 0dd.","2026-08-03 22:53:26",0.77511,1,pretty0dd
6214,16656172,CC_kaggle_v1,"2026-08-04 03:20:29",0.77511,1,cckagglev1
6215,16656604,"Keita Mori #2","2026-08-04 04:39:26",0.77511,1,mory1886
6216,16656905,Kaizinho53,"2026-08-04 05:18:30",0.77511,1,kaizinho53
6217,16656820,"Sherwin Dias","2026-08-04 05:27:10",0.77511,2,sherwindias
6218,16657340,"yao chen","2026-08-04 06:04:32",0.77511,1,underveil
6219,16657647,"Rabnoor TV","2026-08-04 06:34:43",0.77511,1,rabnoortv
6220,16658216,"TUSHAR KUMAR","2026-08-04 07:35:12",0.77511,1,tusharkumar0101
6221,16658305,"[Deleted] aa10a2f6-556c-4d3a-9050-0ae932263c5d","2026-08-04 07:46:42",0.77511,1,del=841e8291b8c445cc
6222,16658590,"Maliha #2","2026-08-04 08:18:58",0.77511,1,malihaworks
6223,16659173,Baichuan,"2026-08-04 09:21:17",0.77511,1,corymcintosh
6224,16659543,Abhishek_1355,"2026-08-04 10:06:19",0.77511,1,abhishek1355
6225,2828694,"Mohammad Ariful Islam","2026-08-04 10:07:55",0.77511,1,kallul
6226,16659601,"Erick Temba","2026-08-04 10:14:20",0.77511,1,ericktemba
6227,16659915,"Никита Ишмекеев","2026-08-04 11:03:14",0.77511,1,nsishmekeev
6228,16660194,"Gokdeniz Colak","2026-08-04 11:46:22",0.77511,1,gokdenizcolak
6229,16660583,kazuchin,"2026-08-04 12:43:25",0.77511,1,kazuchin
6230,16660588,"Sheeraz Ahmed","2026-08-04 12:43:44",0.77511,1,sheerazahmed19
6231,16661021,y8ks2x,"2026-08-04 13:14:20",0.77511,1,y8ks2x
6232,16661133,"Chuan Dinh","2026-08-04 14:27:00",0.77511,3,chuandinh
6233,16661238,siyaraliy,"2026-08-04 13:48:54",0.77511,1,siyaraliy
6234,16661326,"Johnny albert","2026-08-04 14:01:47",0.77511,1,johnnyalbert
6235,16661392,lllkkjjj,"2026-08-04 14:10:03",0.77511,1,lllkkjjj
6236,16661490,pradg73,"2026-08-04 14:35:44",0.77511,2,pradg73
6237,16661653,"Will Read888","2026-08-04 14:55:14",0.77511,1,willread888
6238,16661755,"Om Mule #2","2026-08-04 15:11:52",0.77511,1,ommule202401040619
6239,16662045,ShadowDogee,"2026-08-04 16:00:04",0.77511,1,shadowdogee
6240,16662065,"Sheung Yen Lui","2026-08-04 16:02:33",0.77511,1,sheungyenlui
6241,16662160,ColdPanda168,"2026-08-04 16:23:02",0.77511,1,coldpanda168
6242,256046,LizaSheina,"2026-08-09 16:23:42",0.77511,17,lizasheina
6243,16663100,"Gaurav Mukherjee","2026-08-04 19:06:30",0.77511,1,xdaquaregia
6244,16663341,"Anthony FRERE","2026-08-04 20:06:44",0.77511,1,anthonyfrere
6245,16663581,dmeloca,"2026-08-04 21:10:45",0.77511,1,dmeloca
6246,16663667,"Hanson Cofie","2026-08-04 21:44:21",0.77511,1,hansoncofie
6247,16663817,"Weili Luo","2026-08-04 22:55:01",0.77511,1,weililuo
6248,16663908,"Rafael de Lara","2026-08-04 23:39:48",0.77511,1,rafaeldelara
6249,16663916,"Álvaro Hernández Jarquín","2026-08-04 23:42:53",0.77511,1,bidallei
6250,16663964,"Ayobami Adeyemo","2026-08-05 00:09:48",0.77511,1,adebam45
6251,16006688,"antonio margarete","2026-08-05 00:41:58",0.77511,1,antoniomargarete
6252,16664195,VasanthDev,"2026-08-05 01:46:47",0.77511,1,vasanthdev
6253,16664587,"lllll #3","2026-08-05 03:34:17",0.77511,1,lllll8645
6254,16601846,Aditya_Sharma_262006,"2026-08-12 08:16:40",0.77511,27,adityasharma262006
6255,16665110,"Sophie Boak","2026-08-05 05:29:16",0.77511,1,sophieboak
6256,16665260,"[Deleted] 4b0121a8-799d-4986-b44e-4e1e03d7f673","2026-08-05 06:05:17",0.77511,1,del=536125526f9bfd8b
6257,16665273,golbo7171,"2026-08-05 06:08:22",0.77511,1,golbo7171
6258,16666002,lotus_flame,"2026-08-05 08:07:43",0.77511,1,arunkumarswami
6259,2535223,"Muthu Vinod","2026-08-05 08:31:57",0.77511,1,muthvin
6260,16666259,"Agni Goswami","2026-08-05 08:54:45",0.77511,1,agni20
6261,16666389,shamanth-sr,"2026-08-05 09:10:41",0.77511,1,shamanthsr
6262,16666486,Ronnie_077,"2026-08-05 09:29:06",0.77511,1,ronnie077
6263,16666611,"Xiaotao ZHOU","2026-08-05 09:57:58",0.77511,1,xiaotaozhou2006
6264,16666751,"Abdulrahman Haggam","2026-08-05 10:28:31",0.77511,1,abdulrahmanhaggam
6265,16666820,SevenNation,"2026-08-05 10:35:15",0.77511,1,sevennation
6266,16666892,w1ldfyre,"2026-08-05 10:44:19",0.77511,1,w1ldfyre
6267,16666893,"Panda Pioneer","2026-08-05 10:44:29",0.77511,1,pandapioneer
6268,16667513,a3babo,"2026-08-05 12:09:20",0.77511,1,a3babo
6269,16668222,"Matthew Robinson #2","2026-08-05 13:59:27",0.77511,1,mbrobinson1538
6270,9027420,Storm137,"2026-08-05 15:07:29",0.77511,2,storm137
6271,16668468,ObaidUllah2004,"2026-08-05 14:56:18",0.77511,1,obaidullah2004
6272,15026411,"chrisustomus boimau","2026-08-05 16:08:45",0.77511,1,chrisustomusboimau
6273,16669293,anikond,"2026-08-05 17:03:25",0.77511,1,anikond
6274,16669322,"Chunhao Wang","2026-08-05 17:08:52",0.77511,1,aniksiwang
6275,16669667,YYT_ALEX,"2026-08-05 18:21:51",0.77511,3,yytalex
6276,16669683,"Leandro Zapata","2026-08-05 18:13:11",0.77511,1,leandrozapata
6277,16670074,"Supriya #10","2026-08-05 19:36:30",0.77511,1,supriya212004
6278,16670136,"Henry J","2026-08-05 20:51:18",0.77511,2,henryjenry
6279,16670171,"Lutfunnesha Khatun","2026-08-05 19:59:31",0.77511,1,lutfunneshakhatun
6280,16670343,"Vernon Campbell","2026-08-05 20:35:09",0.77511,1,vernoncampbell
6281,16670644,"Soda Gkoo","2026-08-05 22:11:52",0.77511,1,sodagkoo
6282,16670874,"Vivan Agrawal","2026-08-05 23:45:53",0.77511,1,vivan11
6283,16671109,"Claudia Islas-Vargas ","2026-08-06 00:57:23",0.77511,1,claudiaislasvargas
6284,858701,minuetto,"2026-08-06 03:33:27",0.77511,2,minuetto
6285,16671805,"Jai P #2","2026-08-06 03:43:35",0.77511,1,tolearnallthethings
6286,16672024,"Manthan Shah #2","2026-08-13 04:12:06",0.77511,2,manthanshah30
6287,16672140,kiyaaan,"2026-08-06 04:41:02",0.77511,1,kiyaaan
6288,16672409,1251413739,"2026-08-06 05:37:24",0.77511,1,gifu1251413739
6289,16672585,"Sweet Destinyv","2026-08-06 06:04:20",0.77511,1,sweetdestinyv
6290,16672695,"hmhm #2","2026-08-06 06:21:55",0.77511,1,usom4tsu
6291,16672625,"samaneh kavianfar","2026-08-06 07:05:07",0.77511,5,samanehkavianfar
6292,16673012,"Supriya ","2026-08-06 07:00:30",0.77511,2,supriya2367
6293,16673188,Star4rell,"2026-08-06 07:22:24",0.77511,1,star4rell
6294,16673211,"Connor Dykes","2026-08-06 07:26:50",0.77511,1,connordykes1
6295,16673219,HQFYOU,"2026-08-06 07:28:00",0.77511,1,hqfyou
6296,16673389,fujisansan,"2026-08-06 07:47:30",0.77511,1,fujisansan
6297,16673398,PAZUITO,"2026-08-06 07:48:17",0.77511,1,pazuito
6298,16673911,"Michele Nanna","2026-08-06 08:25:05",0.77511,1,michelenanna
6299,16673951,Pengkefu,"2026-08-06 08:31:11",0.77511,2,pengkefu
6300,16674254,songjiwon82,"2026-08-06 08:49:17",0.77511,1,songjiwon82
6301,16674502,"Matthew Evangelo","2026-08-06 09:19:59",0.77511,2,matthewevangelo
6302,16674528,Codefused,"2026-08-06 09:19:32",0.77511,1,codefused
6303,16674802,jiangjiang123456,"2026-08-06 10:13:24",0.77511,1,jiangjiang123123
6304,16674970,"Le Duc","2026-08-06 11:05:42",0.77511,2,leeduc3011
6305,16675359,shuangtangdu,"2026-08-06 20:02:05",0.77511,5,shuangtangdu
6306,16675740,HernanBlum,"2026-08-06 13:13:56",0.77511,1,hernanblum
6307,16675903,"einav berenstein","2026-08-06 13:38:53",0.77511,1,einavberenstein
6308,16676174,"Angus Chiang","2026-08-06 14:21:00",0.77511,1,anguschiang
6309,16676218,KimMinjae,"2026-08-06 14:30:03",0.77511,1,kimminjae112358
6310,16676274,"Ali Hosseini #3","2026-08-06 14:46:16",0.77511,2,dralihosseini
6311,16676317,西下酥声,"2026-08-06 14:47:03",0.77511,1,kaiikoii
6312,16676587,"Оганнес Айрапетян","2026-08-06 20:35:03",0.77511,2,hovhannes2002
6313,15555385,"Bo Doi Hoc AI","2026-08-07 03:02:17",0.77511,2,bodoihocai
6314,16677991,"Piyush #11","2026-08-06 17:58:31",0.77511,1,piyushhh0911
6315,16668474,"Nada Annuzaili","2026-08-06 19:22:39",0.77511,2,nadanabeelannu
6316,16678958,"Joel Benson #2","2026-08-06 20:05:11",0.77511,1,joelbenson20
6317,16679321,Aliah.AY,"2026-08-06 21:02:47",0.77511,1,aliahay
6318,16679448,"Daniel Tenorio","2026-08-06 21:28:36",0.77511,1,danieltnorio
6319,16679471,WorldWideCEO,"2026-08-06 21:33:49",0.77511,1,worldwideceo
6320,16679752,"youssef jakoum","2026-08-06 22:33:53",0.77511,1,youssefjakoum
6321,16679854,"Asiya Mas'ud ","2026-08-06 23:02:32",0.77511,1,asiyamasud
6322,16680243,"Alexander Salonich","2026-08-07 00:46:55",0.77511,1,alexandersalonich
6323,16673218,tlstjdus12,"2026-08-07 03:05:30",0.77511,15,tlstjdus12
6324,16680511,"Fire Ye","2026-08-07 01:45:53",0.77511,1,yefire0829
6325,16673276,Ross11111,"2026-08-07 02:26:17",0.77511,13,ross11111
6326,16680751,andrewdouglas9412412,"2026-08-07 03:32:40",0.77511,5,andrewdouglas9412412
6327,12195284,"Andrea Nicole Senson","2026-08-07 02:39:55",0.77511,1,andreanicolesenson
6328,16680801,"Swati Sinha #2","2026-08-07 02:41:55",0.77511,1,swatisinha2
6329,16680803,"JK is on the way","2026-08-07 02:42:15",0.77511,1,jkisontheway
6330,16680823,"Ayush Sawnani","2026-08-07 03:20:14",0.77511,2,ayushsawnani
6331,16680843,leeminjeongkyoung,"2026-08-07 03:31:47",0.77511,10,leeminjeongkyoung
6332,16681134,"Александр Евгеньевич Ремпель","2026-08-07 05:19:21",0.77511,9,naxumsharik
6333,16680970," tlstjdus1221","2026-08-07 03:44:02",0.77511,7,tlstjdus1221
6334,16681185,"Chan Yik","2026-08-07 03:43:18",0.77511,1,chanyikjaw
6335,16681255,"eduard petrosyan","2026-08-07 03:53:58",0.77511,1,eduardpetrosyan90
6336,16681495,"Ikshu Gupta","2026-08-07 04:27:39",0.77511,1,ikshugupta
6337,16289232,BilltheChurch,"2026-08-12 12:41:11",0.77511,2,billthechurch
6338,16681621,"yao anni","2026-08-07 04:44:57",0.77511,1,yaoanni
6339,16682215,ThiLaNguyen,"2026-08-08 03:10:39",0.77511,2,thilanguyen
6340,16682866,rutv07,"2026-08-07 07:18:09",0.77511,1,rutv07
6341,16683258,vi-sion-J,"2026-08-07 08:13:43",0.77511,1,akusakus
6342,16683553,"Zhi Ying here","2026-08-07 08:48:50",0.77511,1,zhiyinghere
6343,16683706,BMinGe,"2026-08-07 09:05:43",0.77511,1,bminge
6344,16684013,"Nick Lammerskitten","2026-08-07 09:52:11",0.77511,1,nicklammerskitten
6345,16684038,"Tran Dai Nghia #2","2026-08-07 09:56:15",0.77511,1,dainghiatran
6346,15867888,"Abass Olatunji Yusuf ","2026-08-07 10:11:22",0.77511,1,abassolatunjiyusuf
6347,16684484,"Vinay Chawla","2026-08-07 11:11:25",0.77511,1,vinay1998
6348,16684520,"Aashit Paliwal","2026-08-07 11:16:40",0.77511,1,aashitpaliwal
6349,16680985,HuyLyA,"2026-08-07 11:18:03",0.77511,2,huylya
6350,16683842,GeHaohua,"2026-08-07 11:33:01",0.77511,3,gehaohua
6351,16684837,zzmydb,"2026-08-07 12:14:47",0.77511,1,zzmydb
6352,16684856,"Никита Пчелин","2026-08-07 12:17:45",0.77511,1,lazyturtelee
6353,16684854,"jiarui zhao","2026-08-07 12:24:48",0.77511,1,waekeee
6354,16680468,Awnir,"2026-08-07 12:25:37",0.77511,3,salamiabdulroqeeb
6355,16685190,cedarYellow,"2026-08-07 13:14:45",0.77511,1,yellowcedar666
6356,16685234,idwk,"2026-08-10 04:13:38",0.77511,3,doirwk
6357,16685276,"Bastien Guillemin","2026-08-07 13:30:09",0.77511,1,bastienguillemin
6358,16685431,littleR,"2026-08-07 14:07:23",0.77511,2,littler568
6359,16685463,gnol_tnh11,"2026-08-07 14:00:50",0.77511,1,gnoltnh11
6360,16685604,"Hadil Senoussaoui","2026-08-07 14:32:10",0.77511,3,hadilsenoussaoui
6361,16685633,watermelonc,"2026-08-09 03:44:09",0.77511,2,watermelonc
6362,16685654,"Jana Hagen","2026-08-07 15:57:40",0.77511,7,janahagen
6363,16685782,WuBai,"2026-08-07 15:14:17",0.77511,2,wubai8571
6364,16685966,"Hussain Sami","2026-08-07 15:22:06",0.77511,1,hussainsami
6365,16686041,jingTuT,"2026-08-07 15:33:45",0.77511,1,jingtut
6366,16686232,"Ricardo Cabrera Muñoz","2026-08-07 15:57:07",0.77511,1,ricardocabreramuoz
6367,16686245,"Alex Herz","2026-08-07 15:59:42",0.77511,1,alexherz
6368,16686618,"Dolev Michael Graizer","2026-08-07 16:52:13",0.77511,1,dolevmichaelgraizer
6369,16686893,"Mikael Gross #2","2026-08-07 17:48:39",0.77511,4,mikgross1
6370,16686934,"Justin Brooman","2026-08-07 17:53:48",0.77511,1,justinbrooman
6371,16686963,"Isle Bennett","2026-08-07 17:57:58",0.77511,1,islebennett
6372,16687217,"Cedric Scheumann","2026-08-07 18:42:25",0.77511,1,cedricscheumann
6373,16687288,"Lubaina Morshed","2026-08-07 18:57:41",0.77511,1,lubainamorshed
6374,16687290,"Stefin A R","2026-08-07 18:58:43",0.77511,1,stefinsar
6375,16505465,"Christopher Lu","2026-08-07 20:12:48",0.77511,2,peregrine7
6376,16687595,JuliusSiede,"2026-08-07 20:24:18",0.77511,1,juliussiede
6377,16685192,"Japman Singh","2026-08-07 20:33:36",0.77511,3,japman001
6378,16687727,trife0907,"2026-08-07 21:14:04",0.77511,1,trife0907
6379,16687728,"ammar warind","2026-08-07 21:25:41",0.77511,3,ammarwarind
6380,16687859,vivaldi,"2026-08-07 21:52:56",0.77511,1,ssong95
6381,16688010,UnhintedSplash,"2026-08-07 22:52:02",0.77511,1,kalebirawan
6382,16688029,"Jake Fain","2026-08-07 22:55:01",0.77511,1,jakefain
6383,16688524,boynextdoor,"2026-08-08 03:11:12",0.77511,1,boynextdoor973
6384,16688644,ShadowWizard,"2026-08-08 03:44:12",0.77511,1,shadowwizard
6385,16674565,Kazumasa,"2026-08-08 04:22:34",0.77511,4,kaaaaazuuuuu
6386,16688835,"kimbumseok ","2026-08-08 04:30:14",0.77511,1,bum0000
6387,16688867,"madiha hussain","2026-08-08 04:38:58",0.77511,1,madihahussain6990
6388,16688901,Rahulll,"2026-08-08 04:48:24",0.77511,1,rahul2777
6389,16688992,"Zophia Maureen Roca","2026-08-08 05:18:52",0.77511,1,ziaroca
6390,16689135,nyankotaku,"2026-08-08 05:51:43",0.77511,1,hisaakimatsui
6391,16689175,"Rohan Zunjruk","2026-08-08 06:02:27",0.77511,1,rohanzunjruk1
6392,15382006,"Jinhyeon Hwang","2026-08-08 06:35:32",0.77511,1,jinhyeonhwang
6393,16689512,"Kayser Hwang","2026-08-08 07:25:57",0.77511,1,ninokuni
6394,16689703,Rontte,"2026-08-08 07:59:49",0.77511,1,rontte
6395,16659869,LCamil,"2026-08-08 09:51:24",0.77511,4,lcamil
6396,16690206,"Rahul kumar #7","2026-08-08 09:41:42",0.77511,2,rahulk1234
6397,16690211,"Zhang Yuanrou","2026-08-08 09:37:05",0.77511,1,zhangyuanrou
6398,16690331,"Dolev Graizer","2026-08-08 10:05:27",0.77511,1,dolevgraizer
6399,16690738,"Nelson Ndelle","2026-08-08 11:44:50",0.77511,2,nelsonndelle
6400,16690870,"Amisha Pandey","2026-08-08 12:07:52",0.77511,1,amishapandey2702
6401,16691100,laservius,"2026-08-08 13:16:25",0.77511,1,laservius
6402,16691113,Syami1l,"2026-08-08 13:20:44",0.77511,1,syami1l
6403,16691127,"Sowmika Kurmana ","2026-08-08 13:23:21",0.77511,1,sowmikakurmana
6404,16690900,"Тимофей #2","2026-08-08 14:01:53",0.77511,2,kqkkqkqq1111
6405,16691444,gremerg,"2026-08-08 14:37:13",0.77511,1,gremerg
6406,16691430,Sid1813,"2026-08-08 14:52:00",0.77511,1,siddharthranganatha
6407,16691561,M.Mahalakshmi,"2026-08-08 15:05:38",0.77511,1,thrive00
6408,16691602,"Abhirami Nair","2026-08-08 15:18:53",0.77511,1,abhiraminairkaggle
6409,16691563,zhouhansjtu1995,"2026-08-08 16:00:19",0.77511,6,zhouhansjtu1995
6410,16691865,Lma005,"2026-08-08 16:16:01",0.77511,1,lma005
6411,16691993,"Jay Vagadiya","2026-08-08 16:42:36",0.77511,1,ukatarsadia
6412,16692091,"tibert io","2026-08-08 17:00:54",0.77511,2,tibertio
6413,16692202,"Shahzeen Karbelkar","2026-08-08 17:26:02",0.77511,3,shahzeenkarbelkar
6414,16692378,"Manan Aggarwal","2026-08-09 16:39:23",0.77511,2,mananagg001
6415,16692541,"Aparajita #3","2026-08-08 18:53:31",0.77511,1,aparajitaks
6416,16692689,"Евгений Сыцевич","2026-08-08 19:47:10",0.77511,2,glorysyntax
6417,16692972,lmv,"2026-08-08 21:37:28",0.77511,1,arturtomczyski
6418,16693189,"Aadya Mishra","2026-08-08 23:57:33",0.77511,1,aadyamishra2011
6419,16693478,Wade2615,"2026-08-13 05:09:32",0.77511,5,wade2615
6420,16693750,Janoop,"2026-08-09 04:44:43",0.77511,1,janoop
6421,16693800,"Eric Chen #12","2026-08-09 04:59:01",0.77511,1,ericchen12221
6422,16693984,Isiwara_27,"2026-08-09 07:33:40",0.77511,3,isiwara27
6423,16694044,"istiaque ahamed","2026-08-09 06:07:53",0.77511,1,istiaqueahamed2
6424,16694111,"Thejake Dissanayake","2026-08-09 06:32:22",0.77511,1,thejakedissanayake
6425,16694119,"Farhan Fauzul Adzim","2026-08-09 06:34:21",0.77511,1,farhanfauzuladzim
6426,16694172,yakiniku555,"2026-08-10 02:45:32",0.77511,2,yakiniku555
6427,16694234,"Jeremy Kr","2026-08-09 06:56:12",0.77511,1,jeremykr1
6428,16694274,"Ali Asghar Nafe","2026-08-09 07:04:24",0.77511,1,aliasgharnafe
6429,16694280,前田勇太郎,"2026-08-09 07:05:17",0.77511,1,yutaromaeda
6430,16694188,"Aayush Raj #2","2026-08-09 13:21:51",0.77511,3,aayushraj77
6431,16694858,SemenLev,"2026-08-09 09:11:29",0.77511,4,semenlev
6432,16695048,waterike,"2026-08-09 09:48:43",0.77511,2,waterike
6433,16695162,MinhHien18,"2026-08-09 14:20:51",0.77511,2,minhhien18
6434,16695209,"rehan #2","2026-08-09 10:24:34",0.77511,1,rehanio
6435,16695299,"Bensu Kocatepe","2026-08-09 10:49:08",0.77511,1,bensukocatepe
6436,16695808,"Elon YI","2026-08-09 12:30:25",0.77511,1,elonyi
6437,16695910,Lil_Diablo,"2026-08-09 12:51:10",0.77511,1,lildiablo
6438,16695915,rudykane,"2026-08-09 12:52:23",0.77511,1,rudykane
6439,16696064,"Georges Mano Dornian","2026-08-09 13:14:29",0.77511,1,georgemanodournayan
6440,16696214,"Carlos #17","2026-08-09 14:36:13",0.77511,3,pentacode
6441,16696278,noise27,"2026-08-09 13:57:26",0.77511,2,noise27
6442,16696597,"Jeisa Mathew","2026-08-09 14:53:29",0.77511,1,jeisamathew
6443,16696735,josephbelajards,"2026-08-09 15:20:33",0.77511,1,josephbelajards
6444,16661656,Niftyyy,"2026-08-09 15:29:42",0.77511,6,niftyyy
6445,16696831,"Rund Ali","2026-08-09 15:38:08",0.77511,1,rundali1
6446,16696868,Frosty,"2026-08-09 15:45:15",0.77511,1,frostycloud255
6447,16696924,"Diyar Daruish","2026-08-09 15:58:58",0.77511,1,diyardaruish
6448,16696938,GIFAIS,"2026-08-09 16:02:14",0.77511,1,gifais
6449,16697045,"Marcus Davanco","2026-08-09 16:22:51",0.77511,1,marcusdavanco
6450,15314534,"Luca Lullo","2026-08-13 16:10:00",0.77511,19,lucalullo
6451,16697123,"Ansh Gupta #4","2026-08-09 16:36:55",0.77511,1,anshhh01
6452,16697126,Kentjp1,"2026-08-09 16:37:30",0.77511,1,kentjp1
6453,16697189,"Aryan Tahirkheli","2026-08-09 16:51:50",0.77511,1,aryantahirkheli
6454,16697278,As_a_freebyrd,"2026-08-09 17:09:26",0.77511,1,asafreebyrd
6455,16697615,Hasnaul,"2026-08-09 18:45:05",0.77511,1,hasnaul
6456,16697727,"Sarang Meshte","2026-08-09 19:23:30",0.77511,1,sarangmeshte
6457,16697734,utkarshmsingh,"2026-08-09 19:25:52",0.77511,1,utkarshmsingh
6458,16697812,Kafk11,"2026-08-09 20:10:18",0.77511,3,kafk11
6459,16697869,zbrek0000,"2026-08-09 22:03:43",0.77511,10,zbrek0000
6460,16697942,"Raye D Shen","2026-08-09 21:04:33",0.77511,1,rayedshen
6461,16698010,"Randy Starkey","2026-08-09 22:17:26",0.77511,2,randystarkey
6462,16698130,"Otokpa Emmanuel Ihotu","2026-08-09 23:23:50",0.77511,1,ihotueo
6463,16698314,Mohid,"2026-08-10 02:17:53",0.77511,1,ranamohidrahman
6464,16698503,"Jason-Binghan Zhang","2026-08-11 03:33:54",0.77511,3,jasonbinghanzhang
6465,16698526,"sudeep c p","2026-08-10 02:58:46",0.77511,1,sudeepcp
6466,16698767,ezhpry,"2026-08-10 04:20:48",0.77511,1,ezhpry
6467,16592515,渡邉　舞,"2026-08-12 02:20:19",0.77511,22,mai112939
6468,16699293,lyndenloz5,"2026-08-10 06:28:12",0.77511,1,lyndenloz5
6469,1167053,"Ryan Chung","2026-08-10 07:13:54",0.77511,3,ryan403
6470,16699234,AcuBens,"2026-08-10 06:51:57",0.77511,2,acubens
6471,16699239,ku.c.ping@gmail.com,"2026-08-10 07:15:41",0.77511,4,kucpinggmailcom
6472,16699241,"WU QUN JIA","2026-08-10 07:14:08",0.77511,3,wuqunjia
6473,16699290,"Wu QianYi","2026-08-10 06:52:39",0.77511,2,kuruku
6474,16699232,hank,"2026-08-10 06:52:40",0.77511,2,hank30311
6475,16699249,danielle79132,"2026-08-10 06:53:19",0.77511,2,danielle79132
6476,16699235,Mick-Yang286,"2026-08-10 07:35:23",0.77511,4,mickyang286
6477,16699270,LucasChung,"2026-08-10 06:54:08",0.77511,2,lucas3943
6478,16699238,jordan1024,"2026-08-10 07:14:21",0.77511,3,jordan1024
6479,16699253,"Huang Chiech Ting","2026-08-10 07:14:00",0.77511,3,huangchiechting
6480,16699501,"Alex Jose Sebastian","2026-08-10 06:57:35",0.77511,2,alexjosesebastian
6481,16699368,"Chiang Cheng You","2026-08-10 07:01:22",0.77511,2,chiangeric
6482,16699275,林柏丞(夜丞),"2026-08-10 07:21:21",0.77511,2,zxc19779190
6483,2668862,hafiz19,"2026-08-10 07:58:19",0.77511,1,hafiz19
6484,16699827,AliceLee25,"2026-08-10 08:11:08",0.77511,1,alicelee25
6485,16700004,louie,"2026-08-10 08:33:46",0.77511,1,luiguitar99632
6486,16700128,Nikita_surovcev,"2026-08-10 09:52:05",0.77511,2,nikitasurovcev
6487,16700266,kkaaaiitto,"2026-08-10 09:11:39",0.77511,1,kkaaaiitto
6488,16700361,sugi0706,"2026-08-10 09:27:00",0.77511,1,sugi0706
6489,16700363,"Yashraj Sangle","2026-08-10 09:27:46",0.77511,1,yashrajsangle
6490,16700488,"Muhammad Shidqie","2026-08-10 09:55:51",0.77511,1,muhammadshidqie
6491,16701067,TanYuan0011,"2026-08-10 12:00:12",0.77511,1,tanyuan0011
6492,16701100,"Oriol Miró Escuder","2026-08-10 12:10:10",0.77511,1,oriolmiro2000
6493,16701114,"Raihan Arroyyan","2026-08-10 12:11:57",0.77511,2,raihanarroyyan
6494,16701151,"tamaki youfor","2026-08-10 12:23:33",0.77511,1,tamakiyoufor
6495,16701017,"George Buckle","2026-08-10 12:50:23",0.77511,2,georgebuckle
6496,16701320,Huayu_LK,"2026-08-10 13:01:02",0.77511,1,huayulk
6497,16701404,"Evan William","2026-08-10 13:21:02",0.77511,1,evanwilliam03
6498,16701283,wqric,"2026-08-10 13:27:08",0.77511,3,wqric1
6499,16701304,"Eziel iris","2026-08-10 13:27:26",0.77511,1,ezieliris
6500,16701539,nalted,"2026-08-10 13:52:15",0.77511,1,nalted
6501,16701705,"Hironori Takagishi","2026-08-10 14:31:40",0.77511,1,hironoritakagishi
6502,16702040,NansHeY,"2026-08-10 15:47:51",0.77511,1,nanshey
6503,16702194,"Jason D Anderson","2026-08-10 16:26:12",0.77511,1,jasondanderson
6504,16702195,PollynKon,"2026-08-10 16:26:14",0.77511,1,pollynkon
6505,16702210,"Katreddy Naga Saahithi","2026-08-10 16:30:25",0.77511,2,saahithikatreddy
6506,16702272,slackman,"2026-08-10 16:51:33",0.77511,1,slackman
6507,16702385,starmo25,"2026-08-10 17:20:46",0.77511,1,starmo25
6508,16702559,"Aarav S","2026-08-10 18:05:47",0.77511,1,aaravcs
6509,16702556,KelvinBarDS,"2026-08-10 18:07:24",0.77511,1,kelvinbards
6510,16702614,"Cæcilie Jagd Ottosen","2026-08-10 18:18:32",0.77511,1,cciliejagdottosen
6511,16702728,sujishaSuresh,"2026-08-10 19:05:27",0.77511,3,sujishasuresh
6512,16702811,"Lama #3","2026-08-10 19:28:05",0.77511,1,romilama
6513,16703150,"Rahmat Ansari","2026-08-10 20:24:28",0.77511,1,enansari
6514,16704470,"Aasheer Magendran","2026-08-10 23:29:22",0.77511,1,aasheermagendran
6515,16704981,"Eddie Wang","2026-08-11 01:48:43",0.77511,1,eddienwang
6516,16705194,"Gavriel Harris","2026-08-11 02:21:55",0.77511,1,gavrielharris
6517,16705376,"Yomna Hussien Aref","2026-08-11 03:36:57",0.77511,1,yomnahussienaref
6518,16705387,"saran karthick","2026-08-11 03:39:58",0.77511,1,saran612
6519,16705542,"Ethan Kosoris","2026-08-11 04:31:09",0.77511,1,ethankosoris
6520,16705781,"Kentaro YAMASHITA","2026-08-11 05:46:03",0.77511,1,kentaroyamashita
6521,16705884,"Christian Willson Aca-ac","2026-08-11 06:07:46",0.77511,1,christianacaac
6522,16705995,erikakvg,"2026-08-11 06:26:09",0.77511,1,erikakvg
6523,16706081,Ayu6523,"2026-08-11 06:46:57",0.77511,1,ayu6523
6524,16706007,"Alden Fatah Athaya","2026-08-11 06:48:05",0.77511,3,aldenfatahathaya
6525,16706174,"Vedant Singhal","2026-08-11 07:11:49",0.77511,1,vedant26s
6526,16706316,"Kazuomi K","2026-08-11 08:01:46",0.77511,2,kazuomik
6527,16689690,河合直樹,"2026-08-11 09:06:28",0.77511,10,jellyfishtokyo
6528,16706419,"Pythaaaa Z","2026-08-11 08:12:41",0.77511,1,pythaaaaz
6529,16706504,caikesouza,"2026-08-13 11:05:37",0.77511,3,caikesouza
6530,16706569,"Luwice M","2026-08-11 08:45:41",0.77511,1,luwicem
6531,16706577,"Pratham Siriyar","2026-08-11 08:49:31",0.77511,2,prathamsiriyar
6532,16706678,"Andi Muhammad Rif'at Ramadhan","2026-08-11 09:03:40",0.77511,1,amrifatramadhan
6533,16706703,"Cecilia wkxx","2026-08-11 09:06:19",0.77511,1,ceciliawkxx
6534,16706792,"YANG BAI","2026-08-11 09:31:09",0.77511,2,yangbai000
6535,16706827,"Yash Kalan","2026-08-11 09:28:03",0.77511,1,tuskv5
6536,16706891,ligoudan12138,"2026-08-11 09:40:38",0.77511,1,ligoudan12138
6537,9654514,"KAI SHUNTARO","2026-08-11 10:08:57",0.77511,1,kaishuntaro
6538,16707140,hisanted,"2026-08-11 10:44:39",0.77511,1,hisanted
6539,16707167,deekshitulu,"2026-08-11 10:52:25",0.77511,1,deekshitulu
6540,16707201,"Marc Llabrés Rubio","2026-08-11 11:00:27",0.77511,1,marcllabrsrubio
6541,16707432,"Naledzani Tshifhesi","2026-08-11 12:00:01",0.77511,1,naledzanitshifhesi
6542,16707459,Bjorn8750,"2026-08-11 12:07:59",0.77511,1,bjorn8750
6543,16707466,Marehman.dev,"2026-08-11 12:14:28",0.77511,2,marehmandev
6544,16707790,nadia,"2026-08-11 13:26:22",0.77511,1,nxd2003
6545,16707798,"pro innovation team","2026-08-11 13:31:42",0.77511,2,proinnovationteam
6546,16707835,"Vishwas H","2026-08-11 13:35:24",0.77511,1,vishwashosamath
6547,16707866,"Rushil Nellore","2026-08-11 13:42:31",0.77511,1,rushilnellore
6548,16707999,"Adil Kairzhan","2026-08-11 14:22:11",0.77511,1,kairsoul
6549,16708253,"shi barry","2026-08-11 15:20:51",0.77511,2,shibarry
6550,16708271,"Ilaria #2","2026-08-11 15:23:49",0.77511,1,ilariagalactica
6551,16708326,hahahaha1111,"2026-08-11 15:37:52",0.77511,1,hahahaha1111
6552,16708483,"Carlos X Paz","2026-08-11 16:03:47",0.77511,1,carlosxpaz
6553,16708497,"Yoann Robert","2026-08-12 21:05:47",0.77511,2,yoannr44
6554,16708668,"Michal Pohanka","2026-08-11 16:50:20",0.77511,1,michalpohanka
6555,16708688,"Labdhi Gathani","2026-08-11 16:52:21",0.77511,1,labdhigathani
6556,16708813,"Kuhu Sharan","2026-08-11 17:13:46",0.77511,1,kuhusharan
6557,16708864,"omran abowady","2026-08-11 17:26:11",0.77511,1,omranabowady
6558,16708936,zakirka123,"2026-08-11 17:50:46",0.77511,1,zakirka123
6559,16694510,"Georgiy Ozhegov","2026-08-11 17:51:08",0.77511,3,geoozh
6560,16709020,ooYASHoo,"2026-08-11 18:37:08",0.77511,2,ooyashoo
6561,16709051,"Salma Hesham","2026-08-11 18:20:47",0.77511,1,salmahmarei
6562,16709129,"MARCUS VINICIUS SILVA DE SOUSA","2026-08-11 18:43:45",0.77511,1,mviniss
6563,16709345,nxgxl1,"2026-08-11 20:12:41",0.77511,1,nxgxl1
6564,16672089,Jingwen（Wendy）,"2026-08-11 20:32:50",0.77511,6,jingwenwendy
6565,528008,"Homin Park","2026-08-11 20:51:28",0.77511,1,powersimmani
6566,16709520,hvardhanx,"2026-08-11 21:53:08",0.77511,1,royalharsh95
6567,16709523,"Amir Youssef","2026-08-11 21:54:00",0.77511,1,o0amir0o
6568,16709734,"Solra Neubauler","2026-08-12 00:24:01",0.77511,1,solraneubauler
6569,16709841,"yupeng Lai","2026-08-12 08:44:51",0.77511,2,pyl666
6570,16709954,robinkools,"2026-08-12 02:17:05",0.77511,1,robinkools
6571,16710034,"Cool Jayden","2026-08-12 02:44:01",0.77511,1,cooljayden
6572,16710251,Nagajothi,"2026-08-12 04:00:29",0.77511,1,ja0944
6573,16710268,"xuntao li","2026-08-12 04:08:22",0.77511,1,xuntaoli
6574,16710364,kota30,"2026-08-12 04:40:31",0.77511,1,kota30
6575,16710736,"fujia yang","2026-08-12 06:27:27",0.77511,1,fujiayangedu
6576,16710911,"lol tupme","2026-08-12 06:56:33",0.77511,1,loltupme
6577,16711088,"Alvian Nur Rizky","2026-08-12 07:02:55",0.77511,1,alviannurrizky
6578,16710811,"Laura Martínez Martínez","2026-08-12 07:45:26",0.77511,3,lauramartnezmartnez
6579,16711619,m00que,"2026-08-13 01:56:01",0.77511,2,m00que
6580,16711911,"Lawrence #8","2026-08-12 09:57:08",0.77511,1,lawmug
6581,16712090,"Yaan lu","2026-08-12 10:45:44",0.77511,1,yaanlu
6582,16712095,"Qingming Meow","2026-08-12 10:46:50",0.77511,1,qingmingmeow
6583,16712232,"Peter Carroll","2026-08-12 11:22:51",0.77511,1,peterc83
6584,16712272,"Thabile Radebe","2026-08-12 11:33:55",0.77511,1,thabileradebe
6585,16712389,ohirokio16,"2026-08-12 12:13:08",0.77511,1,ohirokio16
6586,16712500,"Neha Faisal","2026-08-12 12:42:44",0.77511,1,nehafsl
6587,16712671,ygorko,"2026-08-13 08:07:54",0.77511,3,ygorko
6588,16712740,"Everton Menezes","2026-08-12 13:40:12",0.77511,1,evertonmenezes
6589,16712747,"Grey Wizzard","2026-08-12 13:42:21",0.77511,1,greywizzard
6590,16688935,"Sanjay Suresh","2026-08-12 14:19:41",0.77511,5,sanjaysuresh3311
6591,16712974,"Yusuke Tsukuda","2026-08-12 14:43:59",0.77511,1,yusuketsukuda
6592,16713019,"AHMAD FAIZ MUZAKI -","2026-08-12 14:55:52",0.77511,1,ahmadfaizmuzaki
6593,16713191,"Lakhan Mundari","2026-08-12 15:35:04",0.77511,1,devverify
6594,16713199,"Aadit Ranjan","2026-08-12 15:36:01",0.77511,1,aadyran
6595,16713272,"Sai Sujitha Reddy","2026-08-12 15:49:59",0.77511,1,saisujithareddy
6596,16713387,Salanky,"2026-08-12 16:22:16",0.77511,2,salanky
6597,16713418,"Alexander Odintsov","2026-08-12 16:25:28",0.77511,1,alexanderodintsov
6598,16713522,zwszws,"2026-08-14 02:04:47",0.77511,3,zwszwszwszws
6599,16713715,cmcgrath572,"2026-08-12 17:28:24",0.77511,1,cmcgrath572
6600,16713757,NO.0110WI11,"2026-08-12 17:54:31",0.77511,2,no0110wi11
6601,16714238,"hagiate iniha","2026-08-12 19:44:38",0.77511,1,hagiateiniha
6602,16714296,"Navya Sharma #2","2026-08-12 20:04:35",0.77511,1,dawningmoon15
6603,16714360,Marval,"2026-08-12 20:44:03",0.77511,2,davidqualcosa
6604,16714424,"Miguel Oliver","2026-08-12 21:07:08",0.77511,1,migueloliver
6605,16714445,"Caitlin Carey","2026-08-12 21:18:18",0.77511,1,caitlincarey
6606,16714505,"Elendu Ifeanyi","2026-08-12 21:54:53",0.77511,1,elenduifeanyi
6607,16714519,Titanic_enjoyer,"2026-08-12 22:04:24",0.77511,1,titanicenjoyer
6608,16714548,"Petros Atsas","2026-08-12 22:26:19",0.77511,2,petrosatsas
6609,16714841,"Tiffany Yue","2026-08-12 23:09:33",0.77511,1,tiffanyyue
6610,16714449,"Zehra J. LaForgia","2026-08-12 23:18:13",0.77511,3,zehrajlaforgia
6611,16714883,"Mohammed Aslwiy","2026-08-12 23:33:43",0.77511,5,mohammedaslwiy
6612,16715082,"Abdulrahman ALshami","2026-08-13 00:05:07",0.77511,4,alshami77
6613,16715130,SaiTeja_core,"2026-08-13 00:35:50",0.77511,1,saitejacore
6614,16715253,ayushhh26,"2026-08-13 01:55:48",0.77511,1,ayushhh26
6615,16715366,"yuan xu","2026-08-13 02:57:19",0.77511,3,yxu4902
6616,16715402,"Doguen Kim","2026-08-13 02:58:25",0.77511,1,doguenkim
6617,16715566,"Cleavant Benidect Chua","2026-08-13 04:05:55",0.77511,1,cleavantbenidectchua
6618,16715586,"Ishan Gurav","2026-08-13 04:15:04",0.77511,1,ishangurav
6619,16715748,"erkin  yucel","2026-08-13 05:21:22",0.77511,1,erkinycl
6620,16715978,"Panji Supeno ","2026-08-13 06:23:50",0.77511,1,panjisupeno
6621,16716019,"elias koch","2026-08-13 06:34:45",0.77511,1,eliaskoch
6622,16716039,"Akash Diddi","2026-08-13 06:39:06",0.77511,1,akashdiddi
6623,16716042,Demosc,"2026-08-13 06:39:31",0.77511,1,demosc
6624,16716109,Delulu05,"2026-08-13 06:57:16",0.77511,1,delulu05
6625,16716129,庆秉威1,"2026-08-13 07:05:29",0.77511,1,oicyeycio666
6626,16715722,Angelina986,"2026-08-13 07:57:47",0.77511,10,angelina986
6627,16716359,"Hugues-Thibaut Izere","2026-08-13 08:05:35",0.77511,1,huguesthibautizere
6628,16716461,かわいい女の子,"2026-08-13 08:31:35",0.77511,1,cuteg1rl
6629,16716462,yanzhongpin,"2026-08-13 08:32:18",0.77511,1,yanzhongpin
6630,16716474,"lillian maeda","2026-08-13 08:36:32",0.77511,1,lillianmaeda
6631,16716485,"Kindaichi L","2026-08-13 08:39:44",0.77511,1,kindaichil
6632,16716618,CosmicTitiksha,"2026-08-13 09:13:33",0.77511,1,cosmictitiksha
6633,16716700,Bibibilabu,"2026-08-13 09:28:54",0.77511,1,bibibilabu
6634,16716938,"Jude Ntainjua","2026-08-13 10:21:06",0.77511,1,judentainjua
6635,16717248,"Amber Szeto","2026-08-13 11:59:54",0.77511,1,amberszeto
6636,16717284,alfa_ak,"2026-08-13 12:11:23",0.77511,1,alfaak
6637,16717458,"Gitto Git","2026-08-13 13:09:30",0.77511,1,gittogit
6638,16716554,Chamber477,"2026-08-13 13:25:28",0.77511,2,chamber477
6639,16717518,"Thomas #37","2026-08-13 13:30:21",0.77511,1,th0mas09
6640,16717534,"Tatsuki NAKAZAWA","2026-08-13 13:35:54",0.77511,1,tatsukinakazawa
6641,16717634,myculb,"2026-08-13 14:07:50",0.77511,1,myculb
6642,4671053,"Toshihiro Mihara","2026-08-13 14:15:35",0.77511,1,projectmi2
6643,16717682,kinoenemo,"2026-08-13 14:30:21",0.77511,3,kinoenemo
6644,16717684,K_DHEERAJ_11,"2026-08-13 14:23:08",0.77511,2,kdheeraj11
6645,16717836,areebakhizer148,"2026-08-13 15:01:51",0.77511,1,areebakhizer148
6646,16717866,"Larisa #2","2026-08-13 15:19:41",0.77511,1,aggresiveunicorn
6647,16718291,RATULHASAN1,"2026-08-13 17:11:33",0.77511,1,ratulhasan1
6648,16718637,DeepeshRathi,"2026-08-13 18:58:21",0.77511,1,deepeshrathi
6649,16718674,"Dick Tonye","2026-08-13 19:14:32",0.77511,1,dicktonye
6650,16718689,"Lucenildo dos Santos Forthe Filho","2026-08-13 19:21:30",0.77511,1,nildo3d
6651,16718949,"Adam Xu","2026-08-13 21:06:16",0.77511,1,adamxu210
6652,16719010,"Hikmet Gozaydin","2026-08-13 21:57:13",0.77511,1,hikmetgozaydin
6653,16719093,"Julie Aprill","2026-08-13 23:05:57",0.77511,1,julieaprill
6654,16688212,JB31100,"2026-08-14 00:40:25",0.77511,1,jb31100
6655,16719348,"Noah Weatherton","2026-08-14 01:14:34",0.77511,1,noahweatherton
6656,16719356,"Kay Gillian","2026-08-14 01:18:15",0.77511,1,kaygillian
6657,48876,"Daniel Softjoy Montjoy","2026-08-14 02:23:15",0.77511,7,dmontoy
6658,16719648,"Nanda Kishore Reddy","2026-08-14 03:14:09",0.77511,1,nandakishorereddy1
6659,13777336,"Stardust Edge","2026-06-15 01:24:12",0.77272,1,stardustedge
6660,15697829,Psyche618,"2026-06-15 06:03:05",0.77272,1,psyche618
6661,16355495,baoqihao,"2026-06-15 11:06:33",0.77272,4,baoqihao
6662,16138307,张殿举,"2026-06-20 04:06:06",0.77272,5,zhangdianju
6663,16357044,"Rohita Reddy Kataru","2026-06-15 10:48:40",0.77272,4,rohitareddyk
6664,16358058,"Renya Karasuma","2026-06-15 11:35:56",0.77272,3,renyakarasuma
6665,16360056,MArsuPilmai,"2026-06-15 13:18:39",0.77272,1,marsupilmai
6666,5451262,TREX99,"2026-06-15 14:26:14",0.77272,1,trex99
6667,16368021,"Priyansh Gaur","2026-06-15 20:15:58",0.77272,3,priyanshgaur
6668,16368347,"Jimmy Fuh","2026-06-15 23:12:55",0.77272,3,jimmyfuh
6669,16368424,"Saran #2","2026-06-15 23:20:19",0.77272,4,saranran
6670,16273155,yu_0327,"2026-06-16 01:24:55",0.77272,1,yu0327
6671,15978263,和田真之介,"2026-06-17 09:55:44",0.77272,28,wadashin
6672,16369061,Isaacwsh,"2026-07-07 04:47:50",0.77272,3,isaacwsh
6673,16369194,"Mindful Developer","2026-06-16 04:57:56",0.77272,1,mindfuldeveloper
6674,16369338,BADE_BHAIYA0509,"2026-06-18 07:43:24",0.77272,15,badebhaiya0509
6675,16278793,"OYAIZU Eita","2026-06-16 07:49:12",0.77272,5,oyaizueita
6676,16353840,"jung jaeyoung","2026-06-16 08:48:05",0.77272,8,jungjaey
6677,16370744,ghdaudxor,"2026-06-16 08:57:23",0.77272,1,ghdaudxor
6678,16371934,"Anshu Patel","2026-06-16 12:37:31",0.77272,1,anshupatel2266
6679,16372087,nslv,"2026-06-16 12:53:00",0.77272,1,nslv43
6680,16372344,"Yashvi Patel","2026-06-16 13:18:17",0.77272,1,yashvip2136
6681,16372345,ZhangZhengping,"2026-06-16 13:45:44",0.77272,7,zhangzhengping
6682,16373814,ns0329,"2026-06-16 16:30:42",0.77272,3,ns0329
6683,16374011,"jacko pfitzner","2026-06-16 16:50:40",0.77272,1,jackopfitzner
6684,4798318,denisvee,"2026-06-16 21:44:18",0.77272,2,denisvee
6685,16376706,Salah23,"2026-06-17 03:01:53",0.77272,1,salah23
6686,16378117,"PRABHAKARAN SM","2026-06-17 06:03:12",0.77272,1,prabhakaransm
6687,16378406,"Bhagyashree Khemwani","2026-06-17 06:48:49",0.77272,3,bhagyashreekhemwani
6688,16384069,"Uma Mallikarjuna","2026-06-17 18:47:19",0.77272,1,umamallikarjuna
6689,16384349,"Nathnael Yirga","2026-06-17 21:00:15",0.77272,2,nathnael6
6690,16386073,"Arunav Anand","2026-06-18 04:14:18",0.77272,1,arunavanand
6691,16385936,galaxyeyes70,"2026-06-18 05:40:17",0.77272,2,galaxyeyes70
6692,16386821,"beach safety","2026-06-18 06:46:02",0.77272,1,beachsafety
6693,2543166,"Tanmaya Raj Behera","2026-06-18 07:41:03",0.77272,2,techwing
6694,16388328,ZInat,"2026-06-18 11:19:45",0.77272,2,zinatabd
6695,15059197,lusterpurge,"2026-06-18 14:07:15",0.77272,2,lusterpurge
6696,16389473,"Aly Mokhtari","2026-06-18 14:39:06",0.77272,1,alymokhtari
6697,16389624,Ath0123,"2026-06-19 14:02:46",0.77272,3,ath0123
6698,16389837,"Palash Rai","2026-06-18 16:06:13",0.77272,4,palashrai2612
6699,16389923,"Sakibul Hassan Shovon","2026-06-18 16:15:52",0.77272,1,sakibulhassanshovon
6700,12397849,曹耀仁,"2026-06-18 16:45:37",0.77272,1,luvkww
6701,16390600,"Ejike Uchenna Splendor","2026-06-18 18:06:14",0.77272,1,uchennaejike
6702,16391187,raushancoursework,"2026-06-18 20:56:30",0.77272,1,raushancoursework
6703,16392377,Kayoinano,"2026-06-19 03:30:44",0.77272,2,kayoinano
6704,16393755,"Dilina Weragama","2026-06-21 03:58:01",0.77272,5,dilinaweragama
6705,16158042,"Rhonel Ahomadegbe","2026-06-19 10:53:41",0.77272,4,rhonelahomadegbe
6706,16394489,jiangtianyustar,"2026-06-19 11:58:59",0.77272,2,jiangtianyustar
6707,16395545,100tenge,"2026-06-19 16:09:25",0.77272,3,turtle65198
6708,16395607,"Ansagan Akhat","2026-06-19 16:23:38",0.77272,2,ansaganakhat
6709,16395588,"Daniil Tchetyrkin","2026-06-19 16:45:35",0.77272,7,daniiltchetyrkin
6710,16395866,"Saidazim Saidov","2026-06-19 17:15:28",0.77272,2,saidazimsaidov
6711,16400571,"Zhang yu chang","2026-06-20 08:49:10",0.77272,2,kalen888168
6712,16400953,momoiiiiiiiii,"2026-06-20 09:29:51",0.77272,1,momoiiiiiiiii
6713,16395234,"shakhi 1026","2026-06-20 11:06:25",0.77272,4,shakhi1026
6714,16402150,"Hossein Shad Manaman","2026-06-20 12:57:51",0.77272,1,hosseinshadmanaman
6715,16336539,若松茉由,"2026-06-21 01:33:25",0.77272,6,sqrtmw
6716,16401490,Ataraxia1001,"2026-06-20 15:57:51",0.77272,8,earthstar777
6717,16403365,"Ummey Haney","2026-06-20 16:17:44",0.77272,1,ummeyhaney
6718,16403055,lolxdgfddf,"2026-06-20 17:03:51",0.77272,2,lolxdgfddf
6719,16405248,"Mishima Hiromi","2026-06-21 03:22:25",0.77272,1,hiromimishima
6720,14031407,ebisen1444,"2026-06-21 12:50:27",0.77272,6,ebisen1444
6721,5659881,"Lixuan Mu","2026-06-21 05:44:51",0.77272,2,lixuanmu
6722,16401376,"Kota Kawashima","2026-06-22 13:21:07",0.77272,10,kotakawashima
6723,16406749,"Vaidehi diptesh Patel ","2026-06-21 09:24:32",0.77272,1,vaidehidipteshpatel
6724,16402245,"David Nicklaser","2026-07-13 11:31:28",0.77272,5,dncklsr
6725,16407694,JensGH,"2026-06-21 12:45:03",0.77272,6,jensgh
6726,16407891,kirao2924,"2026-06-21 12:35:28",0.77272,1,kirao2924
6727,16408001,mokumo,"2026-06-21 12:50:52",0.77272,1,mokumo
6728,16408002,"Watanabe Manato","2026-06-21 12:50:55",0.77272,1,watanabemanato
6729,16408003,redbeko,"2026-06-21 12:50:59",0.77272,1,redbeko
6730,16408004,Ayuto1123,"2026-06-21 12:51:20",0.77272,1,ayuto1123
6731,16408005,ipopotato,"2026-06-21 12:51:25",0.77272,1,ipopotato
6732,16408010,"mizuki shoji","2026-06-21 12:52:08",0.77272,1,ruenisct
6733,16408053,chuuhi,"2026-06-21 12:59:28",0.77272,1,chuuhi
6734,16408202,"Thomas Potter","2026-06-21 14:06:46",0.77272,2,rockpaperscissors392
6735,16411344,"Lee JaeHyeon","2026-06-22 07:38:15",0.77272,7,k9vang
6736,16411346,Bomm22,"2026-06-22 06:50:51",0.77272,2,bomm22
6737,16413509,eeeerrrrtt,"2026-06-22 09:42:22",0.77272,1,eeeerrrrtt
6738,15859574,yata87,"2026-07-15 11:32:03",0.77272,7,yata87
6739,16414315,"Denisse Tupac Yupanqui","2026-06-22 16:27:24",0.77272,10,denissetupacyupanqui
6740,16415003,"Huang Zhihao1","2026-06-22 14:27:30",0.77272,1,huangzhihao1
6741,16413793,"NUR AMIRAH MOHD KAMIL","2026-06-22 15:06:34",0.77272,4,nuramirahmohdkamil
6742,16415258,"Chen Anlin","2026-06-25 10:23:34",0.77272,2,chenamao9527
6743,16416765,marykd781,"2026-06-22 21:26:53",0.77272,3,marykd781
6744,5449864,"Abhimanyu Gupta","2026-06-22 20:10:20",0.77272,1,abhiguptaslu
6745,16416922,Shuvra_CSE,"2026-06-22 20:48:48",0.77272,2,shuvracse
6746,16416759,"ivy miller","2026-06-22 21:21:04",0.77272,3,ivymillerrr
6747,16417022,"Артём #2","2026-07-02 20:53:48",0.77272,5,horoshyo
6748,16418990,JiajunSun6666,"2026-06-23 06:51:31",0.77272,9,jiajunsun6666
6749,16210645,halu42,"2026-08-12 07:25:05",0.77272,3,halu42
6750,16419754,"tengge zhang","2026-06-26 08:40:20",0.77272,5,tenggezhang
6751,16420366,"Zhou Caishen","2026-06-23 15:11:11",0.77272,3,zhoucaishen
6752,16422277,"Sandeep Kumar ","2026-06-23 17:04:41",0.77272,1,sandeep029
6753,16422700,"Pranita Amol Jadhav","2026-06-23 18:27:41",0.77272,2,pranitaamoljadhav
6754,16425076,"Joanna Liu #2","2026-06-24 04:09:44",0.77272,1,jooooanna
6755,16426504,"Hossein Gholami #2","2026-06-24 09:23:49",0.77272,1,hosseingholami23
6756,16427429,clxclxclx,"2026-06-24 13:07:00",0.77272,4,clxclxclx
6757,16430355,d j d b d h d,"2026-06-25 05:42:37",0.77272,5,djdbdhd
6758,16431005,Agoni,"2026-06-25 04:42:54",0.77272,1,sarawds
6759,16431628,Jameswwy,"2026-06-25 06:55:53",0.77272,1,jameswwy
6760,16431988,"it22069740 JANAHAN R","2026-06-25 08:50:42",0.77272,4,it22069740janahanr
6761,15720739,"Abdullah Bin Noman","2026-06-25 11:42:55",0.77272,11,abdullahbinnoman
6762,13822855,LIGUOAO,"2026-06-25 15:18:40",0.77272,1,liguoao
6763,16434653,"Crisely Guzman","2026-06-25 18:13:13",0.77272,1,criselyguzman
6764,16435106,"Malu Flores1","2026-06-25 20:28:32",0.77272,1,maluflores1
6765,16435703,"Rocio Cabanas Solis","2026-06-26 01:51:05",0.77272,2,rociocabanassolis
6766,16435833,"Temuulen Uuriinbayar","2026-06-26 07:18:48",0.77272,2,temuulenuuriinbayar
6767,16436685,luoxin666,"2026-06-27 03:08:01",0.77272,9,luoxin666
6768,16437064,"Arthur Chau0","2026-06-26 09:25:54",0.77272,2,arthurchau0
6769,16438309,Breaker32,"2026-06-26 12:53:36",0.77272,1,breaker32
6770,16439740,"Aatharsh Vijaai","2026-06-26 17:31:54",0.77272,1,aatharshvijaai
6771,16440310,JannatulNawrin,"2026-06-26 20:14:40",0.77272,1,jannatulnawrin
6772,16028467,dleksqldleksql,"2026-06-27 00:26:31",0.77272,5,dleksqldleksql
6773,16441662,Litangdz258,"2026-06-27 07:00:05",0.77272,1,litangdz258
6774,16441871,"Aditya Giri #2","2026-06-27 08:02:26",0.77272,2,blah4356
6775,16441852,SectumsempA,"2026-06-27 08:57:10",0.77272,6,sectumsempa
6776,16443251,R9u1st,"2026-06-27 13:32:05",0.77272,1,r9u1st
6777,16443985,"Kamrul Hasan #2","2026-06-27 16:59:24",0.77272,1,kamrulhasanabir
6778,16425314,Tongluoshao,"2026-06-27 17:27:49",0.77272,4,tongluoshao
6779,16446758,toaruUsan,"2026-06-28 12:50:16",0.77272,1,toaruusan
6780,16446923,"Trisha Rawat","2026-06-28 13:52:05",0.77272,2,trisharawat
6781,16447325,"Islam Zholochiev","2026-06-28 15:25:46",0.77272,1,islamzholochiev
6782,16432810,"Mermaid  Sandelson","2026-06-28 15:29:59",0.77272,3,mermaidsandelson
6783,16432603,"Nathan John 1046","2026-07-07 10:40:53",0.77272,22,nathanjohn1046
6784,16448279,"Christian Gomes","2026-06-28 21:06:43",0.77272,4,christiangomes1
6785,16449135,"Yeongho Jeong YHJ","2026-06-29 04:25:49",0.77272,1,yeonghojeongyhj
6786,16451708,yutos1129,"2026-06-29 14:01:48",0.77272,1,yutos1129
6787,13604884,GuilhemD,"2026-06-29 14:16:04",0.77272,2,guilhemd
6788,16461348,"gustavo laube","2026-06-30 18:13:52",0.77272,1,gustavolaube
6789,1324403,"Michael Chavinda","2026-07-01 03:23:51",0.77272,1,mchavinda
6790,16463078,"Jalal Nouri","2026-07-01 04:04:46",0.77272,5,jalalnouri
6791,16464174,"Roy Meshulam","2026-07-01 07:24:27",0.77272,1,roymeshulam
6792,16464249,BangMinKyun,"2026-07-01 07:54:49",0.77272,3,alsrbs1310
6793,16465309,"Nils Näpflin","2026-07-01 10:38:06",0.77272,1,nilsnpflin
6794,16465323,"Kamilzhan Islamov","2026-07-01 11:58:34",0.77272,2,kamilzhanislamov
6795,16466097,"Aastha Attri","2026-07-01 12:12:55",0.77272,1,pixy23
6796,16466159,didoqueen123,"2026-07-01 12:21:27",0.77272,1,didoqueen123
6797,16466506,"Dũng Lường","2026-07-01 14:11:49",0.77272,6,dungluonh
6798,16011804,加藤了大,"2026-07-03 03:19:47",0.77272,8,kaasryou
6799,16472664,zhuangruiling54,"2026-07-02 08:23:17",0.77272,1,zhuangruiling54
6800,16472767,linnuanting50,"2026-07-02 08:42:50",0.77272,1,linnuanting50
6801,16473067,wisniewski,"2026-07-02 12:30:54",0.77272,3,wisniewski
6802,16473164,"Rathini Rajendran1","2026-07-02 10:02:43",0.77272,1,rathinirajendran1
6803,16473206,我困高了,"2026-07-02 10:11:13",0.77272,1,titamism
6804,16473221,lizhifeng27,"2026-07-02 10:13:24",0.77272,1,lizhifeng27
6805,16473931,Umair.Hussain321,"2026-07-02 12:54:01",0.77272,1,umairhussain321
6806,16473943,guozhaoyan,"2026-07-02 12:55:28",0.77272,1,guozhaoyan
6807,16457678,AlanHsu_AI0116,"2026-07-07 07:00:17",0.77272,12,alanhsuai0116
6808,16474087,adongs11,"2026-07-02 13:29:40",0.77272,2,adongs11
6809,16479464,panzishen38,"2026-07-03 02:36:38",0.77272,1,panzishen38
6810,16479495,AsukaAir16,"2026-07-03 02:47:28",0.77272,1,asukaair16
6811,16479500,liukai009,"2026-07-03 02:49:48",0.77272,1,liukai009
6812,16479620,"Masaki Mitsuhiro","2026-07-03 03:34:30",0.77272,1,masakimitsuhiro
6813,16480394,Zzzz,"2026-07-03 07:28:56",0.77272,3,z14706916254
6814,16480482,zgx204620,"2026-07-03 07:24:36",0.77272,2,zgx204620
6815,16480406,Ciosini,"2026-07-03 11:48:58",0.77272,10,ciosini
6816,16384802,"Sarah BeeTee","2026-07-03 22:32:45",0.77272,1,sarahbeetee
6817,16483883,"Phú Trần thiên","2026-07-04 01:28:17",0.77272,3,chotoichoivoi
6818,16484262,ys1234ha,"2026-07-05 03:08:15",0.77272,13,ys138djajaysnf
6819,16484726,"Ruchir Tiwari","2026-07-04 06:31:40",0.77272,1,ruchirtiwari01
6820,16484744,whartww,"2026-07-04 06:35:54",0.77272,1,whartww
6821,16485048,liantu123,"2026-07-04 07:57:08",0.77272,1,liantu123
6822,16485537,lianq36,"2026-07-04 11:48:11",0.77272,2,lianq36
6823,16485930,"Saubhagya Shashank","2026-07-04 12:17:54",0.77272,1,saubhagyashashank
6824,16486835,"wenying chen","2026-07-04 16:36:36",0.77272,1,wenyingchencwy
6825,16487292,"Qu Menglei","2026-07-04 19:17:41",0.77272,1,qumenglei
6826,16483656,Deepthi124,"2026-07-04 21:13:52",0.77272,5,deepthi124
6827,16488390,"Kelby Craft","2026-07-05 04:12:59",0.77272,1,kelbycraft
6828,16488469,"Mostafa Aly234","2026-07-05 04:45:54",0.77272,1,mostafaaly234
6829,16159895,石渡大登,"2026-07-05 08:17:17",0.77272,5,haruto256
6830,16488558,"Asmat Buneri","2026-07-05 05:33:33",0.77272,1,asmatbuneri
6831,16488844,わたなべけん,"2026-07-05 07:02:55",0.77272,1,keso33
6832,16489130,minty123,"2026-07-05 08:22:52",0.77272,1,minty123
6833,16489385,向风而行,"2026-07-05 09:37:08",0.77272,1,shenyuanzhiwang
6834,16490121,"ayushi bankure","2026-07-05 12:53:42",0.77272,1,ayushibankure
6835,16490629,NahiyanNoor007,"2026-07-05 15:01:25",0.77272,1,nahiyannoor007
6836,16490775,"deed in","2026-07-05 15:30:41",0.77272,1,asayu255
6837,16491016,"Abdullah Altepe","2026-07-05 17:16:03",0.77272,6,abdullahaltepe
6838,16491237,1251433621,"2026-07-05 17:33:29",0.77272,1,g1251433621
6839,16492180,wonderspace37,"2026-07-06 01:31:18",0.77272,2,wonderspace37
6840,16485543,"BEOMSEO JUNG","2026-07-06 09:05:12",0.77272,11,beomseojung
6841,16493850,"Meenu Gurjar","2026-07-06 08:52:36",0.77272,1,meenugurjar
6842,16491898,Kush0812,"2026-07-07 04:40:01",0.77272,13,kush0812
6843,16494909,JayantSharma2901,"2026-07-06 12:52:42",0.77272,4,jayantsharma2901
6844,16495223,keichi60206,"2026-07-06 13:37:54",0.77272,1,keichi60206
6845,16495338,YUTA.O.1984,"2026-07-09 12:29:21",0.77272,3,yutao1984
6846,16495916,"KRITI HARSH","2026-07-06 15:46:09",0.77272,1,kritiharsh
6847,10787570,lazykazy,"2026-07-07 13:41:20",0.77272,2,lazykazy
6848,16448676,Asuna0417,"2026-07-09 05:22:48",0.77272,7,asuna0417
6849,16492258,m.k.,"2026-07-07 08:06:59",0.77272,9,maxellated
6850,16499306,"parveen sharma","2026-07-27 06:26:11",0.77272,8,parveensharma07
6851,16499755,frnczEsperanza,"2026-07-08 11:11:05",0.77272,4,frnczesperanza
6852,16500137,IvanKotlyarov,"2026-07-07 10:21:16",0.77272,2,ivankotlyarov
6853,16232360,"Emiliano Garza","2026-07-07 17:17:23",0.77272,1,emilianogarza
6854,16467520,MengJi2026,"2026-07-13 15:55:41",0.77272,5,mengji2026
6855,16505398,"VG NUVELL","2026-07-08 02:33:39",0.77272,1,vgnuvell
6856,5056960,batprem,"2026-07-08 08:56:23",0.77272,1,batprem
6857,16507184,"Kith Wee","2026-07-08 09:02:51",0.77272,2,kithwee
6858,16507226,Chinnachod,"2026-07-08 09:04:27",0.77272,2,chinnachod
6859,16507185,"Vorrachat Rachana","2026-07-08 09:06:04",0.77272,3,vorrachatrachana
6860,7141727,"Pisit Kmolwattananisa","2026-07-08 09:07:27",0.77272,1,pisitkmolwattananisa
6861,16507310,"wutichai phetthongma","2026-07-08 09:14:34",0.77272,2,wutichaiphetthongma
6862,16507728,"Óliver Méndez Gallego","2026-07-08 10:55:49",0.77272,1,livermndezgallego
6863,16507792,Foreoluwahan,"2026-07-08 11:16:45",0.77272,1,foreoluwahan
6864,16508271,"Abdul Hannanlan","2026-07-08 13:26:23",0.77272,1,abdulhannanlan
6865,4948356,"Harsh Jain #2","2026-07-08 18:02:27",0.77272,2,harshjain123
6866,16509345,"Gulfraz Alam","2026-07-08 18:03:19",0.77272,1,gulfrazalam
6867,16509376,"Minato Ishimura","2026-07-08 18:22:51",0.77272,2,mlnqt0
6868,16509537,Abdallah__ayman22,"2026-07-08 19:13:24",0.77272,1,abdallahayman22
6869,13665087,sariyaN,"2026-07-08 21:25:51",0.77272,1,sariyan
6870,16460656,"Aral SOLMAZ","2026-07-21 21:52:28",0.77272,23,aralsolmaz
6871,16510440,"Denisse Baldivieso","2026-07-09 02:58:51",0.77272,2,denissebaldivieso
6872,16510613,"Denisse Baldivieso #2","2026-07-09 03:38:28",0.77272,1,denissebaldpac
6873,16510314,うーえい,"2026-07-09 04:17:11",0.77272,3,yajisan
6874,16511458,zxxccc,"2026-07-09 07:38:59",0.77272,1,zxxccc
6875,16511891,福本陽介,"2026-07-09 11:01:28",0.77272,2,tyosuke
6876,16489845,"Pavly Awad Ayoub","2026-07-09 13:58:41",0.77272,2,pavlyawadayoub
6877,16513462,"wzeea sajid1","2026-07-09 16:44:26",0.77272,1,wzeeasajid1
6878,15183823,"Michal Kowalski4","2026-07-09 18:32:36",0.77272,2,michalkowalski4
6879,16513841,"Protoy Chowdhury","2026-07-15 14:42:45",0.77272,7,protoychowdhury
6880,16513912,rickochet,"2026-07-09 18:57:00",0.77272,1,rickochet
6881,16500352,yorikosan,"2026-07-13 11:16:22",0.77272,8,yorikosan
6882,16517880,"Gaurav T9","2026-07-10 20:05:59",0.77272,2,gauravt9
6883,16517963,"Konroy Walters","2026-07-10 20:42:47",0.77272,1,konroywalters
6884,12226161,"Jack Weakley","2026-07-11 01:07:45",0.77272,12,jackweakley
6885,16531178,met040506,"2026-07-11 07:25:26",0.77272,2,met040506
6886,16531336,"Faaiq Ahmed","2026-07-12 11:15:53",0.77272,4,faaiqahmed
6887,16531368,"Cai Xiaoshun","2026-07-11 08:24:33",0.77272,1,caixiaoshun
6888,16531731,fa0793285,"2026-07-11 13:29:19",0.77272,3,fa0793285
6889,16532005,"Naoki Mitsui","2026-07-11 14:24:56",0.77272,4,naokimitsui
6890,16515423,DingFanjun_Ml_23,"2026-07-21 08:52:56",0.77272,13,dingfanjunml23
6891,16533039,"D058-Ayush Gade","2026-07-11 17:36:49",0.77272,1,d058ayushgade
6892,16533679,"EJL Thomas","2026-07-12 00:51:12",0.77272,3,ejlthomas
6893,16533737,"Dipesh Pandit","2026-07-12 01:27:41",0.77272,6,dipeshpandit12
6894,13479102,azita,"2026-07-13 17:51:48",0.77272,7,azita0127
6895,16534025,"Taneesh Chekka","2026-07-12 04:50:30",0.77272,1,taneeshchekka
6896,16534689,"MANTHAN MARATHE","2026-07-12 09:29:52",0.77272,1,manthanmarathe01
6897,16534709,leopardlizard,"2026-07-12 09:40:54",0.77272,1,leopardlizard
6898,12955874,Alogon02,"2026-07-12 11:00:12",0.77272,2,alogon02
6899,16535424,"Isabel Archondo","2026-07-12 14:57:42",0.77272,3,isabelarchondo
6900,12230461,"James Ashmore","2026-07-12 15:57:51",0.77272,2,jamesashmore
6901,16536566,"Mariana Hurtados","2026-07-12 21:15:59",0.77272,1,marianahurtados
6902,16536802,"Usha Jayaraman","2026-07-13 00:22:02",0.77272,1,ushajayaraman
6903,16536981,"Paul Osuma","2026-07-13 02:02:54",0.77272,1,paulwiz
6904,16537040,"Axel Emanuel Gonzalez Ramos","2026-07-13 02:23:40",0.77272,1,axelemagr
6905,16537889,"Yogesh N(BCA)","2026-07-13 06:46:00",0.77272,1,yogeshnbca
6906,9244320,Givand,"2026-07-13 07:08:09",0.77272,2,givand
6907,16538208,"Muhammad Hamza Shaikh","2026-07-15 06:32:39",0.77272,2,hamzashaikh7867
6908,16538691,lavender_865,"2026-07-13 09:57:35",0.77272,1,lavender865
6909,16537995,宇田川凱琉,"2026-08-01 07:00:56",0.77272,5,kairu0617
6910,16540908,"Kacper Jasinski","2026-07-13 19:40:58",0.77272,1,jasinskikacper
6911,16541905,"Arthfael kSindumarto","2026-07-17 01:26:42",0.77272,5,arthfaelksindumarto
6912,16480582,Sheeva,"2026-07-14 09:16:13",0.77272,6,shibamotok
6913,16542938,雨宮硝nitoro,"2026-07-14 08:12:54",0.77272,2,nitoro
6914,16543520,"D036 Sanskruti Soitkar","2026-07-14 10:25:03",0.77272,1,d036sanskrutisoitkar
6915,16539103,"Omar Ganoub","2026-07-14 11:24:29",0.77272,4,omarganoub
6916,16543704,"Muhammad Rizkiana Pratama","2026-07-14 11:48:27",0.77272,2,muhammadrizkiana
6917,16544209,dieegordgzz,"2026-07-14 13:40:49",0.77272,1,dieegordgzz
6918,9175252,"Cao Son Do","2026-07-14 15:23:31",0.77272,3,caosondo
6919,16544908,"Bardia Bahadori","2026-07-14 17:49:02",0.77272,3,bardiabahadori
6920,16545655,"Avinash Chate","2026-07-14 21:11:21",0.77272,6,avinashchate
6921,16548460,"cunxin huang","2026-07-15 03:03:38",0.77272,1,cunxinhuang
6922,16548760,"Vedant Singh #3","2026-07-15 04:20:32",0.77272,1,vedantveduu
6923,16548987,yjy214,"2026-07-15 05:03:03",0.77272,1,yjy214
6924,16549876,ZhangLennon,"2026-07-15 08:59:52",0.77272,1,zhanglennon
6925,16533955,SEKIYA,"2026-07-20 13:10:08",0.77272,7,sekiyayuki
6926,14095872,Tush2602,"2026-07-15 13:30:40",0.77272,4,tush2602
6927,16550851,"liu kun #2","2026-07-18 04:26:21",0.77272,2,kunliu97
6928,10742012,"[Deleted] e9f54e40-b6c9-4bcd-af39-e2291e0493ce","2026-07-15 14:35:17",0.77272,1,ryota517
6929,16549587,"small mouse","2026-07-16 07:57:35",0.77272,4,smallmouse
6930,16514044,"sanskruti soitkar","2026-07-15 17:05:32",0.77272,3,sanskrutisoitkar
6931,16551753,"Carmen Gómez Cruz","2026-07-15 17:22:04",0.77272,3,carmengmezcruz
6932,15104487,NguyenHoangLong,"2026-07-15 18:29:33",0.77272,2,nguyenhoanglong2005
6933,16552790,"BS Shen","2026-07-16 00:55:11",0.77272,1,bsshen112
6934,16555963,santanaYure,"2026-07-16 16:52:12",0.77272,3,santanayure
6935,14709937,"Loïc Mémeteau","2026-07-16 19:27:24",0.77272,1,locmmeteau
6936,16557017,Osmond,"2026-07-31 11:39:29",0.77272,4,osmond20006
6937,16557613,MKD14Deee,"2026-07-17 04:14:29",0.77272,1,mkd14deee
6938,16558135,"Иван Константинов","2026-07-17 07:02:30",0.77272,1,hellaream
6939,13984066,"pete (Pete)","2026-07-17 11:33:39",0.77272,8,petewat8
6940,16555758,Thomas.fvt,"2026-07-17 14:53:54",0.77272,5,thomasfvt
6941,16560133,"Yikai CC","2026-07-17 15:26:31",0.77272,1,yikaicc
6942,16552103,Silverine,"2026-07-17 19:37:38",0.77272,7,silverine
6943,16560843,"Dmytro Volovnenko","2026-07-17 19:50:25",0.77272,5,dmytrovolovnenko
6944,16561312,"Himanshu Dahiya","2026-07-17 23:57:18",0.77272,6,hdahiya
6945,16562010,benmatch,"2026-07-18 05:23:52",0.77272,2,benmatch
6946,16562481,"Qin Xiaohan","2026-07-18 05:38:04",0.77272,1,qinxiaohan
6947,16564902,"he fan","2026-07-18 11:01:06",0.77272,1,hefan2004
6948,14863073,"Andrey GooDnes","2026-07-23 08:47:08",0.77272,8,andreygoodnes
6949,15667564,"Petra Mitroova","2026-07-18 14:02:44",0.77272,1,petramitroova
6950,16559701,"Warrior #2","2026-07-18 14:56:48",0.77272,4,facebook109
6951,16565829,"GALIH ROMADHON","2026-07-18 15:37:54",0.77272,2,galihrattn
6952,16565841,"Mohamed El Alami","2026-07-31 14:09:53",0.77272,2,mohamed1elalami
6953,16567005,"Vũ Đức Phong","2026-07-19 02:04:35",0.77272,1,vcphong
6954,16533933,ys_material,"2026-07-19 03:54:33",0.77272,9,ysmaterial
6955,16572656,"Ksatria Riza","2026-07-20 00:37:48",0.77272,3,ksatriariza
6956,16566909,"Diogo Sena","2026-07-26 22:30:25",0.77272,6,diogodmsena
6957,16566727,"George Nikolis","2026-07-20 12:36:39",0.77272,1,georgenikolis
6958,16575382,"Enock Boto","2026-07-20 13:29:56",0.77272,1,enockboto
6959,13256366,"Ben Moginot","2026-07-20 17:54:27",0.77272,1,benmoginot
6960,16573106,"Hyungin Yi","2026-07-21 07:00:45",0.77272,6,hyunginyi
6961,16579584,abc_123,"2026-07-21 07:52:02",0.77272,1,abc12er3
6962,16579559,DESHUAIWANG,"2026-07-21 08:05:52",0.77272,5,deshuaiwang123
6963,16580082,"Vito Bellusci","2026-07-21 09:50:36",0.77272,1,vitobellu
6964,15422795,BMGongsg14396,"2026-07-22 08:21:57",0.77272,5,bmgongsg14396
6965,16581876,"Ryan Chettiar","2026-07-21 15:12:02",0.77272,3,ryanchettiar10
6966,892364,"Maxim Smirnov","2026-07-26 13:41:34",0.77272,4,smirnoffmg
6967,16583629,"Matheus Murtha","2026-07-22 00:17:29",0.77272,1,matheusmurtha
6968,16583932,"Eunjeong Lee #2","2026-07-22 02:54:13",0.77272,3,eunjeonglee
6969,16584444,"Putsala Harsha Priya","2026-07-22 07:17:15",0.77272,4,putsalaharshapriya
6970,16584869,"Jssg Oz","2026-07-22 08:12:58",0.77272,1,jssgoz
6971,16585301,"ANKIT GAURAV","2026-07-22 11:05:31",0.77272,2,ankitgaurav456
6972,16588552,iMiles,"2026-07-23 06:54:02",0.77272,4,imiles
6973,16590901,"Satyam Kumar0725","2026-07-23 18:49:04",0.77272,2,satyamkumar0725
6974,16557529,icocoer,"2026-07-24 07:53:49",0.77272,5,icocoer
6975,16592279,Patrick_Yang_Paxx,"2026-07-24 06:16:36",0.77272,1,patrickyangpaxx
6976,16592710,fffamme,"2026-07-24 07:58:17",0.77272,1,fffamme
6977,16593161,"Ajit sonkamble","2026-07-24 09:52:03",0.77272,1,ajitsonkamble
6978,16575234,Sunjiadong12,"2026-07-24 10:39:07",0.77272,2,sunjiadong12
6979,2758009,"David Weatherstone","2026-07-24 11:25:57",0.77272,1,dw1017
6980,16593998,"dd #2","2026-07-26 07:20:43",0.77272,13,dhhhhhgg
6981,16594317,kinnyindia,"2026-07-24 15:44:26",0.77272,1,kinnyindia
6982,16594644,"Tahamina Akter Ohe","2026-07-31 15:43:09",0.77272,3,tahaminatania
6983,16597169,"Anjun Zhang","2026-07-25 06:11:21",0.77272,2,happyamaz96
6984,12325097,nagaken,"2026-07-26 13:14:05",0.77272,4,nagaken
6985,16594721,pashudzu,"2026-07-30 15:44:11",0.77272,9,pashudzu
6986,16599755,xNegis,"2026-07-25 21:13:50",0.77272,2,xnegis
6987,16600394,Wsz123654,"2026-07-26 05:01:38",0.77272,1,wsz123654
6988,16600466,Pettersonpina,"2026-07-26 05:31:54",0.77272,1,pettersonpina
6989,16601207,Randynho,"2026-07-26 09:24:51",0.77272,4,randynho
6990,16089989,"Eden Peng","2026-07-26 13:41:10",0.77272,9,edenpeng
6991,16601680,"Alexandre Bienvenue","2026-07-26 12:17:52",0.77272,2,alexandrebienvenue
6992,16601999,"mostafa anwar1","2026-07-26 14:09:38",0.77272,2,mostafaanwar1
6993,16602082,"mostafa anwar","2026-07-26 14:04:44",0.77272,1,mostafaanwar2
6994,16602191,"Mauricio Rodrigues da Silva","2026-07-26 14:37:49",0.77272,1,mauriciorsilva
6995,16602391,"hiro Sugimoto","2026-07-26 15:46:30",0.77272,1,hirosugimoto
6996,16602447,"Herr Zu","2026-07-26 16:03:47",0.77272,1,herrzu
6997,16585257,"Moritz Limmer","2026-07-26 19:56:44",0.77272,7,moritzlimmer
6998,16604389,nkulllrr,"2026-07-27 07:22:39",0.77272,2,nkulllrr
6999,16498598,Kotlyarov-Egor,"2026-07-27 14:57:04",0.77272,4,kotlyarovegor
7000,16607143,Jaswanth6388,"2026-07-27 21:16:02",0.77272,2,jaswanth6388
7001,16607792,PonyCarl,"2026-07-28 03:51:37",0.77272,2,ponycarl
7002,12797755,Hyamasaki,"2026-07-28 08:01:15",0.77272,1,hyamasaki
7003,15615441,c_fxy,"2026-07-28 09:31:24",0.77272,1,cfxyai
7004,16609195,"Devansh Phansalkar","2026-07-28 10:38:05",0.77272,2,devanshphansalkar
7005,16609960,lenyamal,"2026-07-28 14:16:28",0.77272,1,lenyamal
7006,5192773,"Clayton and Alex Team","2026-07-29 05:04:42",0.77272,1,"amalikyar,claytonforsee"
7007,16612273,imjamj01,"2026-07-29 22:06:38",0.77272,10,takemayuj01
7008,16612385,"Vic Liao","2026-07-29 06:39:26",0.77272,1,vicliao
7009,16612912,"Karar Haider Deep Vision","2026-07-29 09:25:38",0.77272,5,karar1deepvision
7010,16613640,Itemzidu,"2026-07-29 13:07:43",0.77272,1,itemzidu
7011,16613629,"Amit Kumar #28","2026-08-10 14:33:54",0.77272,6,amitspectral
7012,16614325,"Daniel Haven","2026-07-29 16:14:10",0.77272,1,danielhaven
7013,16607117,"Hiroki Kaifu","2026-07-29 16:53:07",0.77272,4,hirokikaifu
7014,16614645,"Elias William","2026-07-29 17:42:12",0.77272,1,eliaswilliam
7015,16614739,"Morgan Miller","2026-07-29 18:11:56",0.77272,1,morganmiller3
7016,16600126,Kaiser527,"2026-07-30 02:50:44",0.77272,21,kaiser527
7017,16617088,"Sherlin Jeri","2026-07-30 04:36:27",0.77272,1,sherlinjeri
7018,16618220,BrianSK,"2026-07-30 08:58:58",0.77272,1,briansk
7019,16618397,"Johannes jiryis","2026-07-30 09:42:59",0.77272,1,johannesjiryis
7020,16061147,lonelyspark,"2026-07-30 14:52:04",0.77272,1,lonelyspark
7021,16624706,yasseryahya66,"2026-08-01 09:09:45",0.77272,2,yasyah
7022,16623114,RaeStack,"2026-07-31 08:58:07",0.77272,2,utkarshsinha00089
7023,16044128,Out2mind,"2026-07-31 09:27:51",0.77272,1,out2mind
7024,16629507,vai_136,"2026-07-31 10:08:52",0.77272,5,vai136
7025,16629841,"mei kj4021","2026-08-01 03:34:22",0.77272,4,meikj4021
7026,16630819,"Igor #19","2026-08-04 10:36:34",0.77272,16,igoreasyfree
7027,16631252,"Aswin Raj","2026-07-31 12:56:35",0.77272,1,aswinnraj
7028,16632060,"Eniyavan M","2026-07-31 14:15:58",0.77272,3,eniyavanm
7029,16632850,"Vincen Imanuel","2026-07-31 17:32:00",0.77272,1,vincenimanuel
7030,16633239,"people are not real","2026-08-01 08:41:19",0.77272,11,ljdrakel
7031,16613883,"Ayoub GOUHASSOUN","2026-08-01 03:09:41",0.77272,5,ayoubgouhassoun
7032,16634907,"Wilson Acevedo","2026-08-01 07:02:02",0.77272,3,wiloacevedo
7033,16635822,"Ashvita Kini","2026-08-01 11:18:13",0.77272,1,ashvitakini
7034,15343512,"Максим Арасланов","2026-08-01 11:30:13",0.77272,1,maks18
7035,16638559,"Srushti ","2026-08-01 16:46:59",0.77272,1,srushtic1
7036,16639613,"timid hedgehog","2026-08-02 01:50:13",0.77272,1,timidhedgehog
7037,16640682,"Icker Maureen","2026-08-02 08:21:12",0.77272,1,ickermaureen
7038,16640992,"Vibhore Kumar","2026-08-02 10:13:38",0.77272,1,hungeywhitepolarbear
7039,16642046,"Trần Minh Trung","2026-08-02 15:31:32",0.77272,3,minhtrung11
7040,16645975,Kimbogyun,"2026-08-03 05:11:36",0.77272,1,kimbogyun
7041,16649901,"Minh Nguyễn Công","2026-08-03 08:07:31",0.77272,4,minhnntt
7042,16396699,water980,"2026-08-03 10:43:01",0.77272,4,water980
7043,16652393,Nitin_Reddy_R_M520,"2026-08-03 11:18:52",0.77272,1,nitinreddyrm520
7044,16652471,"MFahad Faisal","2026-08-03 13:22:34",0.77272,8,mfahadfaisal
7045,16654178,"Chandu Gadiyaram","2026-08-03 17:37:59",0.77272,1,chandugadiyaram
7046,16654573,kaito1505-xxx,"2026-08-03 18:47:14",0.77272,1,alesyamel
7047,16655781,"Patti Jorgensen","2026-08-04 02:53:02",0.77272,2,pattijorgensen
7048,16656141,jameshong44,"2026-08-04 03:10:23",0.77272,1,jameshong44
7049,16655817,tduckz,"2026-08-04 03:23:08",0.77272,2,tduckz
7050,16656448,"NIKHIL #2","2026-08-04 04:18:19",0.77272,1,fyjjt5hrrdrghf
7051,16637242,"Lợi Tăng Xuân","2026-08-04 08:18:26",0.77272,12,litngxun
7052,16659066,ersansaner,"2026-08-04 09:20:07",0.77272,2,ersansaner
7053,16659310,"Chu Văn Huân","2026-08-04 09:36:25",0.77272,1,chuvnhun
7054,16609010,"Ashna Ann Babu","2026-08-04 10:00:03",0.77272,2,ashnaannbabu
7055,16580157,c-crooks,"2026-08-04 15:40:25",0.77272,9,ccrooks
7056,16663845,Thorvi01,"2026-08-04 23:02:46",0.77272,1,thorvi01
7057,16575337,Choehyeoncheol,"2026-08-05 06:09:39",0.77272,9,choehyeoncheol
7058,16666219,EEee_3333,"2026-08-05 08:44:59",0.77272,1,eeee3333
7059,16666917,bekzat070101,"2026-08-05 10:50:16",0.77272,1,bekzat070101
7060,16668363,"fact logic","2026-08-05 14:29:10",0.77272,1,factlogic
7061,16668638,Vansh_Mishra_26,"2026-08-05 15:31:00",0.77272,1,vanshmishra26
7062,16664746,KalenaIOAI,"2026-08-06 00:17:56",0.77272,3,kalenaioai
7063,16671951,"Phong Nguyễn #2","2026-08-06 04:01:46",0.77272,1,phongnt0912it
7064,16672945,"heej #2","2026-08-06 08:55:06",0.77272,10,heej01
7065,16658816,"Angelo Perini","2026-08-06 09:07:52",0.77272,2,angeloperini
7066,16676419,"Joan Pascual ","2026-08-06 15:05:37",0.77272,1,joanpascual
7067,16671294,"hinata kiyohasi","2026-08-07 02:57:05",0.77272,4,hinata00897
7068,16682582,ollare33,"2026-08-07 06:51:46",0.77272,1,ollare33
7069,16674570,LIJINSHENG,"2026-08-07 08:06:49",0.77272,4,lijinshengljs
7070,16674955,"Pakeeja Nadaf","2026-08-11 14:31:27",0.77272,7,pakeejanadaf
7071,16687923,"Suhas S #4","2026-08-07 23:51:21",0.77272,5,suhass99
7072,16688745,VLOK,"2026-08-08 04:08:03",0.77272,1,pavanpandu
7073,16689039,"Adhya Razdan","2026-08-08 05:28:21",0.77272,1,adhyarazdan
7074,16689367,mokuyo,"2026-08-08 06:46:29",0.77272,1,mokuyo
7075,16576989,"Peter Grif","2026-08-08 11:40:16",0.77272,11,petergrif7
7076,16691614,Starfish,"2026-08-08 15:22:29",0.77272,1,starfishfdf
7077,16691774,Kidvivant,"2026-08-08 15:56:27",0.77272,1,kidvivant
7078,16662620,"Nathan VIGOUROUX","2026-08-08 20:04:04",0.77272,15,nathanvigouroux
7079,16692673,"Lara Groß","2026-08-08 19:40:07",0.77272,2,laragro
7080,16694153,Keppss,"2026-08-09 09:21:13",0.77272,2,keppss
7081,16694628,skybarley,"2026-08-09 08:22:37",0.77272,1,pywoo030215
7082,16694964,"Sahil Sharma #5","2026-08-09 09:28:48",0.77272,1,tb0nei
7083,14969220,"Eleftheria 14","2026-08-09 12:05:46",0.77272,3,eleftheria14
7084,16697916,"yousef alhaj","2026-08-09 20:52:09",0.77272,1,nugget0
7085,16699062,cyb3rnight,"2026-08-10 05:54:18",0.77272,3,cyb3rnight
7086,16698519,"Quan Nguyen Minh 0511","2026-08-10 09:00:22",0.77272,3,quannguyenminh0511
7087,16697027,Finhkt,"2026-08-10 13:41:18",0.77272,7,finhkt
7088,16701762,"Yashim Auta","2026-08-10 14:41:28",0.77272,1,yashimauta
7089,16447783,"Rui Pires","2026-08-10 14:48:02",0.77272,5,ruiptrp
7090,16702002,"Victor Maury 852","2026-08-10 16:15:24",0.77272,4,victormaury852
7091,16702188,"Aboubacar Bah17","2026-08-10 16:24:53",0.77272,1,aboubacarbah17
7092,16702368,"Rakesh Kumar #8","2026-08-10 17:15:55",0.77272,1,rakeshbhagatcse2
7093,16085736,"armin shojapour","2026-08-10 18:46:02",0.77272,2,arminshojapour
7094,16702699,"jose manuel Tinajero","2026-08-10 18:55:41",0.77272,2,josemanueltinajero
7095,16704216,"Ариана Кайка","2026-08-10 23:04:13",0.77272,2,matrix2903
7096,16705539,"Kanitha Murugesan","2026-08-11 04:29:12",0.77272,1,kanithamurugesan
7097,16608307,theroguevigilante,"2026-08-11 06:22:51",0.77272,3,theroguevigilante
7098,16706141,MASAMASATAKATAKA,"2026-08-11 08:46:38",0.77272,4,masamasatakataka
7099,14891928,ScarNam,"2026-08-11 07:31:43",0.77272,1,scarnam
7100,16501421,"Gen Takeuchi","2026-08-13 07:42:57",0.77272,17,gentakeuchi
7101,16706473,Neu2daysago,"2026-08-11 09:51:36",0.77272,2,neu2daysago
7102,16707110,Zack_AI_Qu,"2026-08-11 10:47:16",0.77272,6,zackaiqu
7103,16707386,"zhen Lee","2026-08-11 13:57:48",0.77272,5,jifjro
7104,16707761,"Soumya Gour","2026-08-11 13:18:52",0.77272,1,soumyagour
7105,16708408,"Julian #24","2026-08-11 15:54:06",0.77272,1,julian1101
7106,16708804,7-juma,"2026-08-11 17:10:18",0.77272,1,wiilywillyam
7107,14704296,"Elena Genova","2026-08-14 02:51:59",0.77272,49,symlink7
7108,16710171,"Gaurav Mehta","2026-08-12 03:27:12",0.77272,1,gauravmehtaaa
7109,16710645,xyypro,"2026-08-12 06:42:04",0.77272,2,xyypro
7110,16711439,"Moritz Gerster","2026-08-12 08:13:13",0.77272,1,moritz000gerster
7111,16712477,"Arik Poghosyan","2026-08-12 12:37:07",0.77272,1,arikpoghosyan
7112,16715064,"Yusuf Yavuz","2026-08-12 23:50:50",0.77272,1,yusufyavuzz
7113,16715504,Vinh2611,"2026-08-13 03:35:49",0.77272,1,vinh2611
7114,16716172,"Severine Emmanuel Limonga","2026-08-13 07:16:12",0.77272,1,seracedrjr
7115,16713789,"Dean Stedul","2026-08-13 07:58:51",0.77272,3,deanstedul
7116,16716389,"Shrutika Kadam","2026-08-13 08:12:26",0.77272,1,kadamshrutika
7117,16716394,"Shivani Mahadik","2026-08-13 08:14:11",0.77272,1,shivanimahadik16
7118,16716410,"Anjali Motkatte","2026-08-13 08:17:54",0.77272,1,anjalimotkatte
7119,16716480,"Asmita Madkholkar","2026-08-13 08:38:32",0.77272,1,asmitamadkholkar
7120,16716504,"MANE RADHIKA GAJANAN","2026-08-13 08:45:03",0.77272,1,maneradhikagajanan
7121,16716528,"Shivani Mahadik #2","2026-08-13 08:52:29",0.77272,1,shivanimahadik15
7122,16716538,"Anjali Suresh Motkatte","2026-08-13 08:53:51",0.77272,1,anjalisureshmotkatte
7123,16716835,"Rafael Rosario Panina","2026-08-13 09:52:38",0.77272,1,rafaper
7124,16716866,"H4NDS0M3 1V4N","2026-08-13 10:02:59",0.77272,3,h4nds0m31v4n
7125,16716947,sharkiss,"2026-08-13 18:42:34",0.77272,5,sharkisslol
7126,16706297,ken-ya,"2026-08-13 11:54:09",0.77272,13,fwnp1099
7127,13694073,"Leonid Zaporozhets","2026-08-13 12:02:36",0.77272,7,leonidzaporozhets
7128,16713895,"Hoso Badalyan","2026-08-13 12:28:36",0.77272,9,hosobadalyan
7129,4897990,"Yingbin Lv","2026-08-13 13:57:02",0.77272,1,justin0lv
7130,16717758,"TOH JING YU / UPM","2026-08-13 14:41:24",0.77272,6,tohjingyuupm
7131,16717925,"Brynn Lu","2026-08-13 15:27:29",0.77272,1,brynnlu
7132,16718375,"Soufiane HAMZAOUI","2026-08-13 17:32:44",0.77272,1,soufianehamzaoui
7133,16718419,"Asama Liammukda","2026-08-13 18:32:25",0.77272,1,asamaliammukda
7134,16718682,"Sehjan Choudhary","2026-08-13 19:18:05",0.77272,1,sehjanchoudhary
7135,16298868,"lokanath padhy","2026-06-15 08:25:13",0.77033,10,lokanathpadhy
7136,16073805,letianyy,"2026-06-15 11:30:15",0.77033,5,letianyy
7137,16361259,"Minhyuk Lee","2026-06-15 14:06:12",0.77033,1,minlee11
7138,16365276,"Manasvi Verma006","2026-06-15 16:36:57",0.77033,1,manasviverma006
7139,16367190,"rajesh Duraivelu","2026-06-15 17:57:43",0.77033,1,rajeshduraivelu
7140,16367716,"alexander dibrov","2026-06-15 18:23:05",0.77033,1,alexanderdibrov
7141,16367884,"Nicolas Rebollo","2026-06-15 19:13:20",0.77033,1,nicorebollo
7142,16368199,MCSmd24**,"2026-06-15 21:06:35",0.77033,1,mcsmd24
7143,16368283,"phoenix lee","2026-06-15 22:03:41",0.77033,2,phoenix1ee
7144,16368372,"Yuqi Cheng #3","2026-06-16 04:45:36",0.77033,5,yuqic1661
7145,16368740,cbarne8,"2026-06-16 02:02:18",0.77033,1,cbarne8
7146,16304573,simplyadev,"2026-06-16 02:09:26",0.77033,2,simplyadev
7147,16368730,"half tael","2026-06-16 02:39:55",0.77033,3,halftael
7148,16368882,jmwirygh,"2026-06-16 03:03:12",0.77033,1,jmwirygh
7149,16368913,"Gabriel Bisco Reinato","2026-06-16 03:18:42",0.77033,1,gabrielbiscoreinato
7150,15944501,"Artem Kritskiy","2026-06-16 03:23:48",0.77033,3,artemkritskiy
7151,16370328,"عبدالله #2","2026-06-16 07:36:21",0.77033,2,abd123bda
7152,16371649,"Alek Kob","2026-06-16 12:00:40",0.77033,1,alekkob
7153,16372955,"wang kai","2026-06-16 14:27:35",0.77033,1,wangkai0909
7154,16373251,"Brian kithusi","2026-06-16 15:03:58",0.77033,1,briankithusi
7155,16374688,友利奈绪可爱捏😋,"2026-06-16 18:52:18",0.77033,1,xu960web
7156,16345339,"Luka Mushkudiani","2026-06-16 21:40:29",0.77033,1,mushni
7157,16376083,"Tuan Vu Minh","2026-06-17 01:11:19",0.77033,1,misaminhtuanvu
7158,9053531,thyripian,"2026-06-17 03:56:11",0.77033,2,thyripian
7159,16377289,"Amy Ramsay","2026-06-17 04:24:25",0.77033,1,amyramsay
7160,16378596,"Andy Zhang #4","2026-06-17 08:19:56",0.77033,2,andyzzc
7161,16379479,"Zhicheng Luk","2026-06-17 08:41:04",0.77033,2,zhichengluk
7162,16381031,"ranit madhu","2026-06-17 11:43:36",0.77033,1,ranitmadhu
7163,16381538,Arotian,"2026-06-17 12:50:25",0.77033,1,arotian
7164,16379932,"Arya mohamo","2026-06-17 14:46:12",0.77033,8,aryamooo
7165,16383697,"Jóse Quiceno","2026-06-17 17:32:30",0.77033,1,josequiceno2000
7166,16385902,"Pranav Rajan","2026-06-21 02:19:44",0.77033,4,pranavrajan1278
7167,16386072," Sumayya bint Ansari","2026-06-18 04:13:35",0.77033,1,sumayyabintansari
7168,16385938,YeEunK1m,"2026-06-18 05:37:09",0.77033,2,yeeunk1m
7169,16386467,"Vatsal Khanka","2026-06-18 05:45:38",0.77033,2,vatsalkhanka
7170,16387197,"Eli Liu #2","2026-06-18 08:23:50",0.77033,4,count99
7171,14679999,Fadwa,"2026-06-18 09:17:02",0.77033,1,fadwam
7172,16388491,YutaroOgawaIsct,"2026-06-18 12:19:31",0.77033,2,yutaroogawaisct
7173,16387492,"Kaan Bilge","2026-06-18 14:35:00",0.77033,4,kaanbilge
7174,16388793,godlunarassassin,"2026-06-18 12:48:19",0.77033,1,godlunarassassin
7175,16390193,"Aditya Goyal78","2026-06-18 17:28:38",0.77033,2,adityagoyal1122
7176,16391107,"Jingxing Gao","2026-06-18 20:33:50",0.77033,1,leog30
7177,16393107,"Tuan Khuong","2026-06-19 06:41:29",0.77033,1,tuankhuong1
7178,16393115,"Akimaru Kotaro","2026-06-19 06:42:28",0.77033,1,akimarukotaro
7179,16393840,小西健太郎,"2026-07-26 06:33:48",0.77033,3,kentaroh1028
7180,16394938,lymhhh666,"2026-06-19 14:09:56",0.77033,3,lymhhh666
7181,16395848,"Elif Aytekin","2026-06-19 17:37:37",0.77033,3,elifaytekin
7182,16396387,"Диана #3","2026-06-19 19:48:10",0.77033,1,drnk44
7183,16397882,"Kume Kosuke","2026-07-10 07:30:45",0.77033,2,kumekosuke
7184,16399846,"Kazuya Toshima #2","2026-06-23 11:41:13",0.77033,6,kt0102
7185,16401453,"S Raj","2026-06-20 10:55:58",0.77033,1,shubhraj21
7186,16402155,"Manoj Kirti Bhalla","2026-06-20 12:58:59",0.77033,1,manojkirtibhalla
7187,16402588,"Andy Dexuan","2026-06-24 07:40:03",0.77033,7,andydexuan
7188,16403577,Yadnus,"2026-06-20 17:38:51",0.77033,5,yadnus
7189,16368138,JumpNarcissus,"2026-06-20 18:13:45",0.77033,12,jumpnarcissus
7190,16403936,"Alexus Huang","2026-06-20 18:18:35",0.77033,1,alexush
7191,14095195,"Kira Chistiakova","2026-06-20 20:12:27",0.77033,1,kirachistiakova
7192,16404751,"Agustin Arbanesi","2026-06-20 23:34:56",0.77033,1,agustinarbanesi
7193,16406177,"Yzi Xuan","2026-06-21 07:26:47",0.77033,1,yzixuan985
7194,16406892,"Prakhar Gupta #8","2026-06-21 09:59:14",0.77033,2,prakhargupta2602
7195,16408755,aimer_zeng1111,"2026-06-24 12:02:15",0.77033,2,aimerzeng1111
7196,16408904,"alcides barbosa","2026-06-21 15:17:57",0.77033,1,alcidesbarbosa
7197,16067142,"Nancy Wang9710","2026-06-21 15:39:41",0.77033,1,nancywang9710
7198,16267698,"Aryansingh Bais","2026-06-21 19:05:40",0.77033,1,aryansinghbais
7199,16411920,"Shambhavi Pahade","2026-06-22 04:46:37",0.77033,1,shambhavipahade
7200,16410280,iiitug,"2026-06-22 07:06:23",0.77033,3,iiitug
7201,16412969,kakaa772,"2026-06-22 09:05:54",0.77033,2,kakaa772
7202,16413459,Ben987789,"2026-06-22 09:32:40",0.77033,1,ben987789
7203,16415153,soshimatsumae,"2026-06-22 14:55:16",0.77033,1,soshimatsumae
7204,14392662,kmkh,"2026-06-22 15:34:52",0.77033,1,kasrarayni
7205,16419084,liangwh22,"2026-06-23 07:02:18",0.77033,1,liangwh22
7206,16419185,ZhangYichao,"2026-06-23 07:23:48",0.77033,1,ideal0x
7207,16419324,"Raima Hridika","2026-06-23 08:20:41",0.77033,3,raimahridika
7208,16419960,"Aryan Rawat","2026-06-23 09:19:59",0.77033,1,rawataryan008
7209,16072968,"Danil #3","2026-06-23 18:02:08",0.77033,2,wuzireal
7210,16421040,"Abdullah Naeem #3","2026-06-23 13:05:12",0.77033,1,abdullahnaeem151015
7211,11683321,sm2600,"2026-06-23 19:35:38",0.77033,3,steven2600
7212,16421608,eee5456,"2026-06-23 14:51:41",0.77033,1,eee5456
7213,16139160,"Fahim Ahmed #4","2026-06-23 18:34:55",0.77033,1,fahim101325
7214,16424336,"Natalia Suruj.","2026-08-03 03:12:45",0.77033,2,nataliasuruj
7215,16426211,"qiqi #2","2026-06-24 08:29:35",0.77033,1,qqii510
7216,16427878,"Lucas G LE ROY","2026-06-24 15:55:45",0.77033,3,lucasgleroy
7217,6229973,crajaniemi,"2026-06-24 14:11:42",0.77033,1,crajaniemi
7218,16428419,maruihan547,"2026-06-27 14:19:48",0.77033,4,maruihan547
7219,16428376,"Rachid RAISSI","2026-06-24 15:43:03",0.77033,5,raissirachid
7220,16430411,lykzzz,"2026-06-25 01:04:24",0.77033,1,lykzzz
7221,16430456,November_rao,"2026-06-25 02:21:41",0.77033,2,novemberrao
7222,16431579,"Muntasir Bin Rafique","2026-06-25 06:45:02",0.77033,1,muntasirbinrafique
7223,16431827,kawhi0728,"2026-06-25 07:56:16",0.77033,2,kawhi0728
7224,15968893,"Shun Ishibashi","2026-06-25 11:02:32",0.77033,8,shunishibashi
7225,16432413,"ne Artem Savchenko","2026-06-25 13:32:34",0.77033,2,neartemsavchenko
7226,16433776,Ash132,"2026-06-25 14:39:25",0.77033,1,ash132
7227,16435904,FFFLOYD,"2026-06-26 06:40:10",0.77033,3,fffloyd
7228,16436550,"Seo EunJi","2026-06-26 06:55:04",0.77033,1,cherryotomato0
7229,16438549,Chenmenyao,"2026-06-26 15:30:44",0.77033,4,chenmenyao
7230,16261886,"James C #2","2026-07-09 14:59:27",0.77033,11,jamesc09
7231,16439296,"LUI SC Kerstin","2026-06-26 15:58:45",0.77033,1,luisckerstin
7232,16440203,HawkWeldon,"2026-06-26 19:42:48",0.77033,6,hawkweldon
7233,16127279,"William Chau","2026-06-26 23:43:48",0.77033,1,willchau8
7234,16442426,"Celine Hocquet","2026-06-27 09:32:14",0.77033,1,celinehocquet
7235,16442675,"Wahyu Andika Rahadi","2026-06-27 10:39:59",0.77033,1,wahyuandikarahadi
7236,16101538,puvit,"2026-06-27 10:48:14",0.77033,1,puwit007
7237,16443683,"Shubham Urkade","2026-06-27 15:23:16",0.77033,1,shubhamurkade1
7238,16444228,"Ali Aliyarov","2026-06-27 18:09:16",0.77033,1,alialiyarov
7239,16445033,"Lakshmi Nandana N R","2026-06-28 03:00:32",0.77033,1,lakshminandananr
7240,16445600,"Tanuj Tambe","2026-06-28 07:17:19",0.77033,1,tanujtambe267
7241,16446129,"no fear in my heart","2026-06-28 09:51:37",0.77033,1,nofearinmyheart
7242,16448392,"Sadra ghodrati","2026-06-28 22:25:45",0.77033,5,sadraghodrati
7243,16448590,"Ryan Saklad","2026-06-29 01:40:13",0.77033,2,ryansaklad
7244,16449595,HunHun724,"2026-06-29 06:55:14",0.77033,2,hunhun724
7245,16281262,aselvaraj1708,"2026-06-29 12:50:30",0.77033,4,aselvaraj1708
7246,16450938,DanielHa0428,"2026-06-29 11:45:25",0.77033,1,danielha0428
7247,16451277,schtwqjkiutrf,"2026-06-29 12:52:54",0.77033,1,schtwqjkiutrf
7248,12280231,"Simon Belous","2026-06-29 14:49:20",0.77033,2,simonbelous
7249,16452615,"Hanjing Wang","2026-06-29 16:55:09",0.77033,1,hanjingwang9
7250,16452634,"Jonathan Golden","2026-06-29 17:51:30",0.77033,2,junitin1000
7251,16453688,"Narcís Vol Setes","2026-07-01 18:35:58",0.77033,2,narcsvolsetes
7252,16454203,"emmanuel peter","2026-06-29 23:01:28",0.77033,1,emmytoonz
7253,16455129,hhking163,"2026-06-30 01:52:53",0.77033,1,hhking163
7254,16451884,"Arsya Fawwaz","2026-06-30 02:17:44",0.77033,2,arsyafawwaz
7255,15045357,Lokesshh,"2026-06-30 12:09:14",0.77033,4,lokesshh
7256,16457716,BessHsu,"2026-06-30 07:49:13",0.77033,1,besshsu
7257,16457734,"Phoenix #7","2026-06-30 08:00:32",0.77033,3,phoenix189
7258,16457740,"Techang Chen","2026-06-30 08:25:11",0.77033,4,techangchen
7259,16457770,"Hsu HH","2026-06-30 08:16:59",0.77033,5,beatles1823
7260,16457778,"Hong chien min","2026-06-30 07:56:18",0.77033,2,hongchienmin
7261,16457710,tomy0630,"2026-06-30 07:56:28",0.77033,2,tomy0630
7262,16457855,"Sam Huang #2","2026-06-30 08:06:08",0.77033,2,samhuang1974
7263,16453116,addyrehmansafi,"2026-06-30 08:21:52",0.77033,14,addyrehmansafi
7264,16457766,吳炳輝Jacky0916086,"2026-06-30 08:25:13",0.77033,3,jacky0916086
7265,16457840,chichi0122,"2026-06-30 08:11:42",0.77033,3,chichi0122
7266,16457894,liuhungyi,"2026-06-30 08:17:47",0.77033,2,liuhungyi
7267,15360308,"tran viet","2026-06-30 10:10:03",0.77033,3,tranviet0362
7268,16458760,NoCarp,"2026-06-30 10:41:27",0.77033,1,nocarp
7269,15548126,"Riri Jay","2026-06-30 13:09:52",0.77033,7,ririjay
7270,16463782,"Mehul Mali","2026-07-01 06:12:40",0.77033,1,mehul0009
7271,16466485,"younesse amhend","2026-07-01 14:16:37",0.77033,6,younesseamhend
7272,16467456,Zhumzhumay,"2026-07-01 15:36:55",0.77033,3,zhumzhumay
7273,15784443,ama2160,"2026-07-01 15:37:59",0.77033,2,ama2160
7274,16470644,"Kirill Andreev #2","2026-07-01 22:44:34",0.77033,1,visionnewsun
7275,16472073,"satoshi okiba","2026-07-02 06:18:06",0.77033,1,satoshiokiba
7276,16472176,zhangyihao,"2026-07-02 06:45:19",0.77033,1,zhangyihao8847
7277,16472413,Marvin2hai,"2026-07-02 07:37:18",0.77033,1,marvin2hai
7278,16472714,Zhenghaiyan-48,"2026-07-02 08:33:18",0.77033,1,zhenghaiyan48
7279,16472733,jiangruohan51,"2026-07-02 08:37:34",0.77033,1,jiangruohan51
7280,16473378,"Artem Sukhinin","2026-07-02 10:50:58",0.77033,1,artemsukhinin
7281,16079871,HieuKun123,"2026-07-02 11:04:42",0.77033,8,hieukun123
7282,16473354,huangjiahao32,"2026-07-02 11:17:09",0.77033,2,huangjiahao32
7283,16473897,wuliqing45,"2026-07-02 12:47:05",0.77033,1,wuliqing45
7284,16473975,"HUA ZHONG1","2026-07-02 13:03:22",0.77033,1,huazhong1
7285,16474958,"Ryan Febry","2026-07-02 16:40:52",0.77033,1,ryanfebry
7286,16472682,chenjie44,"2026-07-03 01:05:10",0.77033,2,chenjie44
7287,16479969,Sadhvi16,"2026-07-03 05:31:27",0.77033,1,sadhvi16
7288,16480112,Oscarwsz,"2026-07-03 06:05:18",0.77033,1,oscarwsz
7289,16480163,ELANYI,"2026-07-03 06:16:33",0.77033,1,elanyi
7290,16480464,YNBaobao,"2026-07-03 07:13:15",0.77033,1,ynbaobao
7291,16480550,JieY37,"2026-07-03 07:31:31",0.77033,2,jiey37
7292,16481673,linjie19,"2026-07-03 12:08:20",0.77033,1,linjie19
7293,14663203,"Enrico Kalt","2026-07-03 12:25:07",0.77033,6,enricokalt
7294,16432427,Ikirby0727,"2026-07-03 14:15:06",0.77033,2,ikirby0727
7295,16483151,"Sneha Senmoni","2026-07-03 18:01:28",0.77033,2,snehasenmoni
7296,16483294,"Kethellem Oliveira","2026-07-03 19:16:05",0.77033,2,kethellemoliveira
7297,16484287,LINOOCH,"2026-07-04 04:05:27",0.77033,2,linooch
7298,14353354,"Антон Иванов #2","2026-07-04 09:14:16",0.77033,1,jazzyflavor
7299,16485295,竹谷尚起,"2026-07-05 03:12:01",0.77033,8,take1116
7300,16485589,Praveenkkkkkk,"2026-07-04 10:54:07",0.77033,1,praveenkkkkkk
7301,16127281,"Mauricio Arango Arteaga","2026-07-07 00:46:37",0.77033,3,marangoa
7302,16471719,"Nikita Patotov","2026-07-05 07:22:38",0.77033,12,nikitapatotov
7303,16490992,"Shubham Sahay #2","2026-07-05 17:17:12",0.77033,7,agentcoder47
7304,16488287,"Luka Fustar","2026-07-05 22:41:05",0.77033,2,lukafustar
7305,14997880,"Honda Motomasa","2026-07-06 05:17:34",0.77033,3,hondamotomasa
7306,16492740,SONGJiayi360,"2026-07-06 06:31:21",0.77033,1,songjiayi360
7307,16461296,"Tanuj Rastogi","2026-07-06 14:15:45",0.77033,28,andromeda
7308,16464464,"WINSTON LU","2026-07-21 09:57:24",0.77033,20,winstonlu06
7309,16493760,kimsangwoo,"2026-07-06 09:08:06",0.77033,2,sangwoo9
7310,16494818,G1251432797,"2026-07-06 12:09:00",0.77033,1,g1251432797
7311,16460902,"Brisingr #3","2026-07-16 15:43:12",0.77033,35,rbrisingr
7312,16496462,sussicraN,"2026-07-06 17:46:09",0.77033,1,sussicran
7313,16496803,"Abhay Kumar Prajapati","2026-07-06 19:51:46",0.77033,2,abhaykp89
7314,16497136,Gardar,"2026-07-06 22:08:41",0.77033,4,gardar42
7315,16497265,"Kristina Zakaryan","2026-07-06 22:15:10",0.77033,1,tinazakaryan
7316,16468047,weiwj-joyce,"2026-07-07 01:26:04",0.77033,1,weiwjjoyce
7317,16498150,xdanvieira,"2026-07-07 04:40:06",0.77033,1,xdanvieira
7318,16499654,tekatoncat,"2026-07-07 08:09:20",0.77033,1,tekatoncat
7319,16499742,Dennis_adnewM,"2026-07-07 08:31:52",0.77033,2,dennisadnewm
7320,16459763,"Boris #4","2026-07-07 11:57:19",0.77033,2,b0r1s0k0l
7321,16501640,碓井康幸,"2026-07-08 12:50:12",0.77033,4,yasutty0706
7322,16496121,"Lev Buharov","2026-07-07 18:24:05",0.77033,2,liffka
7323,16504394,"Thom de Ruwe","2026-07-09 07:22:14",0.77033,4,thomderuwe
7324,16506526,リンギングノイズ,"2026-07-08 09:08:55",0.77033,2,hologoto
7325,16507299,ZhangGuiYing,"2026-07-08 09:09:39",0.77033,1,zhangguiying
7326,16507162,kazakovu,"2026-07-08 09:38:03",0.77033,2,kazakovu
7327,16508427,"OHO MANABU","2026-07-08 14:03:54",0.77033,1,ohomanabu
7328,16508914,"Indra Nata","2026-07-08 16:35:13",0.77033,2,indranataaa
7329,16442637,"Panagiotis Anagnostou","2026-07-08 17:56:11",0.77033,7,panosanag
7330,16510345,RIKKA421,"2026-07-09 02:13:54",0.77033,2,rikka421
7331,14069869,"eric #10","2026-07-24 09:03:38",0.77033,3,lussuyuan
7332,16513780,balint-sizzle,"2026-07-09 18:22:44",0.77033,2,balintsizzle
7333,16514939,"SU SONG CHI","2026-07-13 03:43:50",0.77033,11,susongchi
7334,16514940,"Daniel Vidal Osinaga","2026-07-10 03:24:30",0.77033,1,danielvidalosinaga
7335,16515924,"MANOJ KUMAR C S","2026-07-10 10:50:00",0.77033,2,manojkumarcs28
7336,16516421,tangking,"2026-07-10 11:50:51",0.77033,4,tangkingzzz
7337,16516414,Samekto,"2026-07-10 11:52:10",0.77033,2,samekto
7338,16518017,"Aritra Mandal","2026-07-10 21:11:07",0.77033,2,aritra114
7339,16518091,"Humna Attique","2026-07-10 22:12:28",0.77033,1,humnaattique
7340,16518076,RanaHamza16,"2026-07-10 22:27:10",0.77033,1,ranahamza16
7341,16530588,Mfccccc,"2026-07-11 03:14:50",0.77033,1,mfccccc
7342,16512449,"CHINMAY GIRIJESH PANDEY","2026-07-12 11:25:03",0.77033,5,ds23f2000449
7343,15176182,AnaghaMGM,"2026-07-11 06:18:03",0.77033,1,anaghamgm
7344,16531970,"Rouzbeh Amidi","2026-07-11 11:32:32",0.77033,3,rouzbehamidi
7345,16531994,"Saniya Bhuskute","2026-07-11 12:41:13",0.77033,2,saniyabhuskute
7346,16532278,"Srushti #2","2026-07-11 13:16:37",0.77033,1,srushti111234frb
7347,16533483,"Jeremie Agee","2026-07-11 21:54:03",0.77033,4,jeremieagee
7348,16534543,"Sharvil Mahajan","2026-08-06 04:23:11",0.77033,5,sm7806
7349,16536638,"Nitin Baranwal","2026-07-12 22:55:17",0.77033,2,nitinbaranwal
7350,16536856,"WARE Larouh Joo le Houppier","2026-07-13 00:53:40",0.77033,2,larouhjoolhware
7351,15324323,"Luke Cheng","2026-07-13 03:45:30",0.77033,1,lukeechgkk
7352,16539838,"Egor #9","2026-07-13 15:00:33",0.77033,1,egor0306
7353,16540423,"Shivam Singh #11","2026-07-13 17:31:16",0.77033,3,shivamsingh69
7354,16543493,"V stepback","2026-07-14 10:21:43",0.77033,2,vstepback
7355,16543591,"MD Hannan Danish","2026-07-14 10:42:37",0.77033,1,mdhannandanish
7356,16547918,"Neive  Coelho","2026-07-14 23:08:42",0.77033,1,neivecoelho
7357,16548330,plankton12138,"2026-07-15 02:14:53",0.77033,1,plankton12138
7358,16548401,"Davy Williams","2026-08-06 03:01:34",0.77033,2,davywilliams
7359,6393103,K020,"2026-07-15 05:07:00",0.77033,1,shivagomasa
7360,16549611,quanmu,"2026-07-15 07:43:01",0.77033,1,quanmu
7361,16549660,mlmlmlmlmlmlmlmlml,"2026-07-15 08:06:39",0.77033,3,mlmlmlmlmlmlmlmlml
7362,16551752,jiwoo,"2026-07-15 17:11:19",0.77033,2,hellookjw
7363,16552071,Trevor.j.Phillips,"2026-07-16 03:23:50",0.77033,9,trevorjphillips
7364,16552651,igorkhil,"2026-07-15 23:58:45",0.77033,1,igorkhil
7365,16549477,hanwenjiex,"2026-07-17 01:35:28",0.77033,10,hanwenjiex
7366,4120737,"Mateus Muniz Vitor","2026-07-16 03:04:24",0.77033,2,mateusmunizvitor
7367,16553219,kim02,"2026-07-16 04:05:23",0.77033,1,kim02sy
7368,16511623,"Tomoki Sakai #3","2026-07-16 08:14:38",0.77033,3,tomoki428
7369,16554644,RohitKKaushik,"2026-07-16 10:28:09",0.77033,1,rohitkkaushik
7370,16553594,TrueMoonEdge,"2026-08-10 08:07:05",0.77033,5,truemoonedge
7371,16551891,"Владислав ","2026-07-18 08:55:56",0.77033,5,vladislavtg
7372,16555397,Davcio,"2026-07-18 08:48:42",0.77033,14,davcio
7373,13482576,"Murat Taştan","2026-07-23 11:14:51",0.77033,2,murattastan
7374,16561610,"Dark Bhai","2026-07-18 02:13:54",0.77033,1,darkhkr
7375,16566302,"Gavin Ardhijaya","2026-07-18 18:19:49",0.77033,1,gavinardhijaya
7376,16566529,"Мария Луганская","2026-07-18 20:31:42",0.77033,1,luganskaymasha
7377,16566803,"Leonardo Luca Rib","2026-07-18 23:14:02",0.77033,1,leonardolucarib
7378,16567068,"Arjun S Karthikeyan","2026-07-19 02:30:47",0.77033,1,arjunskarthikeyan
7379,16567174,"Gavin K Wong","2026-07-19 03:15:32",0.77033,1,gavinkwong
7380,16567163,Zhenghang,"2026-07-19 03:17:37",0.77033,2,zhenghangwu45
7381,16572204,"Fabricio Oliveira","2026-07-22 00:50:49",0.77033,3,fabriciooliveira001
7382,16572858,"Andrea Scherben","2026-07-20 02:41:31",0.77033,3,andreascherben
7383,16572875,"ROHMAT HIDAYAT YUSUF Mahasiswa","2026-07-20 05:00:13",0.77033,2,rohmathidayatyusuf1
7384,16575290,"Jason Jeon","2026-07-20 13:45:23",0.77033,3,jasonjeon203
7385,16575917,"Anatoly #3","2026-07-20 18:56:48",0.77033,2,anatolylev
7386,16576764,"Kevin N #2","2026-07-20 19:11:57",0.77033,1,kevinhyn
7387,16578015,"Wagner Assis #2","2026-07-21 00:05:42",0.77033,1,wagnerbassis
7388,16580527,"Delight Aheebwa","2026-07-21 11:13:48",0.77033,1,delightaheebwa
7389,12932639,"Kumar Gaurav132","2026-07-21 17:11:52",0.77033,2,kumargaurav132
7390,16565319,RAHA,"2026-08-10 16:37:42",0.77033,7,l4r3nn
7391,16583767,"Semebber Silva Lino","2026-07-22 12:38:55",0.77033,2,semebbersilvalino
7392,16583846,"Marcel Girgis","2026-07-22 02:34:16",0.77033,2,marcelgirgis
7393,16575358,hamu86,"2026-07-24 14:34:08",0.77033,13,hamu86
7394,16584396,"Jufuku Kazunari","2026-07-22 05:58:37",0.77033,1,jufukukazunari
7395,16585777,"Wenfu Bi","2026-07-22 12:50:21",0.77033,1,wenfubi
7396,16145245,"y kyoto","2026-07-22 13:08:27",0.77033,1,ykyoto
7397,16588838,ZHANG0708,"2026-07-23 07:40:03",0.77033,1,zhang0708
7398,16589601,SourabhBasutkar,"2026-07-23 11:30:25",0.77033,1,isourabh
7399,16590611,cccccccjoess,"2026-07-23 16:58:01",0.77033,1,cccccccjoess
7400,16591177,"Basel Odat","2026-07-23 21:12:41",0.77033,1,baselodat
7401,16591256,"Arpit Kushwaha","2026-07-24 11:55:55",0.77033,3,kushwahaaa27
7402,16557040,"Ana F Moreira","2026-07-24 01:38:55",0.77033,5,anafmoreira
7403,16592057,gentakabasawa,"2026-07-24 04:50:20",0.77033,1,gentakabasawa
7404,16592762,"koki mochizuki","2026-07-24 08:09:47",0.77033,1,graecia
7405,16593646,fyomisasi,"2026-07-25 03:47:30",0.77033,3,fyomisasi
7406,16593695,"Arda Arpacı","2026-07-25 09:35:21",0.77033,6,ardaelectronic
7407,16595344,"Abby Krause","2026-07-24 22:06:00",0.77033,2,abbykrause
7408,16595411,"Advait Parashar","2026-07-24 23:07:43",0.77033,1,advaitparashar
7409,16596451,AAAmuze,"2026-07-25 01:35:45",0.77033,1,aaamuze
7410,16597062,Eateatyumm,"2026-07-25 05:41:54",0.77033,1,eateatyumm
7411,16597326,sooooda,"2026-07-25 07:07:15",0.77033,2,sooooda
7412,16597594,"Dharti- Mitra","2026-07-25 08:11:04",0.77033,2,dhartimitra
7413,16597919,YinYang200603,"2026-07-25 09:51:48",0.77033,1,yinyang200603
7414,16570830,"Pablo Benachio","2026-07-26 18:17:52",0.77033,10,pablobenachio
7415,16598615,"Leonardo Arrigoni #2","2026-07-26 10:44:28",0.77033,7,leonardoarrigonidata
7416,16599071,"Naufal Ahmad","2026-07-25 15:37:38",0.77033,1,ahmadfdhl
7417,16599541,"Juan Almonte","2026-07-25 18:36:08",0.77033,1,sirredofthejohns
7418,16513872,"MD. Abdullah","2026-07-25 20:21:59",0.77033,14,abdullahxd101
7419,16599887,"Gabriel Borralho","2026-07-25 23:00:59",0.77033,1,gabrielborralho98
7420,16597030,Caochenyu,"2026-07-26 03:41:25",0.77033,2,ccwell
7421,16600494,"Sweyjot Dhillon","2026-07-26 05:42:17",0.77033,1,sweyjotdhillon
7422,16600781,minhyukKim,"2026-07-26 07:16:37",0.77033,1,minkimmn
7423,16601376,Ruthnn,"2026-07-26 09:55:37",0.77033,1,ruthnn
7424,16562899,"Jesse Yu","2026-07-26 13:50:09",0.77033,6,jcyu123
7425,16601996,"Donghyeok Kim","2026-07-26 13:40:12",0.77033,1,donghyeokkim1231
7426,16602182,"Jungmin Park 0701","2026-07-26 14:35:46",0.77033,1,jungminpark0701
7427,16602266,hlee280,"2026-07-26 14:57:50",0.77033,1,hlee280
7428,16603318,"Carla C. G. Moreira","2026-07-27 00:05:23",0.77033,2,carlacgmoreira
7429,16603360,"Romeu Ribeiro","2026-07-27 00:28:54",0.77033,1,romeuribeiro
7430,13527228,WangDongwei15,"2026-07-27 06:23:17",0.77033,6,wangdongwei15
7431,16241305,"innocent uguru","2026-07-27 14:29:14",0.77033,2,innocentuguru
7432,16606736,"Raffaello Tamagnini","2026-07-27 18:17:07",0.77033,1,m00nxx
7433,16606742,"Chinmay V Hegde","2026-07-27 18:18:43",0.77033,1,chinmayvhegde
7434,16607402,"Diego Planichek","2026-07-28 00:30:13",0.77033,2,diegoplanichek
7435,16593277,"Deepan Jayapala","2026-07-28 06:20:00",0.77033,4,deepanjayapala
7436,16608315,"Mingyang Liu #2","2026-07-28 06:39:41",0.77033,1,lmyalreadytaken
7437,16608529,"praveen dadala","2026-07-28 07:30:06",0.77033,1,praveendadala
7438,16609846,"Heather Logan","2026-07-29 16:58:17",0.77033,2,heatherlogan26
7439,16609950,B.Harshitha,"2026-07-28 14:13:12",0.77033,1,chinnuharshithab
7440,16610228,YeseoChang,"2026-07-28 15:21:54",0.77033,1,yeseochang11
7441,16587598,"Anoop Kaur","2026-07-28 16:02:24",0.77033,3,anoopkaur
7442,13876776,kamigaitoshun,"2026-07-29 00:51:54",0.77033,3,shunmaru
7443,16611496,"Samuel Morsch","2026-07-29 00:52:48",0.77033,1,samuelmorsch
7444,15389497,tmNsh1,"2026-07-29 05:24:10",0.77033,3,tmnsh1
7445,16600318,"Faraz Safder","2026-07-29 06:31:13",0.77033,4,farazsafder
7446,16613129,"Emma Westlund","2026-07-29 11:48:23",0.77033,3,emmawestlund
7447,16613623,patelvyom626,"2026-07-29 13:03:08",0.77033,1,patelvyom626
7448,16616959,"Jacob Bugge","2026-07-30 03:48:08",0.77033,1,jacobbugge
7449,16617751,Tachi333,"2026-07-30 07:12:07",0.77033,2,tachi333
7450,16617774,"Singaravelan G","2026-07-30 07:12:22",0.77033,1,singaravelan8939
7451,16618643,"ian beine","2026-07-30 10:50:29",0.77033,1,ianbeine
7452,16619087,lsmltjj,"2026-07-30 12:16:02",0.77033,1,lsmltjj
7453,16620265,"Dian Tang #2","2026-07-30 16:03:55",0.77033,4,ziantsu
7454,16621167,"Mosab Saad","2026-08-04 05:19:20",0.77033,2,mosabsaad
7455,314649,hwhiting,"2026-07-30 20:27:09",0.77033,3,hwhiting
7456,16623845,wenbin2730,"2026-07-31 02:57:29",0.77033,2,wenbin2730
7457,16628859,moqnana,"2026-07-31 09:24:58",0.77033,3,moqnana
7458,16579128,"Dyachenko Maksim","2026-07-31 11:16:01",0.77033,2,dyachmak
7459,16618095,kazzUn,"2026-07-31 14:35:05",0.77033,2,kazzun
7460,16632334,"Tennoji Kamui","2026-08-04 22:15:28",0.77033,4,tennojikamui
7461,16635170,"Jiahui Qin","2026-08-01 08:18:37",0.77033,1,jeffieqin
7462,16635348,"Muhammad Ahmad Raza 5","2026-08-01 09:06:38",0.77033,1,muhammadahmadraza5
7463,16635119,"junfeng zhu1111","2026-08-01 11:11:31",0.77033,6,junfengzhu1111
7464,16597977,"Butch Amaga  Imperial","2026-08-01 13:01:01",0.77033,3,butchamagaimperial
7465,16506198,bluemopu,"2026-08-01 14:38:39",0.77033,4,bluemopu
7466,16638905,"Mr. Allen","2026-08-02 09:23:36",0.77033,3,mrrallen
7467,14399697,"Jiaxun Lu","2026-08-02 13:19:18",0.77033,2,lucasjxlu
7468,16643071,"Panduru Aadhithya","2026-08-02 16:09:21",0.77033,2,aadhithya0231
7469,16643519,Praveen_2772007,"2026-08-02 16:49:13",0.77033,1,praveen2772007
7470,16652941,EthanIconic,"2026-08-04 06:32:50",0.77033,4,ethaniconic
7471,16653148,"Santiago Martínez Soler","2026-08-03 17:29:04",0.77033,5,santiagomartnezsoler
7472,16653862,"MOHAMED AZIZ AYOUNI","2026-08-03 17:57:35",0.77033,2,mohamedazizayouni
7473,5402905,soccersuki,"2026-08-04 00:53:18",0.77033,4,soccersuki
7474,16656341,"Ank Việt","2026-08-04 03:59:11",0.77033,1,ngvanh21
7475,16657608,"GAURAV TRIBHUWAN","2026-08-04 06:32:41",0.77033,2,gauravtribhuwan
7476,16657632,ShivThakare,"2026-08-04 06:32:46",0.77033,1,shivthakare01
7477,16496918,"Shubham Dongare","2026-08-04 06:34:53",0.77033,2,shubhamdongare295
7478,16657673,"Kanchan Ghode","2026-08-04 06:36:55",0.77033,1,kanchanghode
7479,16657691,"ADITYA YENDE","2026-08-04 06:38:33",0.77033,1,adityayende
7480,16657726,"Aaron Garvin","2026-08-04 07:10:15",0.77033,3,aarongarvin
7481,16657840,Vedant.Ghatole,"2026-08-04 06:53:01",0.77033,1,vedantghatole05
7482,4543063,"Danila Bureev","2026-08-04 09:54:08",0.77033,3,fox7orange
7483,16661080,"Darani Kettimuthu","2026-08-04 13:29:44",0.77033,1,daranikettimuthu
7484,16661227,Dzhemz,"2026-08-04 14:16:01",0.77033,2,dzhemz
7485,16662900,"Tanner Smith #2","2026-08-04 18:28:04",0.77033,1,tannersmith1
7486,16663398,"MAKSIM SMIRNOV","2026-08-04 20:29:42",0.77033,1,maksmirnov
7487,16665182,"Sơnn Kiều","2026-08-05 05:45:39",0.77033,1,snnkiu
7488,16665756,Alastor57,"2026-08-05 07:51:34",0.77033,8,alastor57
7489,16666064,"Abhishek Kumar Jha #4","2026-08-05 18:43:39",0.77033,7,jha1210
7490,16666101,"Aditi Singh #10","2026-08-05 08:50:19",0.77033,3,aditis2609
7491,16666613,"Dmitrii Pischulin","2026-08-05 10:36:24",0.77033,8,dmitriipischulin
7492,16662710,julhooo,"2026-08-05 14:26:47",0.77033,2,julhooo
7493,14326192,"Geisson Barbacena","2026-08-05 17:06:58",0.77033,2,geissonbarbacena
7494,16669985,"Anton Azer","2026-08-05 19:12:58",0.77033,1,antonazer
7495,16670232,"Aaron Green #2","2026-08-05 20:09:21",0.77033,1,aarongreen1234
7496,16670106,BlindTech,"2026-08-05 20:43:17",0.77033,10,blindtech
7497,15080791,"Keya Dobriyal","2026-08-05 23:48:40",0.77033,1,keyadobriyal
7498,16670664,"Dalibor Makovnik","2026-08-06 01:51:09",0.77033,6,dalibormakovnik
7499,14371112,"Vadim Sulimov","2026-08-07 08:29:25",0.77033,10,vadsul
7500,16675083,"RK Bharuka","2026-08-06 11:10:12",0.77033,1,rkbharuka
7501,16675135,"Luis Zhang","2026-08-06 11:36:26",0.77033,2,luiszhang777
7502,16677225,"Vladimir Annenkov","2026-08-06 16:33:17",0.77033,1,vladimirannenkovml
7503,16681010,KhalilLi111,"2026-08-07 03:13:45",0.77033,1,khalilli111
7504,16681111,"Xaeric Jaos (Xaeric)","2026-08-07 03:36:42",0.77033,2,xaericjaosxaeric
7505,16651544,"Đức Anh Nguyễn #2","2026-08-07 04:09:08",0.77033,6,nguyenducanh1510
7506,16681537,"Đặng Đức Anh 25023147 ","2026-08-07 04:33:24",0.77033,1,ngcanh25023147
7507,16682325,bryan_0204,"2026-08-07 06:18:17",0.77033,1,bryan0204
7508,16684107,"Sepideh Rahmati","2026-08-07 10:08:08",0.77033,1,sepidehrahmati
7509,16684283,yiyiran666,"2026-08-07 10:42:53",0.77033,1,yiyiran666
7510,16684806,"S.Kumaravel vasu","2026-08-07 12:26:03",0.77033,2,skumaravelvasu
7511,16680467,"Ricardo Alarcon Castro ","2026-08-07 13:25:49",0.77033,3,ricardoalarconcastro
7512,16669110,"Hoàng Thái Dương Nguyễn","2026-08-07 15:27:18",0.77033,2,hongthidngnguyn
7513,16687357,"herpa derp51","2026-08-07 20:24:30",0.77033,10,herpaderp51
7514,16688714,Namhh.BTC,"2026-08-08 05:59:08",0.77033,10,haixuanxs
7515,16691433,Hrystal,"2026-08-08 15:07:43",0.77033,3,hrystal
7516,16691760,"Hải Đăng #2","2026-08-08 15:53:31",0.77033,1,haidang91
7517,16692712,"Konko M","2026-08-08 19:54:46",0.77033,3,konkomaji
7518,14334457,"Mohamed Youssef #2","2026-08-08 21:43:55",0.77033,1,mhmd1424
7519,16693111,"DESMOND NANA ADJEI1111","2026-08-08 23:06:04",0.77033,1,desmondnanaadjei1111
7520,16693583,Namelessyy,"2026-08-09 04:10:28",0.77033,2,namelessyy
7521,16693959,"Great ivburie","2026-08-09 05:38:36",0.77033,1,greativburie
7522,15998069,"om vitthani","2026-08-09 11:58:09",0.77033,2,omvitthani
7523,16697161,TunjiSherif,"2026-08-09 16:43:55",0.77033,1,tunjisherif
7524,15817140,"Berkay Kasin","2026-08-09 17:00:30",0.77033,2,berkaykasin
7525,16699556,rchrdddnc,"2026-08-10 08:07:06",0.77033,5,rchrdddnc
7526,16701090,tjparsons3,"2026-08-10 12:06:57",0.77033,1,tjparsons3
7527,16701605,"Florent Lepineux","2026-08-10 14:10:07",0.77033,3,florentlepineux
7528,16698247,"Astitva Krishna Yadav","2026-08-11 16:13:04",0.77033,8,astitvakrishnayadav
7529,14261785,"Federico Trinca","2026-08-10 16:22:00",0.77033,2,federicotrinca
7530,16702158,"Keerthana Govind","2026-08-10 16:18:59",0.77033,2,keerthanagovind
7531,16702340,"Njah Clifford","2026-08-10 17:10:25",0.77033,1,njahclifford
7532,16702974,"Ahmad Irfan Suady","2026-08-10 19:50:17",0.77033,1,papan4tas
7533,16704241,"Naina Aqeela Zahira","2026-08-12 06:45:25",0.77033,3,nainaaqeelazahira
7534,16706304,LsyHeart,"2026-08-11 08:02:20",0.77033,2,lsyheart
7535,16706817,"Pranathi Andela","2026-08-11 09:26:18",0.77033,1,pranathiandela
7536,16708786,"Ahmad Alimin","2026-08-11 17:06:18",0.77033,1,ahmadalimin
7537,16710285,"KORN MOHN","2026-08-12 04:13:11",0.77033,1,kornmohn
7538,15789556,secret78510,"2026-08-12 06:45:41",0.77033,2,secret78510
7539,16711606,"Dave Edrian Roberto","2026-08-12 08:48:58",0.77033,1,daveedrianroberto
7540,16709343,"Saumitra Kumar","2026-08-12 11:47:50",0.77033,7,intergalacticviper
7541,16712317,南门阳德,"2026-08-13 03:31:36",0.77033,4,nanmenyangde
7542,16713045,Jihopark1185,"2026-08-12 15:16:41",0.77033,1,jihopark1185
7543,16713926,"Emre UCAR","2026-08-12 19:07:30",0.77033,4,emreucr
7544,16714060,"Suvarna Gaikwad","2026-08-12 19:54:34",0.77033,4,suvarnagaikwad24
7545,16716569,"Phubodee Thamphithak","2026-08-13 09:02:34",0.77033,1,phubodeethamphithak
7546,16716928,tera,"2026-08-13 12:37:12",0.77033,2,t3r4s4k1
7547,16717437,"Rajesh Kumar #8","2026-08-13 13:03:05",0.77033,1,rajeshlika79
7548,16718611,"Gojur Raviteja Ravi","2026-08-13 19:06:40",0.77033,1,gojurravitejaravi
7549,16352523,"xiao yuan0923","2026-06-15 06:43:54",0.76794,3,xiaoyuan0923
7550,16325516,Sudeep2406,"2026-06-15 07:08:31",0.76794,2,sudeep2406
7551,16354887,"xiaobin yáng","2026-06-15 08:17:02",0.76794,1,xiaobinyng
7552,16355816,"MMM M","2026-06-15 09:09:28",0.76794,1,masitong
7553,16327069,"Claudio #2","2026-06-15 10:04:04",0.76794,1,claudioqx
7554,16358503,Vadim43,"2026-06-15 12:01:03",0.76794,1,vadim43
7555,16364993,aaaaaaaaaayan,"2026-06-15 16:36:23",0.76794,1,aaaaaaaaaayan
7556,15980241,huashengdou,"2026-06-23 05:07:04",0.76794,9,huashengdou
7557,16370134,"Brain Wright","2026-06-16 07:55:33",0.76794,3,brainwright
7558,16370627,HANJibeom,"2026-06-16 08:26:34",0.76794,1,j1be0m
7559,16370649,Rentify,"2026-06-16 09:30:31",0.76794,2,rentifyy
7560,12103422,内山大輝,"2026-06-16 12:28:22",0.76794,1,caratheorder
7561,9815553,"in seob Ji","2026-06-16 12:48:28",0.76794,1,inseobji
7562,16372975,"xia xia wang","2026-06-16 14:33:39",0.76794,1,xiaxia99
7563,16373383,"Niloy Banerjee","2026-06-16 15:23:50",0.76794,2,niloybanerjee
7564,16376314,"Kevin Biggers","2026-06-17 12:38:02",0.76794,3,kevinbiggers
7565,16374850,zx-jqxx,"2026-06-17 04:24:07",0.76794,1,zxjqxx
7566,16377315,"sergio conde","2026-06-17 04:27:40",0.76794,1,sfconde
7567,16377506,"Hoang Vivian","2026-06-17 08:24:37",0.76794,5,hoangvivian
7568,16369271,"Piyush Dankhra","2026-06-17 08:07:21",0.76794,4,dankhrapiyush
7569,16382646,"Ben Jaynes","2026-06-17 15:00:02",0.76794,2,benjaynes
7570,4636136,"Corey Elowsky","2026-06-23 23:56:11",0.76794,6,coreyelowsky
7571,16383782,"Vasudev V","2026-06-21 16:51:47",0.76794,2,vasuuu2005
7572,16385927,Soyeoniee,"2026-06-18 05:38:06",0.76794,2,soyeoniee
7573,16300649,"Ken Wong666","2026-06-18 09:14:38",0.76794,1,kenwong666
7574,16388505,"Fatima Kashif","2026-06-18 12:22:31",0.76794,3,fatima457
7575,16383124,Marble,"2026-06-18 17:32:40",0.76794,5,msmmir
7576,16389909,"Zahra Karimi","2026-06-18 16:12:03",0.76794,1,qsqwedqwe
7577,16390027,"arman oshaei","2026-06-18 16:39:14",0.76794,1,armanoshaei
7578,14354110,"Tolga Değirmenci","2026-06-18 17:01:37",0.76794,1,tolgadeirmenci
7579,16378397,shiso0414,"2026-06-18 18:26:25",0.76794,3,shiso0414
7580,16391250,"Alexis Crédo","2026-06-18 21:22:17",0.76794,1,alexiscrdo
7581,16000485,"Jeevpreet Ahluwalia","2026-06-19 00:30:08",0.76794,1,jeevpreetahluwalia
7582,16273111,"Creezz crzz","2026-07-15 06:06:45",0.76794,4,creezzcrzz
7583,3150257,keta108,"2026-06-19 03:36:18",0.76794,2,keta108
7584,16190084,Yutaron,"2026-06-19 03:36:50",0.76794,1,yutaron
7585,16190081,"Daeyoung Ahn","2026-06-19 03:38:45",0.76794,1,daeyoungahn
7586,16393023,"Mr. Rohit Kumawat","2026-06-20 05:28:55",0.76794,2,mrrohitkumawat
7587,5972654,"Shinki Oyabu","2026-06-19 08:11:43",0.76794,2,shinkioyabu
7588,16393537,aaaaaaaaaaabcc,"2026-06-19 08:24:33",0.76794,1,aaaaaaaaaaabcc
7589,16393547,島田英太郎,"2026-06-19 08:27:17",0.76794,1,eitarodeveloper
7590,16393582,"masato #2","2026-06-19 08:37:08",0.76794,1,masato25
7591,12803615,Kumasuke16,"2026-06-19 08:38:22",0.76794,2,kumasuke16
7592,16393568,HYTYMMT,"2026-06-19 08:45:52",0.76794,4,hytymmto
7593,16393623,san1204,"2026-06-19 08:46:30",0.76794,1,san1204
7594,16393634,"Seiya KAMBARA","2026-06-19 08:48:15",0.76794,1,jamiroquai2003
7595,16393638,"Sora Nishii","2026-06-19 08:55:29",0.76794,2,soranishii
7596,16393621,"Kotaro Noguchi","2026-06-19 08:49:46",0.76794,2,fluidsengineering
7597,16393658,hiyoko30,"2026-06-19 08:54:11",0.76794,1,hiyoko30
7598,16393528,phonon_photon,"2026-06-19 08:54:24",0.76794,2,phononphoton
7599,16393673,"Yamamoto Yuto","2026-06-19 08:56:26",0.76794,1,yamamotoyuto
7600,16393703,Onishi-Tokudai,"2026-06-19 09:04:35",0.76794,1,onishitokudai
7601,16393713,YUHANWANG#717,"2026-06-19 09:07:45",0.76794,1,yuhanwang717
7602,16393716,"Atsuya Kidoguchi","2026-07-03 08:12:08",0.76794,2,atsuyakidoguchi
7603,16393711,今吉太希,"2026-06-19 09:09:14",0.76794,2,konkichii
7604,16393726,"shoji chikara","2026-06-19 09:09:30",0.76794,1,shojichikara
7605,16393727,YamasakiTA,"2026-06-19 09:09:45",0.76794,1,yamasakita
7606,16393731,"Daichi Morinishi","2026-06-19 09:09:59",0.76794,1,daichimorinishi
7607,16393746,山崎帆時,"2026-06-19 09:12:20",0.76794,1,hotoki05031
7608,16393644,"Taichi Mizutani","2026-06-19 09:12:22",0.76794,2,tsugoyuvgyi
7609,16393760,"Tomoki Tamamura","2026-06-19 10:12:22",0.76794,3,tomokitamamura
7610,16393762,"Sone Mizuki","2026-06-19 09:15:04",0.76794,1,sonemizuki
7611,16393690,"Kiyoyuki Tsubota","2026-06-19 09:17:01",0.76794,3,kiyo06
7612,16393781,相原健人,"2026-06-19 09:19:29",0.76794,1,kento0811
7613,16393787,"Taiga Hamada","2026-06-19 09:20:30",0.76794,1,htg1111
7614,16393790,omuiine,"2026-06-19 09:20:59",0.76794,1,soniene
7615,16393809,minadukki,"2026-07-17 08:54:17",0.76794,5,minadukki
7616,16393816,oreoreo,"2026-06-19 09:24:04",0.76794,1,oreoreokun
7617,16393820,谷　恭哉,"2026-06-19 09:24:50",0.76794,1,takeshitakeoka
7618,16393829,kanatatsu,"2026-06-19 09:26:17",0.76794,1,kanatatsu
7619,16393831,YamashitaTaisei,"2026-06-21 12:48:47",0.76794,3,yamashitataisei
7620,16393852,"Ryosei Oshita","2026-06-19 09:30:38",0.76794,1,ryoseioshita
7621,16393855,河田健太郎,"2026-06-19 09:31:35",0.76794,1,kawatakentaro
7622,16393863,hachi8836,"2026-06-19 09:32:23",0.76794,1,hachi8836
7623,16393874,"Yamaji Ousuke","2026-06-19 09:34:49",0.76794,1,yamajiousuke
7624,16393875,"山田太郎 #5","2026-06-19 09:35:09",0.76794,1,abcde1928
7625,16393886,"楠本 健太朗","2026-06-19 09:39:13",0.76794,1,kusumotokentaro
7626,16393837,賀好侑也,"2026-06-19 09:42:44",0.76794,3,yuyuyuyu324087
7627,16393897,"Nanako Asada","2026-06-19 09:54:55",0.76794,2,nanakoasada
7628,16393926,"Masugata Ryunosuke","2026-06-19 09:49:11",0.76794,1,masugataryunosuke
7629,16393931,西田大連,"2026-06-19 09:50:21",0.76794,1,nishidadairen
7630,16393941,"Yutaro Fujiki_tu","2026-06-19 09:51:46",0.76794,1,yutarofujikitu
7631,16393962,"Fukuoka Saaya","2026-06-19 09:55:23",0.76794,1,fukuokasaaya
7632,16393975,"Tsuchiya Takeru","2026-06-19 09:58:13",0.76794,1,tsuchiyatakeru
7633,16393903,Kota_Kaku_JP,"2026-07-10 08:10:51",0.76794,5,kotakakujp
7634,16394004,k03151,"2026-07-07 15:47:36",0.76794,3,k03151
7635,16394005,"nakamura aina","2026-06-19 10:01:54",0.76794,1,aina0310
7636,16394025,"Eijin Kawai","2026-06-19 10:06:06",0.76794,1,eijinkawai
7637,16393878,Keigo_0119,"2026-06-19 10:07:07",0.76794,2,keigo0119
7638,16394040,"菅 隼貴","2026-06-19 10:10:05",0.76794,1,shunki7kan
7639,16393873,Akitonton4r,"2026-07-22 03:32:36",0.76794,7,akitonton4r
7640,16394050,KIMURA　HARUKI,"2026-06-19 10:12:02",0.76794,1,kimuraharuki
7641,16394061,"Kawano Sachika","2026-06-19 10:13:51",0.76794,1,kawanosachika
7642,16394071,かわうそ,"2026-06-19 10:15:02",0.76794,1,detaaisennsu0619
7643,16394086,長山千聖,"2026-06-19 10:19:13",0.76794,1,takanamentai
7644,16394090,"shota katayama","2026-06-19 10:19:54",0.76794,1,shotakatayama
7645,16394099,"Shinya Sato","2026-06-19 10:21:46",0.76794,1,shinyasato1007
7646,16394064,"Shinjin Muramatsu","2026-06-19 10:23:48",0.76794,2,shinjinmuramatsu
7647,16394108,m_kkkkk_04,"2026-06-19 10:24:06",0.76794,1,mkkkkk04
7648,16394136,"Naoya Tanigaki","2026-06-19 10:29:57",0.76794,1,naoyatanigaki
7649,16394141,"Tamaki NIKI","2026-06-19 10:32:15",0.76794,1,tamakiniki
7650,16394147,隅田いろは,"2026-06-19 10:33:39",0.76794,1,psyqidc39
7651,16394057,naoki1002,"2026-06-19 10:35:57",0.76794,1,naoki1002
7652,16394220,"Takuma Matsumura","2026-07-24 07:13:00",0.76794,3,kocha600000
7653,16394332,"Kami Fukuya","2026-06-19 11:19:22",0.76794,1,kamifukuya
7654,16394429,Mohammadreza,"2026-06-19 11:43:06",0.76794,1,mohammadreza1717
7655,16394449,酒井智花,"2026-06-19 11:58:43",0.76794,2,timocha26
7656,16394448,畠中慎平,"2026-07-17 07:49:22",0.76794,8,hatanakashim
7657,16394577,NGT12345,"2026-07-26 08:59:26",0.76794,3,ngt12345
7658,16394474,"Kenta Yanai","2026-06-19 12:24:46",0.76794,6,kentayanai
7659,16394609,"Yumi Kusumoto","2026-06-19 12:24:46",0.76794,1,yumikusumoto
7660,16394635,杉山颯介,"2026-06-19 14:58:41",0.76794,3,sugiyamasosuke
7661,16394660,"Ryotaro Hayashi","2026-06-19 12:37:56",0.76794,1,hayashi1613
7662,16394725,広沢朱理,"2026-06-19 12:56:17",0.76794,1,hiro6126370028
7663,16394784,"kenji hama","2026-06-19 13:12:12",0.76794,2,kenjihama
7664,16395029,益田英典,"2026-07-03 07:44:01",0.76794,2,masudahidenori
7665,16113781,Nesting2,"2026-06-19 14:59:46",0.76794,3,nesting2
7666,16395253,Nakaharayuto,"2026-06-19 15:05:04",0.76794,3,nakaharayuto
7667,16395387,"Masaki Takechi","2026-06-19 15:13:15",0.76794,1,masakitakechi
7668,16395481,seguuu,"2026-06-19 15:51:25",0.76794,2,seguuu
7669,16395637,畠山皓貴,"2026-06-19 16:19:50",0.76794,1,kokihatakeyama
7670,16395755,"Matsuda Daiki","2026-06-19 16:45:07",0.76794,1,matsudadaiki
7671,16395784,ningeeen,"2026-06-19 16:55:16",0.76794,1,ningeeen
7672,16395835,"NATSUKI FUJITA","2026-06-19 17:07:28",0.76794,1,kurogoma999
7673,16396413,"Anton Kirillov","2026-06-19 20:28:45",0.76794,3,antonkirillov01
7674,16396439,"Ichirin Matsuue","2026-06-19 20:54:26",0.76794,3,ichirinmatsuue
7675,16397391,KonosukeChiyo,"2026-06-20 00:55:19",0.76794,2,konosukechiyo
7676,16397487,"Nakamura Rito","2026-06-20 01:21:57",0.76794,1,nakamurarito
7677,16398491,"saki morimoto","2026-06-20 04:17:43",0.76794,1,sakimorimoto
7678,16398710,hoGo913,"2026-06-20 04:46:36",0.76794,1,hogo913
7679,16398922,オオハシタクミ,"2026-06-20 05:12:52",0.76794,1,takumi0084
7680,16399013,橋本崇志,"2026-06-20 05:23:55",0.76794,1,hashimoto6126340172
7681,16399082,kasai,"2026-06-20 05:34:33",0.76794,1,kasaiyaaaaaaa
7682,16399172,takahashiiii,"2026-06-20 05:45:02",0.76794,1,takahashiiii
7683,16399441,"EMI KOHEI","2026-07-17 07:40:46",0.76794,3,emikohei
7684,16400703,"subaru 103","2026-06-21 12:44:26",0.76794,2,subaru103
7685,12197645,imakn0907,"2026-06-21 13:45:42",0.76794,2,imakn0907
7686,16401028,Akikukeo1,"2026-06-20 09:42:41",0.76794,1,akikukeo1
7687,16401189,"Nurdaulet Pazylkhan","2026-06-20 10:11:25",0.76794,2,nurdauletpazylkhan
7688,16401688,"Shoma Fujimoto","2026-06-20 11:37:54",0.76794,1,shomafujimoto
7689,16401716,"Riko Takagaki","2026-06-20 11:43:50",0.76794,1,rikotakagaki
7690,16401712,"okamura lime","2026-06-20 12:00:24",0.76794,2,okamuralime
7691,16401860,wind_force2030,"2026-06-20 12:08:38",0.76794,1,windforce2030
7692,16402159,"Shlok Koirala","2026-06-20 13:26:20",0.76794,3,shlokkoirala
7693,16402268,松尾航汰,"2026-06-20 13:19:24",0.76794,2,matuokouta
7694,16402481,氏久菜々美,"2026-06-20 13:50:07",0.76794,1,nnm0826
7695,16402656,yorozu800,"2026-06-20 14:17:04",0.76794,1,yorozu800
7696,16402745,島田侑希,"2026-06-20 14:32:54",0.76794,1,ysresearch
7697,16403043,谷川凌哉,"2026-06-20 15:29:19",0.76794,2,tanigawa2026
7698,16403140,"morie misaki","2026-06-20 15:43:22",0.76794,3,moriemisaki
7699,16403363,NITAKO,"2026-06-20 16:17:23",0.76794,1,nitako
7700,16403397,"tamaki satomi","2026-06-20 16:37:33",0.76794,2,tamakisatomi
7701,16403758,twinkstar,"2026-06-20 17:39:08",0.76794,1,twinkstar
7702,16404117,高草　浩希,"2026-06-20 19:13:12",0.76794,1,koki0529302
7703,16404239,"Mike #36","2026-06-20 19:50:26",0.76794,1,mikecoop
7704,16404349,いとうはれ,"2026-06-20 20:29:27",0.76794,1,hare0806
7705,16405215,"Kaho Nagao","2026-07-21 05:06:57",0.76794,7,kkkhh9
7706,16405621,物袋世海,"2026-06-21 05:31:45",0.76794,2,mono2026
7707,16405691,kakiage,"2026-06-21 05:41:24",0.76794,1,kakiage
7708,16405805,宮崎紘匡,"2026-06-21 06:10:36",0.76794,1,miyazakihiromasa0816
7709,16405879,"Yui Kashihara","2026-06-21 06:28:53",0.76794,1,yuikashihara
7710,16405952,山田　華央,"2026-06-21 06:46:01",0.76794,1,kya0mm
7711,16405980,"Ko Ogose","2026-06-21 06:52:17",0.76794,1,koogose
7712,16406010,SomaMatsuda2004,"2026-06-21 07:00:10",0.76794,2,somamatsuda2004
7713,16406027,"Nakamichi Gun","2026-06-21 06:57:53",0.76794,1,nakamichigun
7714,16406046,"Koki Nakamura","2026-06-21 07:01:32",0.76794,1,nakokimura
7715,16406067,hymmc10,"2026-06-21 07:06:33",0.76794,1,hymmc10
7716,16406725,長田亮佑,"2026-06-21 09:29:00",0.76794,2,nagataryosuke
7717,16406829,"Keita MIYAKE","2026-06-21 09:35:38",0.76794,1,keitamiyake
7718,16407078,"Tatsuma Yamaguchi","2026-07-22 00:33:44",0.76794,2,tatsumayamaguchi
7719,16407174,"Sato Yoshiki #2","2026-06-21 10:51:44",0.76794,1,yoshikisato612
7720,16407489,"Lakshay Saini 2676","2026-06-21 11:41:11",0.76794,1,lakshaysaini2676
7721,16407818,松崎裕太,"2026-06-21 12:25:59",0.76794,2,yuta1210
7722,16407868,"KOHINN ","2026-06-21 12:32:16",0.76794,1,kohinn
7723,16408258,"Ryo Tajika","2026-06-21 13:49:45",0.76794,2,ryotajika
7724,16408359,中島めぐみ,"2026-06-21 13:54:57",0.76794,2,nyuusannkinn1222
7725,16408419,中西琴美,"2026-06-21 13:59:14",0.76794,1,kotomi5103
7726,16408417,MMPPT,"2026-06-21 14:12:02",0.76794,2,rqxw2v33lzrwm
7727,16408542,bbtsts,"2026-06-21 14:25:45",0.76794,2,bbtsts
7728,16408695,haruhitos.f.p.g,"2026-06-21 14:44:54",0.76794,1,haruhitosfpg
7729,16408849,泊口広樹,"2026-06-21 15:10:10",0.76794,1,tomariguchi
7730,16314672,"Balazs Horvath X","2026-06-21 15:17:08",0.76794,1,balazshorvathx
7731,16409015,森谷圭樹,"2026-06-21 15:36:54",0.76794,1,moritanikeiju
7732,16409133,"SORU YOSHIDOMI","2026-06-21 16:12:03",0.76794,2,yomi0403
7733,16409284,"KOKI YOSHIDA","2026-06-21 16:30:42",0.76794,2,kokiyoshida06
7734,16409418,"Kinoshita Kosei","2026-06-21 16:50:53",0.76794,1,kinoshitakosei
7735,16409545,上野流輝,"2026-07-03 07:50:50",0.76794,4,uenoryuki
7736,16409629,ミシロマサト,"2026-06-21 17:16:37",0.76794,1,missy515
7737,16409854,"Kaito #3","2026-06-21 17:45:09",0.76794,1,okakai
7738,16409958,"Kotaro Hasegawa #2","2026-06-21 17:57:43",0.76794,1,hasegawakotaro
7739,16409992,Hirakis,"2026-06-21 18:03:33",0.76794,3,hiras2140
7740,16410047,nishino_A2lab,"2026-07-24 07:37:40",0.76794,3,nishinoa2lab
7741,16410176,吉田修人,"2026-06-21 18:38:19",0.76794,1,greenyoshida
7742,16410288,宇田川　祐生,"2026-07-03 07:33:48",0.76794,2,sandal746
7743,16410576,"Yonezawa Naoki","2026-06-21 20:32:22",0.76794,1,yonezawanaoki
7744,16410747,佐々木大祐,"2026-06-21 21:20:18",0.76794,1,ssk0210
7745,16410818,"takuya hamasaki","2026-06-21 21:53:16",0.76794,2,takuyahamasaki
7746,16410842,"Tahsan Ferdous","2026-06-21 22:36:29",0.76794,2,tahsanferdous
7747,16411026,"Yuta Hishinuma","2026-06-21 23:52:16",0.76794,1,yutahishinuma
7748,16411120,森口裕太,"2026-06-22 00:15:30",0.76794,1,yuta23
7749,16411180,草津心基,"2026-07-27 15:08:57",0.76794,3,kusatsu0932
7750,16411258,"DU ZHENYI","2026-06-22 01:26:05",0.76794,1,zhenyidu123
7751,16411322,"Issa Okada","2026-06-22 01:42:22",0.76794,1,issaokada
7752,16411377,"Taishi Nishibe","2026-06-22 01:56:40",0.76794,1,taishinishibe
7753,16411381,"kami hiiro","2026-07-25 15:41:47",0.76794,2,kamihiiro
7754,16411264,川上亮人,"2026-06-22 02:05:14",0.76794,3,ryoto12
7755,16411415,naguraharuka,"2026-06-22 02:09:18",0.76794,1,naguraharuka
7756,16411460,渡海　遥介,"2026-06-22 02:23:06",0.76794,1,yo0719
7757,16411474,藤井一樹,"2026-06-22 02:27:10",0.76794,1,wannzyuuu
7758,16411489,片山大地,"2026-06-22 02:31:40",0.76794,1,daichi2003
7759,16411495,わたなべ,"2026-06-22 02:34:52",0.76794,2,wkan2004
7760,16411551,RSCKHcat,"2026-06-22 05:05:26",0.76794,4,rsckhcat
7761,16411574,"Yuta Ida","2026-06-22 03:02:19",0.76794,1,yutaida
7762,16411716,"shiramizu nagi","2026-06-22 03:50:42",0.76794,1,shiramizunagi
7763,16412029,"matsushiro rikuto","2026-06-22 05:10:45",0.76794,1,matusho
7764,16412393,"Masuoka Hiroki","2026-06-22 06:25:26",0.76794,1,masuokahiroki
7765,16412670,"Govind Garg","2026-06-22 07:10:59",0.76794,1,govindgarg07
7766,16413975,"Anushka Mahajan","2026-06-22 11:22:42",0.76794,1,anushkam09
7767,16413145,"YOUSEF Ehab","2026-06-22 11:32:58",0.76794,2,yousefehab05
7768,16415002,"Iknoor K","2026-06-22 14:27:30",0.76794,1,iknoork
7769,16190088,kensuzuk,"2026-06-23 09:04:37",0.76794,2,kensuzuk
7770,16419800,"Даниил Федерякин","2026-06-23 10:58:13",0.76794,3,pitpek
7771,16420099,SONGCHENCHEN,"2026-06-23 09:49:03",0.76794,1,songchenchen
7772,16420681,KBTU_BStat_Albina_Baktygaliyeva,"2026-06-23 11:49:24",0.76794,1,kbtubstatalbinabakty
7773,16421526,"JJ van Schalkwyk","2026-06-23 14:37:28",0.76794,1,jjvanschalkwyk
7774,16422810,BilalQamar,"2026-07-15 12:21:36",0.76794,2,bilalqamar3941
7775,16424183,InspectorP,"2026-06-23 21:29:58",0.76794,1,inspectorp
7776,16424917,"Chris chen chien hao","2026-06-24 03:27:44",0.76794,1,chrischenchienhao
7777,16426064,"Miwa Takuto","2026-06-24 08:02:50",0.76794,1,miwatakuto
7778,16426154,安田昇希,"2026-06-24 08:19:40",0.76794,1,shoki31
7779,16325619,"Adhiraj Singh","2026-06-24 09:11:43",0.76794,1,adhirajsingh1900126
7780,16427703,"ayaka #2","2026-06-24 13:36:57",0.76794,2,at0903ay
7781,16430375,M1r4cleFru1t,"2026-06-25 00:49:32",0.76794,1,m1r4clefru1t
7782,16431017,SuhritBiswas12,"2026-06-25 05:54:32",0.76794,4,suhritbiswas12
7783,16431667,RISHAVSINGH6204,"2026-06-25 07:03:41",0.76794,1,rishavsingh6204
7784,16431673,uiro3_sato,"2026-06-25 07:14:28",0.76794,2,uiro3sato
7785,16432442,kawausotarou,"2026-06-25 10:50:18",0.76794,2,kawausotarou
7786,16432446,"Ayana Shimizu","2026-06-25 10:59:50",0.76794,5,macaron3
7787,16428577,datagrind,"2026-06-25 11:19:00",0.76794,4,kevinjusak
7788,16430179,"Salim BK","2026-06-25 15:05:15",0.76794,5,salimbk
7789,16010238,yoshifumi-mori,"2026-07-12 04:39:39",0.76794,6,yoshifumimori
7790,16436588,Jtashi,"2026-06-29 08:24:48",0.76794,5,jtashi
7791,16436838,"Ugo Wassermann","2026-06-26 09:05:15",0.76794,2,ugowassermann
7792,16437382,"Gael Siohan","2026-06-26 10:24:04",0.76794,7,gaelsiohan
7793,16438593,"Mohamed Abdallah 77","2026-06-28 10:29:07",0.76794,3,mohamedabdallah77
7794,16438706,Pratyaksh_05,"2026-06-26 14:34:06",0.76794,1,pratyaksh05
7795,16438893,"Daniel Man 0417","2026-06-26 15:45:22",0.76794,1,danielman0417
7796,16439676,"Lacey Schley","2026-07-09 15:33:23",0.76794,6,manium
7797,16384122,"Zongcheng Yuan","2026-06-26 20:56:23",0.76794,3,zongchengyuan
7798,16440259,"Miodrag Sima","2026-06-26 22:53:49",0.76794,1,miodragsima
7799,16440873,ATRIlover,"2026-06-27 01:33:12",0.76794,1,atrilove
7800,13680989,"Pavan Pothuganti","2026-06-27 09:44:39",0.76794,3,pavanpothuganti
7801,16442838,XO_Ish369,"2026-06-27 11:22:56",0.76794,6,xoish369
7802,16443084,"Mohan kumar Dash","2026-06-27 12:38:27",0.76794,1,mohankumardashop
7803,16443716,"Arhiarhasudhan S","2026-06-27 15:35:08",0.76794,1,arhiarhasudhans
7804,16444366,"Anoushka Gupta #3","2026-06-27 19:46:16",0.76794,4,anoushkagupta14
7805,15016310,"Roman Gyzhov (demi-un)","2026-07-06 12:43:21",0.76794,11,romangyzhovdemiun
7806,16445074,Tushar_Krishna_Biswas,"2026-06-28 03:39:55",0.76794,2,tusharbiswas77
7807,11955112,"han jian","2026-06-28 09:39:26",0.76794,2,handjane
7808,16445931,"kanata k","2026-06-28 09:46:14",0.76794,2,kanatak
7809,16446300,"Parag Soni","2026-06-28 10:37:27",0.76794,2,paragsoni0987
7810,16446789,"Ana carolina Carvalho","2026-06-28 13:06:49",0.76794,2,anacarolinacc
7811,15917610,"Tom Fourbet","2026-06-30 11:25:15",0.76794,13,tomfourbet
7812,15073383,BhuvanPEC,"2026-06-29 14:20:29",0.76794,13,bhuvanpec
7813,16448410,"atharva ladwa","2026-06-28 22:10:14",0.76794,1,atharvaladwa
7814,16448751,adventurelion,"2026-06-29 02:20:12",0.76794,2,adventurelion
7815,16449976,Shoto6767,"2026-07-01 15:16:55",0.76794,4,shoto6767
7816,16452383,subzzzz,"2026-06-29 16:49:26",0.76794,1,subzzzz
7817,16452707,"Safal thst","2026-06-29 17:14:44",0.76794,1,safalthst
7818,16456212,"Vallala Arjun","2026-06-30 04:38:16",0.76794,1,vallalaarjun
7819,16459733,"Natasha Singh #2","2026-06-30 13:58:25",0.76794,2,natashasingh20
7820,16460653,"Corwin Morgan","2026-06-30 16:07:46",0.76794,2,corwinmorgan
7821,16460975,"Revan kai","2026-06-30 17:01:15",0.76794,1,revankai
7822,16463686,OmMane7,"2026-07-01 05:48:18",0.76794,1,ommane7
7823,16464739,"Yusuf Rehan","2026-07-01 09:01:11",0.76794,1,yusufrehan
7824,16470353,"pavni malhotra","2026-07-01 21:14:02",0.76794,1,pavnimalhotra
7825,16471875,Siddhant_Singh2201,"2026-07-02 05:29:23",0.76794,1,siddhantsingh2201
7826,16472593,syfssyfs,"2026-07-02 08:08:12",0.76794,1,syfssyfs
7827,16472759,wpz2424070102,"2026-07-02 08:41:42",0.76794,1,wpz2424070102
7828,16473203,yangsiqi36,"2026-07-02 10:09:54",0.76794,1,yangsiqi36
7829,16473212,liangweichen12,"2026-07-02 10:11:40",0.76794,1,liangweichen12
7830,16473320,chenxiye043,"2026-07-02 10:38:12",0.76794,1,chenxiye043
7831,16473442,"Ryan Naidoo","2026-07-02 11:07:32",0.76794,1,ryannaidoo05
7832,15560549,"abd el moujib","2026-07-26 17:28:15",0.76794,4,abdelmoujib
7833,16474052,kaixinliu39,"2026-07-02 13:18:42",0.76794,1,kaixinliu39
7834,16134865,"Sandeep Manjhi","2026-07-02 14:04:28",0.76794,7,sandeepmanjhi
7835,16474488,liangzhuoyan28,"2026-07-02 14:50:14",0.76794,1,liangzhuoyan28
7836,16474643,luorongxin30,"2026-07-02 15:25:11",0.76794,1,luorongxin30
7837,16475133,寄月思慕绵长,"2026-07-02 17:21:33",0.76794,1,yy3096320796
7838,16475426,anzlumi,"2026-07-02 18:53:50",0.76794,2,anzlumi
7839,16478106,wuchunyan13,"2026-07-03 01:59:23",0.76794,1,wuchunyan13
7840,16479486,chenyongwei11,"2026-07-03 02:45:06",0.76794,1,chenyongwei11
7841,16479488,laoyetao15,"2026-07-03 02:45:49",0.76794,1,laoyetao15
7842,10950424,"Adrian Bravo","2026-07-03 04:24:37",0.76794,4,bl3333
7843,16479950,ffffyz,"2026-07-03 05:27:19",0.76794,1,ffffyz
7844,16480284,yingtongshao,"2026-07-03 06:58:46",0.76794,3,yingtongshao
7845,16480472,TingFengOvO,"2026-07-03 07:14:59",0.76794,1,tingfengovo
7846,16480405,huangguosheng,"2026-07-03 07:15:21",0.76794,5,huangguosheng
7847,16481261,zhoufashun,"2026-07-03 10:14:47",0.76794,1,zhoufashun
7848,16481615,xjh11221,"2026-07-03 11:50:11",0.76794,1,xjh11221
7849,16481813,libinqiang01,"2026-07-03 12:44:42",0.76794,1,libinqiang01
7850,16482087,linyic123456,"2026-07-03 14:37:47",0.76794,3,linyic123456
7851,16482315,"Krishna Patidar","2026-07-03 14:51:50",0.76794,1,krishnapatidar2
7852,16484774,DunYizhou,"2026-07-04 07:26:21",0.76794,5,dunyizhou
7853,16485098,"Chettupelly Dhiren","2026-07-06 10:58:01",0.76794,9,chettupellydhiren
7854,16485734,"Teagan S","2026-07-04 11:31:16",0.76794,1,teagansuhr
7855,16488682,"MARXEN Elbourne","2026-07-05 06:07:53",0.76794,1,marxenelbourne
7856,16489000,wkw999,"2026-07-05 07:38:40",0.76794,1,wkw999
7857,16489001,"Мирас Аспенов","2026-08-05 12:46:26",0.76794,4,aspenovmiras
7858,16489149,"Nguyễn Thế Minh","2026-07-05 09:18:16",0.76794,7,minhnguyen2410
7859,16491040,"Матвей Богомолов","2026-07-07 20:25:12",0.76794,5,mbogomolov
7860,16491326,Shivansh1917,"2026-07-05 18:29:23",0.76794,2,shivansh1917
7861,16492149,"Zea Curtis","2026-07-06 01:00:02",0.76794,1,zeacurtis
7862,16492883,"Harish Reddy #4","2026-07-06 05:12:56",0.76794,1,tharishreddy22
7863,16493656,"Izaan Shah","2026-07-08 06:09:40",0.76794,2,izaanshah
7864,16493732,戸田祥央虎,"2026-07-06 08:23:39",0.76794,1,tshogo
7865,16494464,"Yung Kam Lun","2026-07-06 10:51:09",0.76794,1,yungkamlun
7866,15240352,"Gouse moideen","2026-07-06 11:58:24",0.76794,1,gousemoideen
7867,16493814,zhaoby2002,"2026-07-23 08:12:07",0.76794,8,zhaoby2002
7868,16490457,T.Kbys,"2026-07-06 15:05:41",0.76794,3,kovanovich
7869,16487297,Vlados_fordik,"2026-07-06 18:54:12",0.76794,4,vladosfordik
7870,16496791,"piepie pc","2026-07-06 19:08:05",0.76794,1,piepiepc
7871,16496971,"Tanishka Kora","2026-07-06 20:21:04",0.76794,1,tanishkakora
7872,16497046,"Van Fanell","2026-07-06 20:47:34",0.76794,1,vanfanell
7873,16500006,JXHu,"2026-07-07 09:34:01",0.76794,3,imjxhu
7874,16501237,"Pijus Semėnas","2026-07-07 15:01:06",0.76794,1,pijussemenas
7875,16501685,"Sandip Singh","2026-07-07 17:38:57",0.76794,3,sandipsingh2345
7876,16504626,"amir Salah","2026-07-07 23:06:01",0.76794,1,amir0salah
7877,16505400,AXcamp,"2026-07-08 02:42:56",0.76794,3,axcamp
7878,16505877,"CRISTOPHER ANTONIO VÁSQUEZ ARAUS","2026-07-08 05:24:24",0.76794,8,lucipherdevas
7879,16507164,PandaDev0069,"2026-07-15 08:41:14",0.76794,6,pandadev0069
7880,16507215,"Apichai Srithong","2026-07-08 09:00:06",0.76794,1,apichaisrithong
7881,16507570,GuiQI_Hueas,"2026-07-08 10:16:02",0.76794,1,guiqihueas
7882,16507628,"Abhishek U-074","2026-07-08 10:34:06",0.76794,2,abhisheku074
7883,16446563,lyricsdata,"2026-07-28 13:06:22",0.76794,7,lyricsdata
7884,16508131,"Ilya Kashapov","2026-07-08 12:47:52",0.76794,2,orakell
7885,16421660,"Pragyan #2","2026-07-08 14:19:11",0.76794,2,pragyanshulavania
7886,16508796,"Tatenda Blessed","2026-07-08 15:36:09",0.76794,2,tatendablessed
7887,16509330,"Jagpreet Singh Khurana","2026-08-06 07:23:20",0.76794,3,jagpreetsinghkhurana
7888,16509553,"Sheikh sadi Asif","2026-07-08 19:20:22",0.76794,1,gradienninja
7889,16509983,"Dummy Dubey","2026-07-08 22:56:54",0.76794,2,dummydubey
7890,16510312,Haco_Mills,"2026-07-09 01:46:15",0.76794,1,haco1mills
7891,16511023,ttpfxl,"2026-07-09 05:39:24",0.76794,1,ttpfxl
7892,16503943,"Humna Sadia","2026-07-09 16:07:50",0.76794,5,humnasadia
7893,16513555,"hugo daniel espinosa","2026-07-09 17:14:43",0.76794,1,hugodanielespinosa
7894,16514573,"Cayden Kim","2026-07-10 00:37:53",0.76794,1,caydenkim13
7895,16515202,Jeffhenry,"2026-07-10 05:18:38",0.76794,1,drytonium
7896,16515470,SiqiWang132,"2026-07-10 06:44:54",0.76794,1,siqiwang132
7897,16515687,山下桃百子,"2026-07-10 07:54:35",0.76794,2,yamashitamomoko
7898,16490708,"Moeka Sakamoto","2026-07-17 09:03:16",0.76794,5,molmolkaggle
7899,13520857,YudaiMima,"2026-07-10 08:20:53",0.76794,4,yudaimima
7900,16516031,"jianan #2","2026-07-11 06:44:50",0.76794,12,jianan10101
7901,16512843,"Salik Hussain","2026-07-10 09:57:47",0.76794,4,salikhussain
7902,16516166,norinori_tomonori,"2026-07-10 09:55:16",0.76794,1,norinoritomonori
7903,16516277,EsdrosDawit2,"2026-07-10 10:37:05",0.76794,1,esdrosdawit2
7904,16517686,"Gurnoor Singh Bagga","2026-07-10 18:35:26",0.76794,2,gurnoorsinghbagga
7905,16531115,"Hussain Bilal","2026-07-11 11:54:45",0.76794,3,hussainmehar770
7906,16531358,"Harita Kumar","2026-07-11 08:21:58",0.76794,1,haritakumar
7907,16532238,"Rishabh Devadiga","2026-07-11 12:48:27",0.76794,1,rishabhdevadiga
7908,16533013,"Harsh Yadav #6","2026-07-11 17:34:32",0.76794,1,harshyadav7002
7909,16533475,"Leon Makaryan","2026-07-11 21:33:29",0.76794,2,leonmakaryan
7910,6122702,"vivi #2","2026-07-12 07:42:08",0.76794,4,yukariyakumo
7911,16534274,rakkoara,"2026-07-12 07:05:26",0.76794,1,rakkoara
7912,16534656,matyaaT,"2026-07-12 09:21:43",0.76794,1,matyaat
7913,13928643,"MD. Jaliz Mahmud Mridul","2026-07-12 10:51:17",0.76794,1,mdjalizmahmudmridul
7914,16535660,"Ju gayoung","2026-07-12 15:17:04",0.76794,2,jugayoung
7915,16535808,"Zeynep Yılmaz","2026-07-12 15:53:41",0.76794,1,zeynepyilmaz34
7916,15109064,"Maxime Ndacleu","2026-07-12 16:03:30",0.76794,2,maximendacleu
7917,16536307,"Vaibhav Patidar","2026-07-12 18:50:25",0.76794,1,vaibhavpatidar69
7918,16536542,"Bp Gonzales12","2026-07-13 03:11:31",0.76794,2,bpgonzales12
7919,14513865,"Radistha Kriska Dahana Purusa","2026-07-12 22:12:14",0.76794,1,radistakriska
7920,16532466,"Luka Spiljak","2026-07-12 22:35:29",0.76794,3,lukaspiljak
7921,16537279,MaxTGH,"2026-07-13 03:55:08",0.76794,1,maxtgh
7922,16538025,HK20267,"2026-07-13 07:24:13",0.76794,1,hk20267
7923,16538325,ebllie,"2026-07-13 08:41:31",0.76794,3,ebllie
7924,16534901,"Sumon Mohammad Mahfuz","2026-07-16 12:35:09",0.76794,4,sumonmohammadmahfuz
7925,16533863,wangr153,"2026-07-13 12:43:25",0.76794,2,wangr153
7926,16539820,"Mercury 17","2026-07-13 14:54:41",0.76794,2,mercury17
7927,13894080,FrostGhost,"2026-07-14 11:16:08",0.76794,2,frostghost
7928,14457575,岩崎好博,"2026-07-13 17:50:55",0.76794,4,yoshihiroiwasaki
7929,16543587,aChiChi,"2026-07-14 10:41:49",0.76794,1,achichi
7930,16544028,"Sahil Sahu","2026-07-14 20:48:27",0.76794,5,adroitrook
7931,16549672,"MAMI KASHIMOTO","2026-07-15 09:28:57",0.76794,3,mamikashimoto
7932,16549671,masakinnkinnkinng,"2026-07-15 08:44:50",0.76794,2,masakinnkinnkinng
7933,16551781,"Salevan Drake","2026-07-15 17:17:04",0.76794,1,salevandrake
7934,16553540,skribe,"2026-07-16 06:14:01",0.76794,3,skribe
7935,16553579,"Jiho BAE","2026-07-16 06:16:58",0.76794,3,bhzlho
7936,16554639,senbataichi,"2026-07-16 10:25:46",0.76794,1,senbataichi
7937,16554680,LaguioleOvO,"2026-07-16 10:39:16",0.76794,1,laguioleovo
7938,16554752,"Michael Limin","2026-07-16 11:07:21",0.76794,1,michaellimin
7939,16555101,Rostyslaw,"2026-07-16 12:36:53",0.76794,1,rostyslaw0
7940,16555835,"Samyak Pusate","2026-07-16 15:47:53",0.76794,1,samyakpusate
7941,12958015,camilo_chart,"2026-07-16 16:30:10",0.76794,1,camilochart
7942,16556305,TanmayNegi17,"2026-07-16 18:25:59",0.76794,3,tanmaynegi17
7943,14579319,_Avril_C_28,"2026-07-16 19:51:30",0.76794,2,avrilc28
7944,16556262,"Travis G #2","2026-07-17 04:03:35",0.76794,2,travisgacc
7945,16557674,"Rabbit Muncherr","2026-07-17 04:42:41",0.76794,1,rabbitmuncherr
7946,16556854,"shreyas vempati","2026-07-17 04:59:24",0.76794,8,sv1904
7947,16558248,yonezuhayato6177,"2026-07-17 07:26:29",0.76794,1,yonezuhayato6177
7948,16558706,"zing Dm","2026-08-06 08:15:51",0.76794,2,zingdm
7949,16559750,"Azka Nirwasita Yudya","2026-07-17 14:02:52",0.76794,1,azkanirwasitayudya
7950,16560061,"Andrew Nosov","2026-07-17 15:02:24",0.76794,1,liexesss
7951,16562671,"Ben Oppenheimer","2026-07-18 05:28:38",0.76794,7,benoppenheimer
7952,16564227,"MAOKA YONEZAWA","2026-07-18 09:09:41",0.76794,1,maokayonezawa
7953,16419338,iwantdata32745283,"2026-07-18 11:43:27",0.76794,4,iwantdata32745283
7954,16565470,无愧于百世,"2026-07-23 03:19:26",0.76794,4,wukuiyubaishi
7955,16569957,"Arturo Balderas","2026-07-19 12:44:01",0.76794,4,dcpracmatic
7956,16571480,rabbiya11,"2026-07-19 17:19:46",0.76794,1,rabbiya11
7957,16573671,"Pang Linbin","2026-07-20 06:03:20",0.76794,1,panglinbin
7958,16573678,"Jaewoo Chun","2026-07-20 06:06:34",0.76794,1,chraestmas
7959,16574339,Tsing_yccc,"2026-07-20 09:23:21",0.76794,5,tsingyccc
7960,16574519,"Haitao Yang","2026-07-20 09:52:45",0.76794,4,byqhyang
7961,16575630,shadowJC123,"2026-07-20 14:35:03",0.76794,1,shadowjc123
7962,16292593,"MAHI DODIYA","2026-07-26 08:35:04",0.76794,4,mahidodiya
7963,16578037,"Saeed Khosravi","2026-07-23 09:36:46",0.76794,5,saeedkhosravi72
7964,16578728,GuaiZhazha,"2026-07-21 04:09:02",0.76794,1,guaizhazha
7965,16578943,"Muhamad Bahrul","2026-07-21 05:12:30",0.76794,1,muhamadbahrul
7966,16578983,"Youheng Ye","2026-07-21 05:35:05",0.76794,2,youhengye
7967,16579396,Messizhanletian,"2026-07-30 03:07:32",0.76794,17,messizhanletian
7968,16580694,ZOUARIWassim,"2026-07-21 12:06:34",0.76794,3,zouariwassim
7969,16581026,maozi114,"2026-07-21 12:51:58",0.76794,1,maozi114
7970,16581295,"AHMED EL. SHERPINY","2026-07-21 13:32:37",0.76794,1,ahmedelsherpiny
7971,16581312,"mengqi su","2026-07-21 15:31:16",0.76794,4,mengqisu
7972,16581789,"Danil Nosov","2026-07-21 18:40:36",0.76794,7,danilnosov
7973,16584213,HelloWorld05,"2026-07-22 05:00:44",0.76794,10,helloworld05
7974,16585887,daniilxh,"2026-07-22 13:25:10",0.76794,1,daniilxh
7975,13773051,野川日路,"2026-07-22 16:42:35",0.76794,1,rohigano55
7976,16588573,"Emmanuel Siyauya","2026-07-23 07:08:52",0.76794,7,emmanuelsiyauya
7977,16588936,zyb2026,"2026-07-23 08:14:53",0.76794,2,zyb2026
7978,16589408,"Maria Sole Cavaglià","2026-07-23 10:17:48",0.76794,1,mariasolecavagli
7979,16590729,entropy23,"2026-07-23 17:41:52",0.76794,1,entropy23
7980,16590887,"yu okabe","2026-07-23 18:33:13",0.76794,1,yuokabe
7981,16592770,"Đức Nguyễn #2","2026-07-24 08:11:13",0.76794,1,nducc166
7982,16593341,"Yusuf Çoban","2026-07-24 11:02:50",0.76794,1,yusufcoban
7983,16585886,goalonimaru,"2026-07-24 13:54:16",0.76794,2,goalonimaru
7984,16594076,"Volodymyr Kalynchuk","2026-07-24 18:16:20",0.76794,9,volodymyrkalynchuk
7985,16594677,"Aaryan Nair","2026-07-24 17:40:00",0.76794,1,basillcoding
7986,16596570,"Hanya Zhang","2026-07-31 09:04:28",0.76794,10,hanyazhang
7987,16597434,"Gao Xinyu","2026-07-25 07:29:22",0.76794,1,modestgogo
7988,16597582,Rishita30,"2026-07-25 08:12:22",0.76794,2,rishita30
7989,16598758,Phazoned,"2026-07-25 13:58:38",0.76794,1,phazoned
7990,16601911,АлексейВладимирович,"2026-07-26 15:51:01",0.76794,5,vvesssside
7991,16602868,"IT Consultant - Monjane","2026-07-26 18:23:29",0.76794,1,itconsultantmonjane
7992,16600655,vanha2301,"2026-07-26 18:37:46",0.76794,2,vanha2301
7993,16603157,"Myrella Barcelos","2026-07-26 21:17:42",0.76794,1,myrellabarcelos
7994,16566430,"Aditi Shah #3","2026-07-26 23:03:24",0.76794,4,aditishah424
7995,16603345,"Raghu #6","2026-07-27 00:20:39",0.76794,2,raghudasari
7996,16603169,"Stephan Leroux","2026-07-27 00:34:29",0.76794,8,stephanleroux
7997,16604594,jammywang0477,"2026-07-27 08:01:53",0.76794,2,jammywang0477
7998,16543473,"Roalson Purple","2026-07-27 11:20:18",0.76794,5,roalsonpurple
7999,16581987,zyz1599,"2026-08-07 15:31:39",0.76794,22,zyz1599
8000,16604047,padora,"2026-07-28 01:45:32",0.76794,2,padora6
8001,16609251,"Dhiraj Yelam","2026-07-28 12:43:22",0.76794,8,dhirajyelam
8002,16609943,"SAHIL KUMAR ","2026-07-28 14:28:28",0.76794,3,sahilgupta7739
8003,16611155,"Brian Malgieri","2026-07-28 20:37:49",0.76794,1,brianmalgieri
8004,6108157,"Ankit Javeri","2026-07-28 21:15:59",0.76794,3,ankitjaveri
8005,16611321,caiosantal,"2026-07-28 22:11:13",0.76794,3,caiosantal
8006,10859588,"James Kim #7","2026-07-29 06:47:02",0.76794,1,jameskimthing
8007,16612564,FinnGML,"2026-07-29 08:12:02",0.76794,2,finngml
8008,16613110,"sohei #2","2026-07-29 11:14:07",0.76794,3,sohei1
8009,16619431,"chen zhu_24","2026-07-30 14:13:40",0.76794,2,chenzhu24
8010,16619913,Abenox2017,"2026-07-30 14:44:53",0.76794,5,abenox2017
8011,16623037,CaptainA22,"2026-08-02 04:45:07",0.76794,2,captaina22
8012,16623707,"Anshul Kumar #7","2026-07-31 01:54:59",0.76794,1,anshulbruh
8013,16624267,TruongBaoKien,"2026-08-01 17:34:59",0.76794,2,truongbaokien
8014,16613361,"Rayan RAHMOUNE","2026-07-31 17:53:23",0.76794,2,rayanrahmoune
8015,16633198,Meri_Petrosyaaann,"2026-07-31 19:24:50",0.76794,1,meripetrosyaaann
8016,16633530,"Rabia Eken","2026-07-31 22:29:42",0.76794,2,rabiaeken
8017,16506164,坊野功汰,"2026-08-01 05:48:50",0.76794,7,nobody04
8018,16634874,KenX049,"2026-08-01 06:51:42",0.76794,1,algorithmicbit
8019,16635328,"Chhavi Sharma #2","2026-08-01 09:00:58",0.76794,1,chhavisharmaaa
8020,16636759,"Ajinkya Hazare","2026-08-01 13:21:55",0.76794,1,ajinkyahazare64
8021,16637257,"P.Lakshmi Sainath Reddy","2026-08-01 14:05:23",0.76794,1,plakshmisainathreddy
8022,16638203,"Artsiom Hancharenka","2026-08-01 16:03:12",0.76794,2,artsiomhancharenka
8023,16640930,"Tita Kongolo","2026-08-02 09:51:35",0.76794,1,titakongolo
8024,16641203,"Vũ Bảo Ngọc","2026-08-02 11:33:58",0.76794,1,vbngoc
8025,16641717,mustafasadiqi,"2026-08-03 10:11:12",0.76794,3,mustafasadiqi
8026,16642198,"Hidaka Yuya","2026-08-02 14:23:32",0.76794,1,hidakayuya
8027,16643239,"Louie Sinadjan","2026-08-02 16:22:14",0.76794,3,louiesinadjan
8028,14410992,"Danielle Gauthier","2026-08-02 18:32:41",0.76794,2,magentism99
8029,16645567,咕咕嘎嘎,"2026-08-03 04:04:54",0.76794,1,f761903361
8030,16648149,"Phan Hoang Anh","2026-08-03 07:01:51",0.76794,2,phanhoanganh
8031,16645406,Mabodohu,"2026-08-03 08:03:50",0.76794,10,mabodohu
8032,16651597,LeoLuo,"2026-08-03 09:24:24",0.76794,1,leoluo806
8033,16651505,esperanza3345,"2026-08-03 09:43:58",0.76794,4,esperanza3345
8034,16634136,enaryu,"2026-08-03 13:03:00",0.76794,5,enaryu
8035,16656812,"test rats","2026-08-04 05:13:15",0.76794,2,testrats
8036,16657757,"Rachana Rewatkar","2026-08-04 06:43:52",0.76794,1,rachanarewatkar
8037,16654248,dbin,"2026-08-04 07:55:11",0.76794,3,dbinaware
8038,16606582,"Tuee Anhh Nguyenn","2026-08-04 07:41:00",0.76794,2,tueeanhhnguyenn
8039,16658312,Yagawa,"2026-08-04 08:15:30",0.76794,2,yagawa
8040,16659536,"Alisher Temirgali","2026-08-04 10:05:55",0.76794,1,alishertemirgali
8041,16659652,"Hoàng Mai Tuấn Hiệp","2026-08-05 07:12:49",0.76794,3,hongmaitunhip
8042,16661493,TetianaPRO,"2026-08-04 15:15:32",0.76794,1,tetianapro
8043,16654435,"Abhiraj Gautam","2026-08-04 19:49:39",0.76794,3,abhiraj73
8044,16473122,"Ahmed Jendoubi, Ph.D.","2026-08-05 11:07:04",0.76794,4,jendoubiahmed
8045,16663636,"Ahmed Abdelrazek","2026-08-04 22:32:18",0.76794,3,ahmedabdelrazek01
8046,16664488,"gyanaranjan mishra","2026-08-07 04:47:24",0.76794,4,gyanaranjanmishra
8047,16664768,"25ca0219呉 天 洋","2026-08-05 04:18:41",0.76794,1,koyominn
8048,16664852,"Shin Thant Swar","2026-08-05 04:38:17",0.76794,1,shinthantswar
8049,16666070,"Akshat Siraswal","2026-08-05 08:19:07",0.76794,1,akshatsiraswal
8050,16666082,"Darshan Sharma","2026-08-05 08:20:16",0.76794,1,darshan975
8051,16666083,"Aditya Kumar #25","2026-08-05 08:52:49",0.76794,4,adityakumar269
8052,14321441,"Hoàng Đức Việt","2026-08-05 09:56:44",0.76794,1,ducviet2005
8053,16666708,"Flog Zurita","2026-08-05 10:20:41",0.76794,1,flogzurita
8054,3964552,Kijio,"2026-08-08 01:23:08",0.76794,4,kijio0906
8055,16609753,"kfir eliyahu","2026-08-06 06:03:51",0.76794,6,kfireliyahu
8056,16596869,xpxchxcx,"2026-08-06 06:13:22",0.76794,2,xpxchxcx
8057,16675375,"Aman Dubal","2026-08-06 12:13:58",0.76794,1,amandubal
8058,16675659,TobyOfDenmark,"2026-08-06 13:00:28",0.76794,1,tobyofdenmark
8059,16676748,"Talha Imran #2","2026-08-06 15:55:09",0.76794,1,talhaimran06
8060,16679340,"Melissa #7","2026-08-07 21:30:28",0.76794,3,melissanovikoff
8061,16681907,sidd__2005__singh,"2026-08-07 05:37:39",0.76794,2,sidd2005singh
8062,16684076,"sharayu sagar shinde","2026-08-07 14:09:55",0.76794,1,sharayusagarshinde
8063,16684200,"S.N. HUSSAIN","2026-08-07 14:41:36",0.76794,2,snhussain06
8064,15824284,"Taguchi Hiroyuki","2026-08-07 16:22:56",0.76794,3,hir0yuki3105
8065,16688986,nico23t,"2026-08-08 05:16:49",0.76794,1,nico23t
8066,16690513,"Saurabh Rawat #2","2026-08-08 14:24:33",0.76794,5,srko12
8067,16691885,"tianyi HUANG","2026-08-08 16:19:57",0.76794,1,ahwwww
8068,16693213,"CorneliusP #2","2026-08-09 00:15:23",0.76794,1,corneliuspavlic34
8069,16694996,"sihan zhu","2026-08-09 15:41:15",0.76794,2,tahitiisland
8070,16695121,"Maria-Thekla Michail","2026-08-09 10:02:14",0.76794,1,mariatheklamichail
8071,16694968,cyt520zxy,"2026-08-09 10:22:45",0.76794,2,cyt520zxy
8072,16695624,"saba nikara","2026-08-09 11:56:37",0.76794,2,sabanikara
8073,16695811,fewgraesbt,"2026-08-09 12:31:24",0.76794,1,fewgraesbt
8074,16696012,Mohammed_Islam93,"2026-08-09 13:10:50",0.76794,1,mohammedislam93
8075,16696113,tsubasacat,"2026-08-09 14:02:53",0.76794,10,tsubasacat
8076,16697070,"soufiane Louarzazi","2026-08-12 23:56:47",0.76794,4,soufianeahmad
8077,16697213,"Gabriel Madureira","2026-08-09 22:41:12",0.76794,5,gabrielgemaque21
8078,16698020,"Susannah Higgins","2026-08-09 21:54:03",0.76794,1,susannahhiggins
8079,16698035,MichalZale,"2026-08-13 22:52:34",0.76794,2,michalzale
8080,16700054,"Sharon Golkarov","2026-08-10 08:39:27",0.76794,1,sharongolkarov
8081,16694133,LIAOJUNKAI,"2026-08-10 11:13:45",0.76794,4,liaojunkai2
8082,16697605,"Lakshya Jain 272","2026-08-10 11:58:14",0.76794,3,lakshyajain272
8083,16701198,"Ryan Gunawan Ongris","2026-08-10 13:55:10",0.76794,2,ryangunawanongris
8084,16704887,ken62807,"2026-08-11 01:38:31",0.76794,1,ken62807
8085,16698706,"king 深工","2026-08-11 03:11:24",0.76794,2,kingq1
8086,16705329,Acapans,"2026-08-11 14:40:49",0.76794,3,acapans
8087,16708049,Shubham12925,"2026-08-11 14:36:59",0.76794,1,shubham12925
8088,16708100,IQ11,"2026-08-11 14:46:07",0.76794,1,iq0411
8089,16708924,_Anikett_Aman,"2026-08-11 18:01:32",0.76794,1,anikettaman
8090,16709431,"Saket ashk","2026-08-11 21:07:22",0.76794,1,saketashk
8091,16710177,"Renerson  D Almeida","2026-08-12 03:41:37",0.76794,4,renersondalmeida
8092,16667196,yohogi,"2026-08-12 09:08:02",0.76794,7,yohogi
8093,16711527,Insaf@123,"2026-08-12 08:32:42",0.76794,1,insaf123
8094,16711997,"Andy Andy","2026-08-12 11:15:52",0.76794,4,andy3373
8095,16712023,TensorGlowww,"2026-08-12 11:16:01",0.76794,2,tensorglowww
8096,16712186,M o gcvfine,"2026-08-12 11:21:07",0.76794,3,mogcvfine
8097,16709626,"Satheesh Kumar #2","2026-08-12 13:38:25",0.76794,7,satheeshkumarlak
8098,16713122,"Mohammed Atheer Nazhat","2026-08-12 15:20:35",0.76794,1,mohammedatheer
8099,16716246,"Kinza Arshad","2026-08-13 07:36:26",0.76794,1,kinzaarshad4646
8100,16716514,StevenBeckman,"2026-08-13 14:38:15",0.76794,2,stevenbeckman
8101,16716824,xingyuanheng,"2026-08-13 09:48:55",0.76794,1,xingyuanheng
8102,16717703,JeezBear,"2026-08-13 14:26:30",0.76794,1,jeezbear
8103,5432935,kagemeka,"2026-06-19 01:18:24",0.76555,9,kagemeka
8104,14481003,tnskgl,"2026-06-19 01:18:27",0.76555,9,tnskgl
8105,16348878,"Sailendra Reddy","2026-06-15 02:08:00",0.76555,1,sailendrareddy
8106,16299445,"Dawson Loo","2026-06-15 03:27:09",0.76555,1,loodawson2
8107,3077857,GilsikPark,"2026-06-15 04:35:48",0.76555,1,gilsikpark
8108,16352341,"sujal manglani","2026-06-15 05:55:17",0.76555,1,sujalman
8109,16352890,"Summya Noor","2026-06-15 06:25:52",0.76555,1,summyanoor
8110,16353856,"Ichirin Okamoto","2026-06-15 07:20:38",0.76555,1,ichirinokamoto
8111,16354678,zzzhegn212,"2026-06-17 04:54:59",0.76555,6,zzzhegn212
8112,15355587,"BALADURGA G","2026-08-13 13:32:48",0.76555,59,baladurgag24
8113,15355595,HARIHARAN24S,"2026-08-13 13:29:55",0.76555,59,hariharan24s
8114,16357637,nao86star,"2026-06-15 11:06:01",0.76555,1,nao86star
8115,16241092,季发贤,"2026-06-15 13:15:16",0.76555,1,jifaxian0624
8116,16362898,"Dhruv Ahire","2026-06-15 15:04:07",0.76555,1,dhruvahire
8117,16364021,"Oliaman Gea","2026-06-15 15:42:40",0.76555,1,oliamangea
8118,16365985,莫晓琪,"2026-06-16 05:22:01",0.76555,2,xgoixxx
8119,16232934,"Алексей Первов","2026-06-15 18:40:19",0.76555,2,lischaynik
8120,16367813,"Mohit #8","2026-06-15 18:55:07",0.76555,1,mohitmohit1221
8121,16368091,CAMELEON27,"2026-06-15 20:21:23",0.76555,1,pookpookpooky
8122,16272660,"Valencia Kerr","2026-06-15 20:53:43",0.76555,1,valenciakerr
8123,16368258,"Filip Iliuta","2026-06-15 21:43:28",0.76555,2,filipiliuta
8124,1998669,digimagi,"2026-07-04 00:07:44",0.76555,18,digimagi
8125,16368815,boolayon,"2026-06-16 02:38:20",0.76555,1,boolayon
8126,16368906,Mowlice,"2026-06-16 03:38:02",0.76555,2,mowlice
8127,16369306,"Avinash Patil","2026-06-16 05:24:32",0.76555,2,itzap77
8128,16370741,"S Nithiya Sri","2026-06-16 08:49:24",0.76555,1,ssn2006
8129,16371015,Sakurami_Kyosuke,"2026-06-16 09:50:53",0.76555,1,sakuramikyosuke
8130,16371093,zhaoqiang,"2026-06-16 10:13:27",0.76555,1,zhaoqiang123
8131,16371263,chdgqj,"2026-06-16 11:00:18",0.76555,1,chdgqj
8132,16371651,"DHAIRYA DUBEY","2026-06-16 12:01:09",0.76555,1,dhairyadubey567
8133,16372659,"Divya Sharma #4","2026-06-16 13:55:42",0.76555,2,divyasharm1505
8134,16373832,"Hossein Momeni","2026-06-16 16:23:05",0.76555,1,hosseinmomeni2
8135,16373918,"Willy Wonka Plant","2026-06-16 16:35:28",0.76555,1,willywonkaplant
8136,16373921,YuYoYah,"2026-06-16 16:35:58",0.76555,1,yuyoyah
8137,16374664,"Antje Gerritzma","2026-06-16 18:44:57",0.76555,1,antjegerritzma
8138,16374681,"Erin Wilderoter","2026-06-16 18:49:49",0.76555,1,erinwilderoter
8139,16375651,drewpick,"2026-06-16 23:24:58",0.76555,1,drewpick
8140,16376397,"24jz0144村松 拓哉","2026-06-17 02:09:55",0.76555,1,jz240144
8141,16377975,"Halim Putra","2026-06-17 05:51:57",0.76555,2,halimputra
8142,16378201,Ritesh-2006,"2026-07-27 08:10:30",0.76555,5,ritesh2006
8143,16374068,"Amir Hossein Ala","2026-06-18 14:57:22",0.76555,12,amirhosseinala
8144,16378830,orimotech,"2026-06-17 07:22:09",0.76555,1,orimotech
8145,16380043,"Kill Lee","2026-06-17 09:44:08",0.76555,1,killlee
8146,16380507,"REN NAKANISHI","2026-06-19 13:55:40",0.76555,2,nepia24
8147,16381598,"HH #2","2026-06-17 12:56:24",0.76555,1,rokihonhon
8148,16381659,Paulzazali,"2026-06-17 13:08:56",0.76555,2,aizzal17618
8149,5164088,"Dhruv K Patel","2026-06-17 13:18:56",0.76555,1,dkpatel69
8150,16382175,"PATHAN NOMAN AYYUB Auto","2026-06-17 13:54:35",0.76555,1,pathannomanayyubauto
8151,16382430,Supzj9998,"2026-06-17 14:25:35",0.76555,1,supzj9998
8152,16382807,"Eric Rudy","2026-06-17 15:12:43",0.76555,1,ericrudy
8153,16383462,"ACHARLA PURUSHOTHAM","2026-06-17 16:55:54",0.76555,2,apurush
8154,16384520,"Isabela Schadt","2026-06-17 21:50:53",0.76555,2,isabelaschadt
8155,16386365,"Abdirahman M Ali","2026-06-18 05:18:42",0.76555,1,abdirahmanmali
8156,16388611,bhattPrem007,"2026-06-18 12:11:52",0.76555,1,bhattprem007
8157,16389406,"Yanlin Wu 916","2026-06-18 14:27:18",0.76555,1,yanlinwu916
8158,15042552,"Trung Nguyen #5","2026-06-18 17:21:44",0.76555,1,trungfun
8159,16390254,xenitygg,"2026-06-18 17:28:37",0.76555,1,xenitygg
8160,16390257,"Iggy Cameron","2026-06-25 17:39:31",0.76555,2,iggycameron
8161,16390160,"khalid harouach","2026-06-18 17:35:02",0.76555,3,khalidharouach
8162,16390858,"Rodrigo Victer","2026-06-18 19:32:24",0.76555,2,rodrigovicter
8163,16391820,"Emmit Otter","2026-06-19 00:14:37",0.76555,1,emmitotter
8164,16391946,"Pourya Afsaran","2026-06-19 17:44:23",0.76555,6,pouryaafsaran
8165,13993462,"Kenichi Arai","2026-06-25 04:29:50",0.76555,6,kenichiarai
8166,5110519,최성우,"2026-06-22 01:49:27",0.76555,2,choiseongwoo
8167,16392086,gggqqw170@gmail.com,"2026-06-22 01:49:34",0.76555,2,gggqqw170gmailcom
8168,16393340,"Harsith NV","2026-06-19 07:36:10",0.76555,1,harsithnv
8169,14043257,Do-Na052,"2026-06-19 08:48:55",0.76555,4,dona052
8170,16393449,lks1018,"2026-06-22 09:10:36",0.76555,3,lks1018
8171,16393664,"Shiino Tomohito","2026-06-19 08:55:15",0.76555,1,shiinotomohito
8172,16387488,"yuchen wang","2026-06-19 09:26:34",0.76555,4,yuchewang
8173,16393849,"sanjay B","2026-06-19 09:30:03",0.76555,1,shanmusanjay
8174,16393896,maxf96,"2026-06-19 09:42:37",0.76555,1,maxf96
8175,16258449,beanz_on_toast,"2026-06-19 11:03:52",0.76555,1,iamtherealsteve
8176,9985003,VenturaRaee,"2026-06-24 14:14:10",0.76555,3,venturaraee
8177,16395075,"Bahareh Rahnama","2026-06-19 14:19:04",0.76555,2,baharehrahnama
8178,16395452,"Taratsa Tao","2026-06-19 15:28:06",0.76555,1,taratsatao
8179,16395489,"Mohammed Awwad","2026-06-19 16:49:03",0.76555,2,mohammedawwad
8180,16395572,"Devansh G","2026-06-19 16:57:00",0.76555,5,devanshg01
8181,16395837,"Keivan Behravan","2026-06-19 17:07:57",0.76555,1,keivanbehravan
8182,16395912,Dantes76,"2026-06-19 17:27:08",0.76555,1,dantes76
8183,16395962,"Michael Eng","2026-06-19 17:39:00",0.76555,1,qzmeng
8184,15903485,hugoskn,"2026-06-19 22:25:16",0.76555,1,hugoskn
8185,15319301,"Тимур Гильманов","2026-06-20 04:13:18",0.76555,1,timurgilmanov
8186,16073547,czy1020,"2026-06-20 04:41:49",0.76555,5,czy1020
8187,16399402,"Karthik S #5","2026-06-20 06:14:56",0.76555,1,skarthik0005
8188,16399686,ささきん,"2026-06-20 06:49:05",0.76555,1,sasakin
8189,16329809,"Fardin Meah","2026-06-20 08:02:33",0.76555,2,fardinmeah
8190,16401321,"Masatoshi Hidaka","2026-06-20 11:02:25",0.76555,2,masatoshihidaka
8191,16401352,"Weng Hong Wong7","2026-06-20 10:52:12",0.76555,2,wenghongwong7
8192,16402058,Rohit2593,"2026-06-20 12:46:02",0.76555,2,rohit2593
8193,16402369,"Kinjal Rani","2026-06-20 13:32:20",0.76555,1,kinjalrani
8194,16403059,"Chen Hao #2","2026-06-20 16:15:31",0.76555,3,chenhappyyo
8195,16403127,refyanone,"2026-06-20 15:36:09",0.76555,1,refyanone
8196,16403219,"Magdalena  #2","2026-06-20 15:51:36",0.76555,1,magui2710
8197,16404907,Junkonno,"2026-06-21 01:07:32",0.76555,1,junkonno
8198,5193790,Eyelids,"2026-06-21 05:51:29",0.76555,1,eyelids
8199,16392465,Patrickle 2026,"2026-06-21 05:57:10",0.76555,1,patrickle2026
8200,16406077,sugash,"2026-06-21 07:08:46",0.76555,1,sugash44
8201,16406163,Ijfiwej46ijd,"2026-06-21 07:24:20",0.76555,1,ijfiwej46ijd
8202,15836172,COLD,"2026-06-21 12:27:07",0.76555,2,maulikgajera
8203,16407654,オルタナティブフィールド,"2026-06-21 11:51:26",0.76555,1,alternativefield
8204,15523346,"Shunta Ohshima","2026-06-21 16:36:21",0.76555,4,sohshima
8205,16409514,"night fear","2026-06-21 17:02:23",0.76555,1,maksky
8206,16410922,"Uzorchukwu Felix","2026-06-21 22:21:59",0.76555,1,uzorchukwufelix
8207,16411194,"Paweł Richert","2026-06-22 00:53:41",0.76555,1,pawerichert
8208,16411705,Sonianaik2707_,"2026-06-22 04:00:09",0.76555,3,sonianaik2707
8209,16412038,"Minying Yu","2026-06-22 05:12:51",0.76555,1,minyingyu
8210,16089898,caroline,"2026-06-22 06:50:00",0.76555,1,nexz05200506
8211,16412739,"Vedansh Jadon","2026-06-22 07:30:10",0.76555,6,vedanshjadon
8212,16413007,"조한나 ","2026-06-22 08:08:17",0.76555,1,shushuppvv
8213,16413578,"Yang Zhang #5","2026-06-22 09:57:09",0.76555,1,jennthesoul
8214,16415099,"Evan Xie1","2026-06-23 11:48:01",0.76555,2,evanxie1
8215,16415296,Raman,"2026-06-22 15:21:34",0.76555,1,raman22231
8216,16416021,Balaji_XD,"2026-06-22 17:00:22",0.76555,1,balajixd
8217,16416052,"Carlos Tupac","2026-06-22 17:47:47",0.76555,2,carlostupac
8218,16416766,"Adam Osman","2026-06-22 20:01:05",0.76555,2,adamosman10
8219,16416770,"Harry Moriarty","2026-06-22 19:57:02",0.76555,1,harrymoriarty
8220,14325923,"Allen Van - Tay","2026-06-25 19:07:59",0.76555,4,allenvantay
8221,16419980,Quentin_qtli,"2026-06-23 09:25:26",0.76555,1,quentinqtli
8222,16420096,"Sanjana Kokkiligadda","2026-06-23 09:48:41",0.76555,1,sanjanakokkiligadda
8223,16420904,naotoy,"2026-06-23 12:37:49",0.76555,1,naotoy
8224,13532318,"shrine #2","2026-06-23 13:27:35",0.76555,1,nagineko
8225,16421600,Sushanth@1213791529,"2026-06-23 14:52:28",0.76555,1,sushanth1213791529
8226,16422119,"Abeer Siddiqui","2026-06-23 16:33:58",0.76555,1,abeersiddiqui2025
8227,16422255,shadovvo,"2026-06-23 17:00:19",0.76555,1,shadovvo
8228,16422662,"Harshita Mathur","2026-06-23 18:12:12",0.76555,1,mathurharshita01
8229,16424297,"Abdelhameed Mansour","2026-06-23 22:18:33",0.76555,1,abdelhameedshadad
8230,16424800,Adam12399,"2026-06-24 02:53:16",0.76555,2,adam12399
8231,16425611,anaibenavides,"2026-06-24 06:37:24",0.76555,1,anaibenavides
8232,16425767,dongyhun63,"2026-06-24 07:04:59",0.76555,1,dongyhun63
8233,16425910,"Vatsal Sejpal","2026-06-24 07:56:11",0.76555,2,vatsalsejpal456
8234,16426228,UXKXNDD,"2026-06-24 08:31:45",0.76555,1,uxkxndd
8235,7946218,hello2sys,"2026-07-01 03:33:20",0.76555,9,hello2sys
8236,16426489,"Hào Trần","2026-06-24 09:27:21",0.76555,1,hau100416
8237,16426632,金穗辉辉,"2026-06-24 14:02:49",0.76555,2,griswald0616
8238,16426970,"Morozov Fyodor","2026-06-24 11:04:46",0.76555,2,princewa1000enemies
8239,16427414,"Ece Gazioğlu","2026-06-24 12:24:52",0.76555,1,ecegazioglu
8240,16429497,"Daniil Khlivniuk","2026-06-24 19:23:19",0.76555,1,daniilkhlivniuk
8241,16430236,"Jayden Cellers","2026-06-25 00:56:47",0.76555,3,jaydencellers
8242,16430518,huabcs,"2026-06-25 01:57:36",0.76555,1,huabcs
8243,16426070,"Ryota Takahashi #3","2026-06-25 04:26:10",0.76555,9,tr0123
8244,16431690,jungjongmyoeng,"2026-06-25 07:08:02",0.76555,1,jungjongmyoeng
8245,16431864,"Homo Sapiens","2026-06-25 07:45:19",0.76555,1,homosapienss
8246,16432010,"Priyanshu #9","2026-06-25 08:17:15",0.76555,1,priyanshu17291
8247,16432025,名嘉眞朝貴,"2026-06-25 08:19:15",0.76555,1,asakinakama
8248,16432063,"wen murohy","2026-06-25 08:27:15",0.76555,1,wenmurohy
8249,16432805,"Neeraja Ediga","2026-06-25 11:15:20",0.76555,1,neerajaediga
8250,16388713,"Marcela Albino","2026-06-25 12:56:55",0.76555,2,marcelaalbino
8251,16433573,JohnyJoeJones,"2026-06-25 14:09:16",0.76555,1,johnyjoejones
8252,16389430,"Karl Kniebelklump","2026-06-26 12:06:12",0.76555,5,karlkniebelklump
8253,16434422,"Aditya Gawale","2026-06-25 17:21:25",0.76555,2,adityagawale
8254,16435087,"Juliane Tsuda","2026-06-25 20:15:46",0.76555,1,julianetsuda
8255,16435209,"Adnan Muneer","2026-06-25 21:04:35",0.76555,1,huraunpk
8256,16435233,Odkleja,"2026-06-25 21:17:29",0.76555,1,odkleja
8257,16435564,SantiagoMD04,"2026-06-26 00:36:16",0.76555,2,santiagomd04
8258,16435567,"Jose Manuel Domingo Camposeco","2026-06-26 00:34:13",0.76555,1,josemanuel321
8259,16435615,"Kevin Dong #2","2026-06-26 01:04:30",0.76555,1,kevindongca
8260,6584045,GealachPumpkin,"2026-06-29 00:04:07",0.76555,3,gealachpumpkin
8261,16436136,"Wong Sing Yu","2026-06-26 09:09:25",0.76555,8,wongsingyu
8262,16436135,"Biruk Michael","2026-06-26 05:15:05",0.76555,1,birukmichael
8263,16436366,nhsdk7,"2026-06-28 09:13:10",0.76555,2,nhsdk7
8264,16436655,"Jannet R_M","2026-06-26 07:22:22",0.76555,1,jannetrm
8265,16437815,lixixi,"2026-06-26 10:52:08",0.76555,1,lixixixixi1111
8266,16437985,ML_None,"2026-06-26 12:06:16",0.76555,2,mlnone
8267,16438154,"Sai Vardhan Saineni","2026-06-26 12:08:06",0.76555,1,saivardhansaineni
8268,16438287,"GANTA BHANU TEJASWANI","2026-06-26 12:48:24",0.76555,1,gantabhanutejaswani
8269,16438539,"Theo Audurier","2026-06-26 14:48:21",0.76555,2,theoaudurier
8270,16440155,"yousra baba hamed","2026-06-26 19:28:57",0.76555,1,yousrababahamed
8271,13071974,"Seif Dabous","2026-06-26 21:48:47",0.76555,1,seifdabous
8272,908392,"Daniel Byrd","2026-06-26 23:00:38",0.76555,1,danbyrd
8273,16441110,waterplanets,"2026-06-27 03:34:16",0.76555,1,waterplanets
8274,16442357,"Daisy Charles","2026-06-27 09:24:00",0.76555,1,daisycharles
8275,16443786,jerry23113,"2026-06-27 15:55:43",0.76555,1,jerry23113
8276,16444258,"Karen Corscadden","2026-06-28 19:13:10",0.76555,4,karencorscadden
8277,16445109,"elz #2","2026-06-28 03:59:44",0.76555,1,elainezhang12
8278,16142091,"Musa Aleksanyan","2026-06-28 09:14:26",0.76555,3,musaaleksanyan
8279,16446649,WANG,"2026-06-28 12:24:28",0.76555,1,wangyongzhe12121212
8280,16447145,"Komal Ramapragada","2026-06-28 14:33:14",0.76555,1,ramapragadakomal
8281,16447386,"Deng Kehao","2026-06-28 15:41:44",0.76555,1,dengkehao
8282,16447837,"Sameer Ahmed #3","2026-06-28 17:54:05",0.76555,1,sahmed07
8283,16448394,"Yunus Emre Sarıduman","2026-06-28 22:02:00",0.76555,1,emresariduman
8284,16448423,Surin_0816,"2026-06-28 22:19:33",0.76555,1,surin0816
8285,16448503,koba888,"2026-06-28 23:41:05",0.76555,1,koba888
8286,16449729,xduzhu,"2026-06-29 07:10:45",0.76555,1,xduzhu
8287,16450183,"Bhuvanesh #2","2026-06-29 09:11:59",0.76555,2,bhuvanesh241205
8288,16450188,"VIBHAV TIWARI","2026-06-29 08:50:56",0.76555,2,vibhavtiwarixd
8289,16450610,A2014539687,"2026-07-12 14:06:34",0.76555,7,a2014539687
8290,16315933,"Aryan Gill ","2026-06-29 12:21:45",0.76555,2,aryangill27
8291,16451632,ICYICO,"2026-06-29 13:50:31",0.76555,1,icyico
8292,16453328,"shantanu sharma","2026-06-29 19:28:16",0.76555,1,shantanusharma9873
8293,16455561,JeXYuan,"2026-06-30 03:05:19",0.76555,2,jexyuan
8294,16457720,yulenchen,"2026-06-30 08:02:22",0.76555,3,yulenchen
8295,16457754,"fang chienkai","2026-06-30 07:53:57",0.76555,2,fangchienkai
8296,16457755,jason87216,"2026-06-30 08:12:29",0.76555,2,jason87216
8297,16457784,nicechun13,"2026-06-30 07:55:18",0.76555,1,nicechun13
8298,16457853,"Fred Hseu","2026-06-30 08:03:24",0.76555,1,fredhseu
8299,16457873,ShuShu0401,"2026-06-30 08:06:16",0.76555,1,shushu0401
8300,16457918,"Vic Hsieh","2026-06-30 08:13:16",0.76555,1,vichsieh
8301,16458119,khalidhashmi,"2026-06-30 08:42:56",0.76555,1,khalidhashmi
8302,16459592,"xiaohu gg1","2026-06-30 13:03:15",0.76555,1,xiaohugg1
8303,16459630,Bluesky2333,"2026-07-05 14:34:38",0.76555,3,bluesky2333
8304,16324095,"Anniella Jaspe KEZIMANA","2026-06-30 13:12:40",0.76555,7,anniellajaspe
8305,16460029,nevgive,"2026-06-30 14:14:46",0.76555,1,nevgive
8306,16460564,"lebron james","2026-06-30 15:50:23",0.76555,1,lebronjameswhatacrab
8307,16460938,Bvceh228,"2026-07-08 08:45:36",0.76555,6,bvceh228
8308,16461082,"Saniya Tamboli","2026-06-30 18:16:47",0.76555,3,saniya6
8309,16462597,"Jakey D","2026-07-01 00:53:56",0.76555,1,jakeyd624
8310,16463086,joeypaak,"2026-07-03 12:05:20",0.76555,3,joeypaak
8311,16463545,Akuta,"2026-07-01 05:16:52",0.76555,1,akuta13
8312,13990646,"Yuta nakzatao","2026-07-01 08:23:29",0.76555,1,ny12717
8313,16464957,"Aditi Deshmukh1704","2026-07-01 09:30:45",0.76555,1,aditideshmukh1704
8314,16466214,Wyunning,"2026-07-01 12:49:14",0.76555,1,wyunning
8315,16466560,"Vivek kummar","2026-07-01 13:45:35",0.76555,2,vivekkumar088364
8316,16471185,sinzzz182,"2026-07-02 02:38:32",0.76555,1,sinzzz182
8317,16471413,苏钰皓皓,"2026-07-02 03:22:04",0.76555,1,suyuhhh
8318,672177,"Sreeni Jilla","2026-07-02 03:37:33",0.76555,1,jillas
8319,16471863,"Harikrishnakumar R","2026-07-02 05:41:33",0.76555,2,harikrishnakumarr
8320,16471988,"Hardeep Singh #3","2026-07-02 05:57:15",0.76555,1,hardeep73
8321,16472010,qingjunK,"2026-07-02 06:02:56",0.76555,1,qingjunk
8322,16473134,huanghaiqi40,"2026-07-02 09:57:28",0.76555,1,huanghaiqi40
8323,16473409,"Faiyaz Awsaf","2026-07-02 11:00:15",0.76555,1,faiyazawsaf
8324,16473438,"Syed Shaan Husain","2026-07-02 11:06:45",0.76555,1,syedshaanhusain
8325,16473586,Stars.,"2026-07-02 11:47:24",0.76555,1,starsyy
8326,16415363,tanatana226,"2026-07-02 11:55:42",0.76555,10,tanatana226
8327,16474649,Titanicship,"2026-07-02 15:37:13",0.76555,2,titanicship
8328,16475481,"محمد ياسر الحذيفي","2026-07-02 19:30:06",0.76555,2,mohammed77880
8329,16475538,"احمد احمد","2026-07-02 19:12:13",0.76555,1,pic66474
8330,16475978,"Hasan Ali ÖZTOP","2026-07-02 22:05:09",0.76555,1,hasanaliztop
8331,16477889,Soraa21,"2026-07-03 00:24:04",0.76555,3,soraa21
8332,16479297,gaoweilong33,"2026-07-03 02:28:40",0.76555,2,gaoweilong33
8333,16479476,"Mel Phrat","2026-07-03 02:41:44",0.76555,5,firatmelih
8334,847220,kentx,"2026-07-03 08:25:08",0.76555,7,kangtongxi
8335,16479645,aixiaixi,"2026-07-03 03:39:40",0.76555,1,aixiaixi
8336,16480228,"Sai Tejaswini Pamula","2026-07-04 08:01:48",0.76555,2,saitejaswinipamula
8337,16480381,haonan,"2026-07-03 06:59:08",0.76555,1,ha0nan
8338,16480392,xjrj11111,"2026-07-03 07:19:38",0.76555,4,xjrj11111
8339,16480432,We7i,"2026-07-03 07:07:40",0.76555,1,we7i666
8340,16480507,bbppboom,"2026-07-03 07:24:01",0.76555,1,bbppboom
8341,16480687,"Abdirashid Nur Hussen","2026-07-03 07:49:06",0.76555,1,abdirashidnurhussen
8342,16480973,LYEJHHH,"2026-07-04 07:39:36",0.76555,4,lyejhhh
8343,16481421,"Jonmonii Thakuria. ","2026-07-03 10:55:31",0.76555,1,jonmoniithakuria
8344,16481737,victor.091a,"2026-07-03 12:24:29",0.76555,1,victor091a
8345,16482066,"Vaishnavi #10","2026-07-03 15:27:43",0.76555,1,vaishnavirenati
8346,16480578,ooxyyy,"2026-07-03 16:02:18",0.76555,1,ooxyyy
8347,16482573,n0Rollback,"2026-07-03 16:06:22",0.76555,1,n0rollback
8348,16482742,"Igor Gomes de Lima","2026-07-08 14:38:34",0.76555,4,igorgomesdelima
8349,16483271,johnaren,"2026-07-03 21:30:13",0.76555,7,johnaren
8350,16483721,"Harry Li #2","2026-07-03 22:52:33",0.76555,1,hli840
8351,16483780,tana112,"2026-07-03 23:59:17",0.76555,2,tana112
8352,16484074,1251432778,"2026-07-04 04:18:59",0.76555,2,kanamitahara
8353,16484806,nbkn_is,"2026-07-04 07:05:21",0.76555,2,nbknis
8354,16485083,"sribhashyam sravya","2026-07-04 08:01:52",0.76555,1,sribhashyamsravya
8355,16485087,"mafaizuddin mohammed","2026-07-04 08:02:33",0.76555,1,mafaizuddinmohammed
8356,16485090,"[Deleted] fc41f981-29fe-4c46-8c1b-8a5fdd5b12e7","2026-07-04 08:02:50",0.76555,1,del=c283b1bdb9207f47
8357,16485094,"Anneboina Hashritha","2026-07-04 08:03:31",0.76555,1,anneboinahashritha
8358,16485303,mjdzr21,"2026-07-04 09:16:00",0.76555,1,lecweee
8359,16265998,Alvindra,"2026-07-04 12:07:29",0.76555,1,alvindra
8360,16484822,"Prajwal Halkude","2026-07-04 12:25:34",0.76555,1,prajwalhalkude
8361,16486221,"Rovin Chauhan","2026-07-04 13:44:49",0.76555,1,chauhanrovin
8362,16486669,ChenBiYing,"2026-07-04 15:45:02",0.76555,1,chenbiying
8363,16486729,"Shahzeen Bahram","2026-07-04 16:04:34",0.76555,1,shahzeenbahram
8364,16487102,"Jonmoni Thakuria","2026-07-04 18:03:56",0.76555,1,jonmonithakuria
8365,16485715,"Jianbo Han","2026-07-06 03:24:23",0.76555,6,jianbohan
8366,16487445,"Mantsha Nawaz","2026-07-04 20:01:04",0.76555,1,mantshanawaz
8367,16485373,louisLLLFH,"2026-07-05 01:57:42",0.76555,2,louislllfh
8368,16488325,"Tian Wu 241380018","2026-07-05 04:54:00",0.76555,2,tianwu241380018
8369,16488680,"R him Khan","2026-07-06 09:16:05",0.76555,3,rhimkhan
8370,16488685,"NW Lab","2026-07-05 06:26:49",0.76555,2,nwlabjp
8371,16488792,hhbeginstudy,"2026-07-05 06:44:51",0.76555,2,hhbeginstudy
8372,16488796,"Kiwan Jeon","2026-07-05 06:46:01",0.76555,1,kiwanjeon
8373,16488879,zhang11fweuifg,"2026-07-05 07:34:00",0.76555,5,zhang431682
8374,16489597,敬意123,"2026-07-05 10:33:19",0.76555,2,jyiyq134
8375,2672788,t-enstar,"2026-07-05 11:22:38",0.76555,1,tstustatama
8376,16489775,"Shuta ARAFUKA","2026-07-05 11:24:50",0.76555,1,shutaarafuka
8377,16489790,myazawa,"2026-07-05 11:29:20",0.76555,1,myazawa
8378,16489896,hellowKetty,"2026-07-05 12:02:03",0.76555,2,hellowketty
8379,776634,currypurin,"2026-07-05 12:19:38",0.76555,2,currypurin
8380,16489945,makoto_nlo,"2026-07-05 12:14:18",0.76555,1,makototakahashinlo
8381,16489946,butakamal,"2026-07-05 12:31:07",0.76555,2,butakamal
8382,16489947,"Tetsu Matsuura","2026-07-05 12:14:34",0.76555,1,tetsumatsuura
8383,15547037,寺田百花,"2026-07-05 12:14:37",0.76555,1,momokaterada
8384,16489948,burio_yakitori,"2026-07-05 12:14:45",0.76555,1,burioyakitori
8385,16489952,amamori-041226,"2026-07-05 12:15:01",0.76555,1,amamori041226
8386,16489957,zazen_inu,"2026-07-05 12:16:03",0.76555,1,takeshitaryo
8387,16489960,たつくま,"2026-07-05 12:17:07",0.76555,1,tatkma
8388,16490356,CervineXinYi,"2026-07-05 13:57:02",0.76555,1,cervinexinyi
8389,16490538,harudra,"2026-07-05 14:41:21",0.76555,1,harudra125
8390,16490983,"Liza Luk","2026-07-05 16:25:03",0.76555,1,lizaluk
8391,16491051,"Durvankur Chavan","2026-07-07 09:10:21",0.76555,3,durvankurchavan
8392,16491095,"Thanigai Malai","2026-07-05 16:56:15",0.76555,1,thanigai23
8393,12651534,KantaShiratsuchi,"2026-07-05 18:10:27",0.76555,1,kantashiratsuchi
8394,16492592,"Conghui Guo0527","2026-07-06 03:40:07",0.76555,1,conghuiguo0527
8395,16495000,"Krishnaa M Pai","2026-07-06 12:49:21",0.76555,1,krishnaampai
8396,16495552,大塚祐矢,"2026-07-06 16:28:08",0.76555,2,otsuka10
8397,16495636,G1251412167,"2026-07-06 14:59:49",0.76555,1,g1251412167
8398,16495881,"Yathaarth goel","2026-07-06 15:40:12",0.76555,1,yathaarthgoel
8399,10969509,"Ammu #2","2026-07-06 15:55:46",0.76555,1,ramyasrikuchana
8400,16496413,alzatry,"2026-07-08 01:40:43",0.76555,2,alzatry
8401,16496559,"sauvik sarkhel","2026-07-06 18:08:14",0.76555,1,sauviksarkhel
8402,16496709,"Imashi Ranawaka","2026-07-06 18:39:13",0.76555,1,imashiranawaka
8403,16497162,miNKota,"2026-07-10 20:52:26",0.76555,11,minkota
8404,16497598,"Frisk Li","2026-07-07 01:16:20",0.76555,1,friskli
8405,1078282,pat47,"2026-07-07 02:56:22",0.76555,1,patrick47
8406,16369230,ShaohengSong,"2026-07-07 04:48:47",0.76555,2,shaohengsong
8407,16498170,"Buqing Wu","2026-07-07 04:51:38",0.76555,1,buqingwu
8408,16498755,"Seojin Jang #2","2026-07-07 06:34:07",0.76555,2,seojinjangdacon
8409,16498956,"Rayyan Babar","2026-07-07 07:04:20",0.76555,1,rayyanbabar
8410,16499003,BVM123,"2026-07-07 07:21:38",0.76555,1,bvm123
8411,16500367,"Vivek Bhise","2026-07-07 11:19:35",0.76555,1,vivekbhise
8412,16500423,shereshruti,"2026-07-07 13:12:59",0.76555,6,shereshruti
8413,16500871,Zelrix,"2026-07-07 13:31:21",0.76555,1,zelrix
8414,16501054,Michauu035,"2026-07-07 14:15:57",0.76555,1,michauu035
8415,16501211,"Poline Moraa","2026-07-07 14:54:12",0.76555,1,polinemoraa
8416,16501208,"Yusuf Ahmed #2","2026-07-07 15:00:23",0.76555,2,yusufahmed19
8417,16501376,"I'm Hina","2026-07-07 15:42:24",0.76555,2,imhina
8418,16501441,"rathan sumbet","2026-07-07 16:01:34",0.76555,1,rathansumbet
8419,16501886,"Soham Shahapure","2026-07-07 18:52:12",0.76555,1,sohamss06
8420,16501914,SuperAbdul,"2026-07-07 20:15:45",0.76555,9,superabdul
8421,16504733,"Morar Dmitry","2026-07-07 23:28:17",0.76555,2,dmora14
8422,16504730,"Ana Carolina Mamani Poma","2026-07-08 02:57:09",0.76555,2,anacarolinamp
8423,16505537,"Rashmi Manani","2026-07-08 03:04:38",0.76555,1,rashmimanani
8424,16506843,"zitu bai","2026-07-29 11:53:56",0.76555,8,zitubai
8425,13288932,"SUJATA KOLHE pccoe","2026-07-16 09:07:43",0.76555,2,sujatakolhepccoe
8426,15939541,"Shree sowbika SY","2026-07-08 10:23:41",0.76555,1,shreesowbikasy
8427,16507644,"Isha Bhamare 073","2026-07-08 10:35:04",0.76555,1,ishabhamare073
8428,16507665,"Yogya Suryawanshi","2026-07-08 10:39:13",0.76555,1,yogyasuryawanshi
8429,16507675,"Janhavi Suresh Ravte","2026-07-08 10:41:21",0.76555,1,janhavisureshravte
8430,16507692,"Shreya Dhakane","2026-07-08 10:45:27",0.76555,1,shreyadhakane
8431,16508084,"D015_Monika Mohandule","2026-07-08 12:40:59",0.76555,1,d015monikamohandule
8432,16508436,THpi00,"2026-07-08 14:48:14",0.76555,2,thpi00
8433,16508596,yuta31622,"2026-07-08 14:39:21",0.76555,1,yuta31622
8434,16508624,"learning endless","2026-07-08 14:47:15",0.76555,1,learningendless
8435,15947330,李BCDEFGA,"2026-07-08 15:55:44",0.76555,1,bcdefga
8436,16508979,exemplaryer,"2026-07-08 16:58:09",0.76555,10,exemplaryer
8437,16509150,tophoon2,"2026-07-08 17:20:10",0.76555,10,tophoon2
8438,16509206,tophoon3,"2026-07-08 17:28:16",0.76555,10,tophoon3
8439,16509145," Aditya Garudkar14","2026-07-08 17:34:18",0.76555,1,adityagarudkar14
8440,16509278,tophoon4,"2026-07-08 18:14:02",0.76555,7,tophoon4
8441,16509584,"Tanuja Babaleshwar 046","2026-07-08 19:29:27",0.76555,1,tanujababaleshwar046
8442,16509430,molokoka,"2026-07-08 19:46:26",0.76555,2,molokoka
8443,16510287,"[Deleted] 5cf7b9e9-a672-436a-84c3-9e8b5b3167bd","2026-07-09 01:40:12",0.76555,1,del=aeaa93a37727ed5c
8444,16510805,Rupiga,"2026-07-09 04:37:55",0.76555,1,rupiga
8445,16510814,gilisto,"2026-07-10 08:06:46",0.76555,3,gilisto
8446,16510925,"Pranesh K 23MIA1009","2026-07-09 05:11:31",0.76555,1,praneshk23mia1009
8447,16510933,"Siamak Azimi","2026-07-09 05:16:27",0.76555,2,siamakazimi
8448,16510957,"Shashank Ragoor","2026-07-09 05:20:45",0.76555,1,shashankragoor
8449,16511074,"Dinh Minh Hai","2026-07-09 05:53:09",0.76555,1,ddinhminhhair
8450,16511176,twins1909,"2026-07-09 06:24:39",0.76555,1,twins1909
8451,16511680,"Wallace Ramos","2026-07-09 08:24:43",0.76555,1,wllrms
8452,16508721,小野寛樹,"2026-07-09 09:46:49",0.76555,7,onohiroki1988
8453,16512329,wataru.tokunaga,"2026-07-09 11:05:10",0.76555,1,watarutokunaga
8454,16512527,"Vansh Kumar","2026-07-09 12:03:41",0.76555,1,vanshkumar007
8455,16512586,"Heinn Htet Zan","2026-07-09 12:26:06",0.76555,3,heinnhtetzan
8456,16512916,"Sumit Kumar Dwivedi","2026-07-09 13:51:10",0.76555,1,sumitdwi123
8457,16513346,Rita-1021,"2026-07-09 16:24:39",0.76555,3,rita1021
8458,16514075,"Sean Jones","2026-07-09 19:51:53",0.76555,1,seanjones444
8459,16514330,"Muhammad Arqam Ghayour","2026-07-09 22:32:35",0.76555,1,muhammadarqamghayour
8460,16515147,Soyoung130,"2026-07-10 05:19:29",0.76555,4,soyoung130
8461,16513210,"Atharva Dhamankar","2026-07-10 06:12:18",0.76555,5,atharvadhamankar312
8462,16490674,"Hyunjae Ha","2026-07-10 07:28:18",0.76555,2,hyunjaeha
8463,16515701,KBTU_BStat_Abylaikhan_Orynbassar,"2026-07-10 07:47:53",0.76555,1,oldrice21
8464,16515848,Kikisankaggle,"2026-07-10 08:31:11",0.76555,2,kikisankaggle
8465,16516196,"Charlie King","2026-07-10 10:07:24",0.76555,1,charlieking91
8466,16517363,"Shreyash Dubewar","2026-07-10 16:36:29",0.76555,4,shreyashdubewar
8467,16517569,"AYUSH PATIL 44","2026-07-10 17:35:40",0.76555,1,ayushpatil44
8468,16517690,risad_013,"2026-07-10 18:28:16",0.76555,1,risad013
8469,16530255,Tonyhk,"2026-07-10 23:32:27",0.76555,1,tonyhk
8470,16530481,"Erine Tieu","2026-07-11 03:35:14",0.76555,3,erinetieu
8471,16530996,"Manoj M yalavigi","2026-07-11 06:11:51",0.76555,2,manojmyalavigi
8472,16531071,"D003_PRASAD KALYANI","2026-07-11 07:18:50",0.76555,2,d003prasadkalyani
8473,16488737,tuboa2,"2026-07-11 07:22:52",0.76555,3,tuboa2
8474,14650479,expfuncx,"2026-07-11 07:48:51",0.76555,1,expfuncx
8475,16531287,"Maxim Shvets","2026-07-11 12:59:51",0.76555,2,maximshv
8476,16512254,"PRANJALI INGAWALE","2026-07-11 11:05:59",0.76555,6,ingawale2026
8477,16531519,"AJAY SHRINIWAR","2026-07-11 09:21:25",0.76555,3,ajayshriniwar
8478,16531547,Bakhtawar78,"2026-07-11 09:22:36",0.76555,1,bakhtawar78
8479,16532189,"Mohsan Waseem Ather","2026-07-11 12:47:22",0.76555,2,mohsanwaseemather
8480,11487801,CrMtCa,"2026-07-11 17:35:34",0.76555,2,crmtca
8481,16533062,"27_Saheel Shaikh","2026-07-11 17:46:07",0.76555,1,saheelsshaikh
8482,16533154," Siya Kale06","2026-07-11 18:18:20",0.76555,1,siyakale06
8483,16533203,"Himanshu  Kumar","2026-07-11 18:38:27",0.76555,1,himanshurauniyar4
8484,16533734,"Hidetsugu Fukada","2026-07-12 01:24:18",0.76555,1,hidetsugufukada
8485,16534330,mapsxez27,"2026-07-12 07:18:34",0.76555,1,mapsxez27
8486,16534468,QinBu_Rua,"2026-07-12 08:10:29",0.76555,1,qinburua
8487,16040460,"Nagendra Gouda 125","2026-07-13 08:51:37",0.76555,3,nagendragouda125
8488,16534466,長尾昇真,"2026-07-12 09:18:48",0.76555,2,gshomau
8489,15938834,"Priyanshu Barnwal #2","2026-07-12 21:35:24",0.76555,1,pbarnwal
8490,16536629,olbErth,"2026-07-12 22:09:20",0.76555,1,olberth
8491,16536946,occer,"2026-07-13 01:46:24",0.76555,1,occerjung
8492,16537538,"Raditya Dwiprasta","2026-07-13 05:30:14",0.76555,1,radpras
8493,16537689,中本瑞季,"2026-07-20 23:03:23",0.76555,3,d2xdew
8494,16538198,huaijinWYB,"2026-07-13 08:08:05",0.76555,1,huaijinwyb
8495,16538375,ShreyMaity21,"2026-07-13 08:52:58",0.76555,1,shreymaity21
8496,16538482,"KALYANI HAGE","2026-07-13 09:43:56",0.76555,2,kalyanihage
8497,16538638,"Ritu Singh 23BPS1105","2026-07-13 09:45:57",0.76555,1,ritusingh23bps1105
8498,16539158,"Mátyás Horváth","2026-07-13 11:54:47",0.76555,1,mtyshorvth98
8499,16066925,Egunuraka,"2026-07-13 12:03:08",0.76555,3,egunuraka
8500,16539363,shigotok@k,"2026-07-13 12:51:52",0.76555,1,shigotokk
8501,11309313,Macharlaanusha2307,"2026-07-13 16:47:41",0.76555,1,macharlaanusha2307
8502,16540574,"P Zxhang","2026-07-13 17:54:15",0.76555,1,pzxhang
8503,16540687,"Anshul Singh 45","2026-07-13 18:51:42",0.76555,1,anshulsingh45
8504,16541451,"Xiangyi Chen","2026-07-14 00:08:43",0.76555,1,xiangyichen888
8505,16542247,DBhavani,"2026-07-14 05:31:28",0.76555,2,bhavanidhanapal
8506,16542250,"Emily Yu #2","2026-07-14 05:32:10",0.76555,1,emilyyu751
8507,16542366,"Syed Yousufuddin Hashmi","2026-07-14 06:01:02",0.76555,1,syedyousufuddin
8508,16542676,"Han Cai2026","2026-07-14 07:15:14",0.76555,1,hancai2026
8509,16543466,WXYYYYY,"2026-07-14 13:30:05",0.76555,4,beneththeskin
8510,16543916,"piana hartina","2026-07-14 12:47:36",0.76555,2,pianahartina
8511,16544104,dandf,"2026-07-14 13:07:56",0.76555,1,dandfdss
8512,15328273,Kore_Ramya25,"2026-07-14 15:41:36",0.76555,2,koreramya25
8513,16544672,"Gowtham Kumar Vasantha","2026-07-14 15:42:14",0.76555,1,gowthamkumarvasantha
8514,5032726,"Dariusz Put","2026-08-14 01:42:24",0.76555,2,dariuszput
8515,16546706,"Zakariyae Tahiri","2026-07-14 21:08:24",0.76555,1,zakariyaetahirii
8516,16548179,"Marcos MT","2026-07-15 01:02:18",0.76555,3,marcosmt
8517,16549076,"Yogesh #13","2026-07-15 05:25:21",0.76555,3,syogesh016
8518,16550165,"yushi hikita","2026-07-18 14:44:55",0.76555,4,yushihikita
8519,16550180,"Ise Takumi","2026-07-15 10:15:48",0.76555,1,isetakumi
8520,16550243,"ying ha","2026-07-15 10:32:14",0.76555,1,yingha
8521,16550348,"Akshara Garg","2026-07-20 06:56:09",0.76555,2,aksharagarg92
8522,185275,"Karthikeyan Palanisamy","2026-07-15 11:14:17",0.76555,2,karthe
8523,16507682,"Nachiket Choudhari","2026-07-15 11:25:43",0.76555,1,nachiketch
8524,16550804,"Mohammed Nihal jr","2026-07-15 13:18:35",0.76555,1,mohammednihaljr
8525,16551815,Str1kingeorge,"2026-07-15 17:30:10",0.76555,1,str1kingeorge
8526,16552034,"Sifuni Tuzo Mwangomola","2026-07-15 18:53:30",0.76555,4,sifunituzomwangomola
8527,16552350,"Kuo Sun","2026-07-15 21:13:13",0.76555,1,kuosun
8528,16552478,viktor-thang-phan,"2026-07-15 22:04:08",0.76555,3,viktorthangphan
8529,16552922,"Acoder #2","2026-07-16 01:58:36",0.76555,1,achyutasaig
8530,16553000,"Xudong Jiang","2026-07-16 02:35:05",0.76555,1,frankjiang116
8531,16553186,"Amy Xiao Zhou","2026-07-16 03:54:43",0.76555,1,amyxiaozhou
8532,16553885,a982295350,"2026-07-16 07:25:21",0.76555,2,a982295350
8533,16553615,"Nikethana P","2026-07-16 07:41:21",0.76555,7,nikethanap
8534,16553985,Vishnu_guptha1,"2026-07-16 07:45:11",0.76555,2,vishnuguptha1
8535,6197376,kaminb,"2026-07-16 08:52:11",0.76555,1,kaminb
8536,16554477,"083-AAKRITI SHRINGARE","2026-07-16 09:51:23",0.76555,1,aakritishringare
8537,16555152,"Eng. Deni Santos","2026-07-16 12:49:46",0.76555,1,engdenisantos
8538,16555223,"wangwen #3","2026-07-16 13:15:54",0.76555,2,wenlingling6
8539,16555856,"Venuganan K","2026-07-16 15:55:05",0.76555,1,venuganank
8540,16556819,"Кирилл Вазим","2026-07-16 20:36:17",0.76555,1,hankky
8541,16556943,"Fernanda Pereira","2026-07-17 20:12:03",0.76555,3,fernandapereira01
8542,16557566,"Fadiil Rizky Akbar 10","2026-07-18 00:32:14",0.76555,5,fadiilrizkyakbar10
8543,16558480,"gb arial","2026-07-21 07:35:59",0.76555,11,gbarial
8544,16559460,RahulnKumar,"2026-07-17 12:59:48",0.76555,1,rahulnkumar
8545,16554592,"VAISHALI KALBHOR","2026-07-17 16:12:06",0.76555,10,vaishaliakalbhor
8546,16559864,"Simon Baker","2026-07-17 14:30:37",0.76555,1,simonbakerxzs
8547,16559905,"Mert Senel","2026-07-17 14:33:47",0.76555,1,mertsenel
8548,16560186,abai,"2026-07-17 15:46:18",0.76555,1,abaierrrr
8549,16560411,kmkm000,"2026-07-17 17:00:23",0.76555,2,kmkm000
8550,16560944,"Malvi Shah","2026-07-17 19:59:18",0.76555,1,aarin2010
8551,16562658,上田井恒輝,"2026-07-18 05:24:54",0.76555,1,koki1513
8552,16562873,"David #71","2026-07-22 03:32:41",0.76555,4,davidthecowardly
8553,16564065,Irishsu,"2026-07-18 08:44:48",0.76555,1,iris13523
8554,4105834,"Hwang Hoe sun","2026-07-18 09:54:28",0.76555,2,hwanghoesun
8555,16565596,"Ricardo Mejias","2026-07-18 13:45:45",0.76555,2,ricardomejias
8556,16565997,"Saqlain Wanher","2026-07-18 16:08:02",0.76555,1,shaazfahad
8557,16566531,"Luis Ricardo","2026-07-18 20:21:45",0.76555,1,luisric
8558,16566735,"Satyarth Pandey #2","2026-07-18 22:19:36",0.76555,2,satyarthpandey43
8559,11548800,"Gota Osoegawa","2026-07-19 01:08:19",0.76555,1,gotaosoegawa
8560,16568346,"Ayush Pandey #5","2026-07-19 05:42:25",0.76555,1,ayush1441
8561,16569065,Light1224,"2026-07-19 08:26:03",0.76555,2,light1224
8562,16554511,"Suchitra Akulwad","2026-07-19 09:34:18",0.76555,11,suchitraakulwad
8563,16501103,"Roobhasridevi Periyasamy","2026-07-20 14:45:25",0.76555,5,roobhasridevi
8564,16570172,MlMlDev34,"2026-07-19 12:52:30",0.76555,1,mlmldev34
8565,16570984,"Success Moses","2026-07-19 15:43:22",0.76555,1,successmoses
8566,3053442,"Jose Martin Maningo","2026-07-22 03:33:39",0.76555,6,josemartinmaningo
8567,16573237,"Sheng Chen21","2026-07-20 04:05:42",0.76555,4,shengchen21
8568,16574370,yissyiiii,"2026-07-20 08:56:35",0.76555,4,yissyiiii
8569,16574710,"Abdullah Al Aymon","2026-07-20 10:08:13",0.76555,1,abdullahalaymon
8570,16574765,tomsolin,"2026-07-20 10:20:04",0.76555,1,tomsolin
8571,16575498,zimmer01,"2026-07-20 14:01:00",0.76555,1,zimmer01
8572,16575875,"Qiansong Xu","2026-07-20 15:38:44",0.76555,1,qiansongxu
8573,16576734,ハチワレ,"2026-07-20 19:04:13",0.76555,2,kokinegishi
8574,16576766,"Antonio Gabriel Pontes e Dechiche","2026-07-20 19:09:19",0.76555,2,pontesedechiche
8575,16578174,hi_j,"2026-07-21 02:18:35",0.76555,2,jei135789
8576,16578088,payshent.wk,"2026-07-28 10:54:30",0.76555,18,payshentwk
8577,16575878,"Alan Miao (Killegal King)","2026-07-21 08:43:59",0.76555,2,alanmiaokillegalking
8578,16575816,"Mohammed Slimane","2026-07-21 10:55:17",0.76555,3,mohammedslimane
8579,16580880,AlEXiuM4812,"2026-07-21 12:28:53",0.76555,1,alexium4812
8580,16581163,"JUVERIYA AFSHEEN","2026-07-21 13:10:47",0.76555,1,juveriyaafsheen
8581,16581821,dpslx2x,"2026-07-22 07:11:19",0.76555,3,dpslx2x
8582,16583491,"Marcelo de Azevedo","2026-07-22 01:19:16",0.76555,1,marcelodeazevedo
8583,16584422,righttt,"2026-07-22 06:07:54",0.76555,1,righttt
8584,16584559,Mulgom,"2026-07-22 06:48:46",0.76555,1,mulgomc
8585,16586012,"Nicole XING","2026-07-22 13:55:41",0.76555,1,liuhaha
8586,16586567,sditrain,"2026-07-22 16:10:02",0.76555,1,sditrain
8587,16586589,"Memoona Rashid","2026-07-22 16:13:52",0.76555,1,memoonarashid
8588,16587212,"Stef Simington","2026-07-22 20:23:36",0.76555,3,stefsimington
8589,16587407,jcfan91,"2026-07-22 20:54:13",0.76555,1,jcfan91
8590,16587517,CaesarLi0808,"2026-07-22 22:41:41",0.76555,3,caesarli0808
8591,16588905,"yunjia tian","2026-07-23 07:58:42",0.76555,1,yunjiatian
8592,16589332,"keying hu","2026-07-23 09:49:25",0.76555,2,wsh1hky
8593,16589458,LiquidAmmonia1999,"2026-07-23 10:35:31",0.76555,1,liquidammonia1999
8594,16590275,sam2931,"2026-07-23 15:08:32",0.76555,1,sam2931
8595,12977103,"Barzan YALCIN","2026-07-23 16:47:54",0.76555,1,barzanyalcin
8596,16590833,xiaoqitongxue193,"2026-07-23 18:21:36",0.76555,1,xiaoqitongxue193
8597,16590896,"Kessia Macedo","2026-07-27 18:23:49",0.76555,8,kessiamacedo
8598,16591351,"Zoe Heo","2026-07-23 23:34:48",0.76555,1,zoeheo
8599,16591448,南京大学李佳朔,"2026-07-24 01:01:57",0.76555,1,ljs15504434298
8600,16591495,"Atulp203 ","2026-07-24 01:48:27",0.76555,1,winner11
8601,16592759,"takahiro mitani","2026-07-24 08:09:29",0.76555,1,takahiromitani
8602,16593856,"Dop Pop","2026-07-24 13:33:09",0.76555,3,doppop
8603,12598619,"Zanotta Luiz","2026-07-30 23:52:34",0.76555,5,zanottaluiz
8604,16594902,"Aarushi Singh","2026-07-24 18:44:35",0.76555,1,aarushisingh00
8605,16594823,"Raunak Pandey #2","2026-07-24 19:10:16",0.76555,5,helloraunakpandey
8606,16596501,giovanna_98,"2026-07-25 01:55:29",0.76555,1,giovanna98
8607,16597084,"Axe Scint","2026-08-02 06:16:26",0.76555,5,axescint
8608,16597577,PrathamBatra12,"2026-07-25 08:14:43",0.76555,2,prathambatra12
8609,16597579,"Vidya Pandey","2026-07-25 08:08:21",0.76555,1,vidyapandey03
8610,16597600,"Rajput Yashji","2026-07-25 08:12:27",0.76555,1,rajputyashji
8611,16596860,"Kyle Shen(Yihan Shen)","2026-07-26 03:25:42",0.76555,12,kyleshenyihanshen
8612,16597967,"ruilan song","2026-07-25 10:12:10",0.76555,1,ruilansong
8613,16598321,"Rahul Khot","2026-07-25 11:50:58",0.76555,1,rahulkhot1718
8614,16598580,"Paulo Cabral Junior","2026-07-25 13:26:15",0.76555,2,paulocabraljunior
8615,10662109,"Sebastian Nechita","2026-07-28 13:01:47",0.76555,10,sebastiannechita
8616,16599056,"Yang Qrange","2026-07-25 15:33:37",0.76555,1,yangqrange
8617,16599105,"Hot Pixel","2026-07-25 15:54:49",0.76555,1,hotpixel
8618,16599251,"Trésor Adzanto","2026-07-25 16:59:48",0.76555,2,trsoradzanto
8619,16599513,"Naresh Babu Gouni","2026-07-25 18:23:34",0.76555,1,nareshbabugouni
8620,16599665,"Tanush Thakran","2026-07-25 20:05:02",0.76555,3,tanushthakran
8621,16599848,"omar mohamed","2026-07-25 22:17:23",0.76555,1,omarmohamed210
8622,16599992,"hudhaifa adriouche","2026-07-26 00:34:14",0.76555,1,hudhaifaadriouche
8623,16600212,N.I,"2026-07-26 03:05:01",0.76555,1,nariakiinamine
8624,16600347,"Maneesh joshi55","2026-07-26 04:30:57",0.76555,1,maneeshjoshi55
8625,14508104,atik_uwu,"2026-07-26 06:03:37",0.76555,1,atikuwu
8626,16601225,Oyoaio,"2026-07-26 12:49:33",0.76555,3,oyoaio
8627,16601843,"Jun Goto","2026-07-26 13:08:26",0.76555,2,jungoto
8628,16601884,"Mboh Pano","2026-07-26 12:56:30",0.76555,1,mbohpano
8629,16602068,"Mateus Fiochi","2026-07-26 14:37:27",0.76555,2,mateusfiochi
8630,16602501,"Pallavi B gowda","2026-07-26 16:24:40",0.76555,1,pallavibgowda
8631,16602593,"Daniel Ramon","2026-07-26 16:48:39",0.76555,1,danielramon55
8632,16602643,"Maya R1233","2026-07-26 17:03:07",0.76555,2,mayar1233
8633,16602908,雨落陈桥,"2026-07-26 18:42:34",0.76555,1,yuluochenqiao
8634,16602914,"[Serbia] Andrija Nešić","2026-07-26 19:21:09",0.76555,4,serbiaandrijanei
8635,16603203,"Sam Grulich","2026-07-26 22:16:04",0.76555,1,samgrulich
8636,16603225,"Zeynab Katchon","2026-07-26 22:27:24",0.76555,1,kantbioni
8637,16603280,mahdiall99,"2026-07-27 02:03:12",0.76555,2,smplord
8638,16603541,cup_of_rofee,"2026-07-27 02:23:25",0.76555,1,cupofrofee
8639,16603678,"huang zhen yaun","2026-07-27 03:27:55",0.76555,1,huangzhenyaun
8640,16603738,"Carylle Chua","2026-07-27 03:56:53",0.76555,1,caryllechua
8641,16604936,momomoyx,"2026-07-27 09:27:30",0.76555,1,momomoyx
8642,16605381,"Brainiac Bentum","2026-07-27 11:15:40",0.76555,1,brainiacbentum
8643,16605535,"Sharvesh PG","2026-07-27 12:02:39",0.76555,1,sharveshpg
8644,16605604,"Serkan Fakı","2026-07-27 12:23:19",0.76555,1,serkanfak
8645,16605761,日野隼秀,"2026-08-09 05:11:34",0.76555,8,hayahidehino
8646,16607044,"Kyssana Ellen Souza da Silva","2026-07-29 13:53:05",0.76555,2,kyssanaellen
8647,16607357,"Gabriel Coelho #2","2026-07-28 00:37:54",0.76555,5,gabrielcoelho2
8648,16607411,"Arthur Hassuma","2026-07-28 00:34:46",0.76555,2,arthurhassuma
8649,16607535,jehyeonju,"2026-07-28 01:51:13",0.76555,1,jehyeonju
8650,16607923,Sherry_OVO,"2026-07-28 04:34:23",0.76555,1,sherryovoz
8651,16607818,turkey1024,"2026-07-28 04:38:19",0.76555,2,turkey1024
8652,16608513,"Sahnyuy Blaise","2026-07-28 07:26:18",0.76555,1,sahnyuyblaise
8653,16608999,Nurislam08,"2026-07-28 09:20:34",0.76555,1,nurislam08
8654,16609973,"Rebecca Young #2","2026-07-28 14:19:29",0.76555,1,rebeccayoungveil
8655,3103305,"Asim Islam","2026-07-28 15:57:24",0.76555,4,asimislam
8656,16610150,박허리케인,"2026-07-28 15:40:03",0.76555,6,p2kkyu
8657,16611240,"padya kumbhar","2026-07-28 21:23:27",0.76555,1,padyakumbhar
8658,16611427,"Clara Agbekey","2026-07-28 23:49:33",0.76555,1,claraagbekey
8659,4555877,Mr.lee,"2026-07-29 02:53:28",0.76555,2,leeheesuck
8660,16612260,"TBC Lalrintluanga","2026-07-29 06:05:20",0.76555,1,tbclalrintluanga
8661,16612373,"Ahmad Jamal","2026-07-29 06:35:32",0.76555,1,jamal89
8662,16612376,ALLU,"2026-07-29 06:37:23",0.76555,1,allucyber
8663,16612800,"SAE - 137","2026-07-29 08:58:53",0.76555,1,sae137
8664,16613133,"helmi #2","2026-07-29 10:30:37",0.76555,1,janinehellmers
8665,16613925,kakacyy,"2026-07-29 14:25:06",0.76555,1,kakacyy
8666,16614209,IDK_409,"2026-07-29 15:51:26",0.76555,3,idk409
8667,16614643,budouuu,"2026-07-30 04:56:33",0.76555,3,budouuu
8668,16616292,"Eng Omar","2026-07-29 22:11:17",0.76555,1,omar2716
8669,16617555,DIORdiaoli,"2026-07-30 06:18:04",0.76555,1,diordiaoli
8670,16617676,"Monish V B","2026-07-30 06:47:48",0.76555,1,monishvb
8671,14823165,"alexandru bobe","2026-07-30 07:14:34",0.76555,1,alexandrubobe2
8672,16617853,"jaya wijaya","2026-07-30 07:35:46",0.76555,1,wijayajaya
8673,16618239,"Manasvi Mittalmm","2026-07-30 09:03:10",0.76555,1,manasvimittalmm
8674,16618325,"surprise carlos","2026-07-30 09:24:39",0.76555,2,surprisecarlos
8675,16619341,"Kartik Talati","2026-07-30 13:15:28",0.76555,1,kartiktalati
8676,16622061,vinims30,"2026-07-30 17:58:37",0.76555,1,vinims30
8677,16623276,Kaggle867,"2026-08-01 18:55:40",0.76555,2,kaggle867
8678,16623985,"Shahrear Al Sakib","2026-07-31 03:28:54",0.76555,1,shahrearalsakib
8679,16624930,"Arye Khadka","2026-08-05 05:56:46",0.76555,2,aryekhadka
8680,16629458,IsaacJinyu,"2026-07-31 09:44:46",0.76555,1,isaacjinyu
8681,16629816,"Muhammad Fatiha Assyfa","2026-07-31 10:05:35",0.76555,1,muhammadfatihaassyfa
8682,2500633,fanzhangkaggle,"2026-07-31 23:31:23",0.76555,5,fanzhangkaggle
8683,16634454,VishesHY,"2026-08-07 04:56:40",0.76555,2,aravish07
8684,16632353,Lvffff,"2026-08-01 06:36:35",0.76555,6,lvffff
8685,16634860,HarshGarg1812,"2026-08-01 06:49:20",0.76555,1,harshgarg1812
8686,16635190,patilsahil1056,"2026-08-01 08:38:39",0.76555,1,patilsahil1056
8687,16635286,"AbbayomiDigital ","2026-08-01 08:48:03",0.76555,1,abbayomidigital
8688,16637274,"Kaito Wakatsuki","2026-08-01 14:06:25",0.76555,1,kaitowakatsuki
8689,16637467,Elie@@02,"2026-08-01 19:39:04",0.76555,2,elie02
8690,16637833,Aniket200629,"2026-08-01 15:15:16",0.76555,1,aniket200629
8691,15831549,"Malak mohamed  Abd Elfatah","2026-08-01 16:43:27",0.76555,1,malakabdelfatah2008
8692,16639196,NgThanhAn,"2026-08-01 20:31:28",0.76555,2,ngthanhan
8693,16639588,"Wang ChenFeng","2026-08-02 01:33:50",0.76555,1,wangfengfengfeng
8694,16639665,"kazushi sawada","2026-08-02 02:25:43",0.76555,1,kazushisawada
8695,16550166,mashandroom,"2026-08-02 02:25:46",0.76555,3,mashandroom
8696,16639669,徳田一真,"2026-08-02 02:27:01",0.76555,1,tkdkzm
8697,16639671,後藤泰彰,"2026-08-02 02:27:24",0.76555,1,umitengu
8698,16640732,tkstyke.tt,"2026-08-03 07:11:24",0.76555,2,tkstykett
8699,16640795,peimaru,"2026-08-02 09:03:42",0.76555,1,peimaru
8700,16640765,"Miyako Uezono","2026-08-02 09:15:33",0.76555,3,miyakouezono
8701,16641073,Kontrast1,"2026-08-02 10:43:38",0.76555,1,kontrast1
8702,16641623,"Nitin Bisht69","2026-08-02 13:20:05",0.76555,1,nitinbisht69
8703,16641635,bolomoi,"2026-08-02 13:28:47",0.76555,2,bolomoi
8704,16642390,Kishank8,"2026-08-02 14:39:44",0.76555,1,kishank8
8705,16642705,"Aravind Chary009","2026-08-02 15:06:24",0.76555,1,aravindchary009
8706,16644316,"tsouhui01 tsou","2026-08-02 19:51:39",0.76555,1,tsouhui01tsou
8707,16645165,"Praveen Kumar #21","2026-08-03 02:33:47",0.76555,1,praveenkumar1900
8708,16649765,"Beier Ye","2026-08-03 07:41:44",0.76555,2,beierye
8709,16650150,"Balasubramani S","2026-08-03 07:49:57",0.76555,1,balasubramanis88
8710,16651323,Lxcats,"2026-08-03 08:52:40",0.76555,2,lxcats
8711,16651731,"Рамиль Хисматулин","2026-08-03 09:39:55",0.76555,1,ramilostriy
8712,16653237,"Yaseen Arafat (Hridit)","2026-08-03 15:54:11",0.76555,2,yaseenarafathridit
8713,16656103,鱼体背部,"2026-08-04 03:03:16",0.76555,1,ytbbaaa
8714,16657740,"Khushi Rani","2026-08-04 06:45:03",0.76555,2,khushirani99
8715,16658791,"XingZhe Li","2026-08-04 08:53:28",0.76555,4,xingzheli2026
8716,16659375,"Tanaphat Sooksub","2026-08-04 09:44:56",0.76555,1,tanaphatsooksub
8717,16660062,"Edgardo Lovell","2026-08-04 11:36:10",0.76555,5,edgardolovell
8718,16660045,"Lena Bielak","2026-08-04 11:27:57",0.76555,1,lenabielak
8719,16593886,"john zebra","2026-08-04 12:29:28",0.76555,2,johnzebra
8720,16661563,Neelakshi,"2026-08-04 14:43:17",0.76555,1,neelakshi321
8721,16661760,"Noa Jakubowski","2026-08-04 15:12:15",0.76555,1,noajakubowski
8722,16661829,wangxinyue2026,"2026-08-04 15:24:06",0.76555,1,wangxinyue2026
8723,16662845,"Lily Sriram","2026-08-04 18:16:10",0.76555,1,lilysriram
8724,16663196,"Shubham Saini","2026-08-04 19:23:17",0.76555,1,sshubhi2606
8725,16664079,"Luiza Valéria","2026-08-05 01:45:58",0.76555,2,luizavalria
8726,16664189,春輝松尾,"2026-08-05 01:45:12",0.76555,1,harukiapi0421
8727,16664332,Wuhuahuichun,"2026-08-05 03:28:13",0.76555,3,wuhuahuichun
8728,15606096,"ANBUSELVAN MAHALINGAM","2026-08-05 05:00:51",0.76555,1,anbuselvanmahalingam
8729,16665849,"Ali Ayaan","2026-08-05 07:37:34",0.76555,1,aliayaann
8730,16666448,Eladpd,"2026-08-05 09:24:23",0.76555,1,eladpd
8731,16667070,KogureMizuki,"2026-08-05 11:17:57",0.76555,3,koguremizuki
8732,14457040,ShomaYoshida1,"2026-08-05 13:38:59",0.76555,1,shomayoshida1
8733,16668677,AlaudaOrientis,"2026-08-05 15:39:47",0.76555,1,alaudaorientis
8734,16668805,"Ahmed Hussein Abd Elsalam","2026-08-05 16:01:34",0.76555,1,ahmedhussein77731
8735,16669239,"hussain danfillo","2026-08-05 16:55:43",0.76555,1,hussaindanfillo
8736,16669254,"Pranali Valve","2026-08-05 16:58:13",0.76555,1,pranalivalve
8737,5692407,"Neglected Intellect","2026-08-05 20:35:15",0.76555,1,"abqareeno,vyhaen"
8738,10661529,j911214,"2026-08-06 02:33:46",0.76555,2,j911214
8739,16670942,jojoski,"2026-08-06 01:01:02",0.76555,6,jojoski
8740,16671416,RogerZhang888,"2026-08-06 03:54:48",0.76555,2,rogerzhang888
8741,1805471,"Muhammad Mehedi Billah","2026-08-06 05:39:33",0.76555,2,mehediapon
8742,16672297,MINnie,"2026-08-06 05:37:20",0.76555,10,kimminnnnun
8743,16674842,"KAZUHIRO NISHIMURA","2026-08-06 10:21:07",0.76555,1,kazuhironishimura
8744,16675650,CruelShow,"2026-08-06 13:50:43",0.76555,3,cruelshow
8745,15818686,Ganesh_Solanke1,"2026-08-06 13:04:41",0.76555,1,ganeshsolanke1
8746,16675886,"AKOIJAM JENIL","2026-08-08 03:32:59",0.76555,2,akoijamjenil
8747,16676879,"Vasilev Egor","2026-08-06 16:03:37",0.76555,2,yumajke
8748,16548221,Aevion-Labs,"2026-08-06 21:45:42",0.76555,11,aevionlabs
8749,14104252,ckdmsdn0507@,"2026-08-07 02:27:13",0.76555,14,ckdmsdn0507
8750,16681724,"Varsha Saxena","2026-08-08 05:00:00",0.76555,4,ixorioles
8751,14843341,haideptry,"2026-08-07 08:29:10",0.76555,2,haideptry
8752,16682872,yomi109,"2026-08-07 07:56:10",0.76555,2,yomi109
8753,16683025,nineteenmg,"2026-08-07 07:40:15",0.76555,1,nineteenmg
8754,16683115,qiyi123,"2026-08-07 07:53:25",0.76555,1,qiyi123
8755,16683219,"Tomke Schroeer","2026-08-07 09:33:44",0.76555,3,tomkeschroeer
8756,16683844,ATLAS,"2026-08-07 09:27:13",0.76555,1,atlasbacteri
8757,16683860,Til399,"2026-08-07 09:29:19",0.76555,1,til399
8758,16643479,"Bhushan Sonawane","2026-08-07 15:02:26",0.76555,7,bhushanssh
8759,16687127,"Aikantic Maitra","2026-08-07 18:54:22",0.76555,2,aikanticmaitra
8760,16688748,"Yasutoshi Yajima","2026-08-08 04:08:25",0.76555,1,yasutoshiyajima
8761,16688797,"Honeey L","2026-08-08 04:19:43",0.76555,1,honeeyl
8762,16689036,"Kentaro Kouzuma","2026-08-08 05:27:05",0.76555,1,kentarokouzuma
8763,16689195,"Hamed Wahedi","2026-08-08 06:06:39",0.76555,1,hamedwahedi
8764,16689217,"Zain Hamza","2026-08-09 13:20:57",0.76555,2,zainhamza56
8765,16689869,callmealan,"2026-08-08 08:29:31",0.76555,1,callmealan
8766,16689830,"menna basha","2026-08-08 09:04:53",0.76555,3,mennabasha
8767,16689817,"Almaz Sakhapov","2026-08-08 10:45:26",0.76555,2,almazsakhapov
8768,16690610,"Madhur Chouhan","2026-08-08 11:18:45",0.76555,2,cannizaaroo
8769,16691223,"Alphiya P J","2026-08-08 13:44:03",0.76555,1,alphiyapj
8770,16691999,"Caio Vinícius Vieira","2026-08-08 16:43:31",0.76555,1,caiovinciusvieira
8771,16692343,"Egor Kazakov","2026-08-08 18:06:12",0.76555,2,egokazv
8772,16692759,"Andre Luis CaR","2026-08-09 04:30:58",0.76555,3,andreluiscar
8773,16692809,KahramanArdaKilic,"2026-08-08 20:43:17",0.76555,3,kahramanardakilic
8774,16694356,"Rahul Ravsaheb sangale","2026-08-09 07:22:04",0.76555,1,rahulravsahebsangale
8775,16694450,Aju1138,"2026-08-09 07:47:54",0.76555,1,aju1138
8776,16694742,rxc_gamerz,"2026-08-09 08:50:38",0.76555,1,rxcgamerz
8777,16695279,naufaaalhadiii,"2026-08-09 14:36:11",0.76555,2,naufaaalhadiii
8778,16691460,"Kevin Schønberg","2026-08-10 19:56:54",0.76555,5,kevinschnberg
8779,16696033,Y.KATA2,"2026-08-09 13:12:35",0.76555,1,ykata2
8780,16698790,BadLack,"2026-08-10 04:23:27",0.76555,1,badlack
8781,16699237,極地學者,"2026-08-10 07:14:01",0.76555,2,lite42001
8782,10881037,hzmiu0428,"2026-08-10 07:28:57",0.76555,2,hzmiu0428
8783,16699313,gem000098,"2026-08-10 07:19:44",0.76555,2,gem000098
8784,16700292,"M kaif","2026-08-10 09:15:17",0.76555,1,kaif0222
8785,16700478,"Okpoi Daniella","2026-08-10 09:54:05",0.76555,1,okpoidaniella
8786,16700532,"Hassan Aboubakar","2026-08-10 10:02:13",0.76555,1,hassanaboubakar
8787,16700557,"Aminu Sadiq 3","2026-08-10 10:03:46",0.76555,1,aminusadiq3
8788,16701306,Miriam69,"2026-08-10 12:57:41",0.76555,1,miriam69
8789,16701356,"Dhesiga S","2026-08-10 13:09:44",0.76555,1,dhesigas
8790,16701473,"Parth Sehra","2026-08-10 13:36:10",0.76555,1,strikeforce
8791,16702218,CoherenceJosh,"2026-08-10 16:32:42",0.76555,1,joshphilbrick
8792,16702532,"Kamalalochan Patra","2026-08-10 17:57:28",0.76555,1,kamalalochanpatra
8793,16702952,"Ali Zhantleuov","2026-08-12 18:19:07",0.76555,3,alizhantleuov
8794,16703549,"Arya Nazari","2026-08-10 21:24:59",0.76555,1,aryanazari
8795,16703933,"Ceasar 1x","2026-08-10 22:17:50",0.76555,1,ceasar1x
8796,16704500,"Ikechukwu #2","2026-08-10 23:44:55",0.76555,1,ijb001
8797,16704557,"Justin Lee V","2026-08-11 00:24:25",0.76555,2,justinleev
8798,16705573,"JEEVITHA S 25CS092","2026-08-11 04:40:26",0.76555,1,jeevithas25cs092
8799,16706063,"Faife Antonio Faife","2026-08-11 06:43:02",0.76555,1,faifeantonioia
8800,16706780,"[Deleted] 0a6b2754-af9d-4134-919d-ca141f698ade","2026-08-11 09:18:44",0.76555,1,del=fbf770644d5fa2c6
8801,16706940,"Aditeya Ponamanani","2026-08-11 09:51:55",0.76555,1,aditeyaponamanani
8802,16707643,max95959595,"2026-08-11 12:53:19",0.76555,1,max95959595
8803,16707688,Misticforcertain,"2026-08-11 13:15:19",0.76555,2,misticforcertain
8804,16586744,"Sardak Pavel","2026-08-11 13:55:36",0.76555,3,bebra3222
8805,16707953,"Ruida Yang","2026-08-11 14:44:39",0.76555,3,ruidayang
8806,16708115,abdulrahim_s20sw,"2026-08-11 14:50:00",0.76555,1,abdulrahims20sw
8807,16708046,"Giacomo Della Martina","2026-08-11 15:01:05",0.76555,3,giacomodellamartina
8808,16709097,"INSTA LAUGH","2026-08-11 18:32:46",0.76555,1,instalaugh
8809,16709980,Baixuan12,"2026-08-12 07:15:19",0.76555,5,baixuan12
8810,16710260,"Võ Minh Hiếu Phùng","2026-08-12 05:26:12",0.76555,2,vominhhieuphung
8811,16713393,"Seyit kaan Gunes","2026-08-12 16:21:23",0.76555,1,seyitkaangunes
8812,16713906,"S Shivam Giri","2026-08-12 18:18:53",0.76555,1,sshivamgiri
8813,16713940,GeneWarrior,"2026-08-12 18:34:41",0.76555,2,genewarrior
8814,16714151,DD_AI_Studio,"2026-08-12 19:16:05",0.76555,1,ddaistudio
8815,16714288,"Amin Safarzadeh","2026-08-12 20:00:37",0.76555,1,aminsafarzadeh
8816,16715157,"Jaclyn Couch","2026-08-13 01:34:06",0.76555,4,jaclyncouch
8817,16715160,"haru kori","2026-08-13 03:14:46",0.76555,3,harukori
8818,16715736,"Hamonta Biswas","2026-08-13 05:17:02",0.76555,1,hamonta
8819,16716328,"Wan Ching Anson LAI","2026-08-13 07:57:54",0.76555,2,wanchingansonlai
8820,16716577,"Dhananjay Machindra Kothawale","2026-08-13 09:04:09",0.76555,1,dhananjayk2609
8821,16717831,"Aleš Prandžev","2026-08-13 15:06:20",0.76555,2,aleprandev
8822,16714330,ManuelWick-Eckl,"2026-08-13 16:27:26",0.76555,1,manuelw
8823,16718632,"Sharf_ letchik","2026-08-13 18:55:29",0.76555,1,sharfletchik
8824,16718917,"Julia Sokolsky","2026-08-13 21:02:45",0.76555,1,juliasokolsky
8825,16719493,"jinan liu","2026-08-14 02:19:34",0.76555,1,jinanliu
8826,16719591,Ankit0017,"2026-08-14 02:56:40",0.76555,1,ankit0017
8827,16348194,"Katharina Capobiango","2026-06-15 00:59:50",0.76315,1,katharinacapobiango
8828,16336302,"Robert Bejan","2026-06-15 08:05:39",0.76315,4,robertbejan
8829,16308795,Linan037,"2026-06-15 08:16:35",0.76315,1,linan037
8830,10631955,"Chetan Kumar Pulipati","2026-06-15 08:21:21",0.76315,1,chetankumarpulipati
8831,16336978,KunXKun,"2026-06-15 15:51:07",0.76315,2,kunxkun
8832,16365946,"Charlie Darney","2026-06-15 17:05:04",0.76315,1,charliedarney
8833,16224942,ferraglia,"2026-06-15 18:31:20",0.76315,1,ferraglia
8834,16368022,jdaih1,"2026-06-15 20:52:09",0.76315,2,jdaih1
8835,16368296,"Randi Acosta","2026-06-15 22:00:16",0.76315,1,randiacosta
8836,16258025,"Wamiti Njonjo","2026-06-16 07:15:49",0.76315,1,wamitinjonjo
8837,16370963,jjanghyo99,"2026-06-16 09:58:36",0.76315,3,jjanghyo99
8838,16371265,Sujal673468,"2026-06-16 11:00:41",0.76315,1,sujal673468
8839,16371430,"Isaac #12","2026-06-16 11:28:17",0.76315,1,isaacorral
8840,16373397,perrodawn,"2026-06-16 15:22:57",0.76315,1,perrodawn
8841,16375495,"Wes DiMiceli","2026-06-16 22:30:11",0.76315,1,wesdimiceli
8842,16376342,geema2,"2026-06-17 02:01:11",0.76315,1,geema2
8843,16377304,"SAEE S JOSHI","2026-06-17 04:26:24",0.76315,1,saeesjoshi
8844,16377561,jiabeihe,"2026-07-03 15:13:39",0.76315,4,etcishen
8845,16377786,"Aditya Arpan Sahoo","2026-06-17 05:25:17",0.76315,1,adityaarpansahoo
8846,16378558,Junginjee,"2026-06-17 07:25:46",0.76315,1,junginjee
8847,16379892,"Yara Fontana","2026-06-17 09:16:42",0.76315,2,yarafontana
8848,16380540,"Anum Siddiqui #2","2026-06-17 10:38:18",0.76315,1,anumsiddiqui
8849,16382246,"Patinya A.","2026-06-17 14:02:23",0.76315,1,tincubus
8850,16383268,"Kailash Vishwakarma","2026-06-17 16:18:57",0.76315,1,kailashvishwa
8851,16373990,"Amidala Samari","2026-06-17 17:04:09",0.76315,1,amidalasamari
8852,16383915,"Gabriel Moura Viana","2026-06-17 18:20:05",0.76315,1,gabrielmouraviana
8853,16385951,"Rebekah Kim","2026-06-18 03:41:53",0.76315,1,rebekahkim09
8854,16197064,Tip_Krut,"2026-06-18 09:32:23",0.76315,1,tipkrut
8855,16388289,"Aman Das","2026-06-18 11:10:34",0.76315,1,amnndas
8856,16388331,"Maksim Kruglov","2026-06-18 11:19:15",0.76315,1,maksimkruglov
8857,16389523,"Jeon Harry","2026-06-18 15:16:47",0.76315,2,jeonharry
8858,16390093,"ABHILESH BARMAN","2026-06-18 16:53:12",0.76315,1,abhileshbarman
8859,6990532,Kurapapa52,"2026-06-18 17:49:10",0.76315,3,kurapapa52
8860,16394297,"Dirsh Pandya","2026-06-19 11:09:20",0.76315,1,dirshpandya
8861,16395704,"Fatemeh Dz","2026-06-19 16:35:30",0.76315,2,fatemehdz
8862,16397035,"Karthik Balakrishnan","2026-06-19 22:46:22",0.76315,1,torcellite
8863,16025215,amantha3trthg,"2026-06-20 06:14:57",0.76315,4,amantha3trthg
8864,16400515,Sterix_Aa,"2026-06-20 08:34:04",0.76315,2,sterixaa
8865,16400665,YashKalraa,"2026-06-20 08:46:04",0.76315,1,yashkalraa
8866,16403550,"tomoya osako","2026-07-28 15:00:45",0.76315,2,tomoyaosako
8867,16404374,Ahcool-_-,"2026-06-20 20:40:03",0.76315,1,ahcool
8868,15873863,"Saksham Goel","2026-06-21 19:04:14",0.76315,2,sakshamgoelmb
8869,16406702,"Mels Martirosyan","2026-06-21 09:15:26",0.76315,1,melsmartirosyan00
8870,16410350,"Tuhin Barai","2026-06-21 19:23:00",0.76315,1,tuhin1997
8871,16410610,"natsuki takahara","2026-06-21 20:44:40",0.76315,1,natsukitakahara
8872,16412807,"fionna davoodian","2026-06-22 07:40:19",0.76315,2,fionnadavoodian
8873,16412928,sasasasa1124,"2026-06-22 07:56:58",0.76315,2,sasasasa1124
8874,16413546,"Yasuyuki Fukuda #2","2026-06-22 09:49:53",0.76315,1,yasuyukifukuda
8875,16414535,"Abhijeet Mishra","2026-06-22 13:08:43",0.76315,1,abhijeetmishra710
8876,16285321,"Rachidi Tiamiyou","2026-06-23 07:22:06",0.76315,5,rachiditiamiyou
8877,16418255,"MISUMI,Takuya","2026-06-23 04:05:30",0.76315,3,misumitakuya
8878,16420405,"Akhil Moga","2026-07-11 10:29:31",0.76315,3,akhilmoga
8879,12387184,"Salem Fradi","2026-06-23 13:39:18",0.76315,1,salemfradi
8880,16426720,"Kanishka Pandiaraj","2026-06-24 10:17:34",0.76315,1,kaneshka
8881,16426926,"Mayank Srivastava #4","2026-06-24 10:50:25",0.76315,1,mayanks11
8882,16428335,Adity543,"2026-06-25 14:57:51",0.76315,3,adity543
8883,16305658,gabyah92,"2026-06-24 17:54:27",0.76315,4,gabyah92
8884,16430396,"Miesa Esq","2026-06-25 00:58:21",0.76315,1,miesaesq
8885,16275533,LOST516,"2026-06-25 06:29:01",0.76315,1,lost516
8886,16432433,Tomonkeykid,"2026-06-25 10:43:13",0.76315,2,tomonkeykid
8887,16216348,Ishaan-K,"2026-06-25 11:13:36",0.76315,2,ishaankaneria
8888,15865169,"João Antônio Astolfi Gonçalves","2026-06-25 17:38:04",0.76315,8,jooantnioastolfi
8889,16433807,YuheZhao,"2026-06-25 15:01:25",0.76315,3,yuhezhao03
8890,16434136,稲葉哲也,"2026-06-29 00:12:05",0.76315,4,tyinaba
8891,16434562,"Ashwin Issac","2026-06-25 17:48:40",0.76315,1,ashwinissac
8892,16393785,sajad,"2026-06-26 09:08:58",0.76315,2,sajadsj
8893,16437793,eldov9457,"2026-06-26 10:46:44",0.76315,1,eldov9457
8894,16438039,"LI,yiyang222","2026-06-26 11:43:17",0.76315,1,liyiyang222
8895,16438241,"Vitto Ho","2026-06-26 12:35:15",0.76315,1,vittoho
8896,16438793,"Pradip Girhe","2026-06-26 15:14:22",0.76315,3,pradipgirhe
8897,16439871,"loic lks","2026-06-26 18:11:02",0.76315,4,loiclks
8898,16439940,"Harsha Gandi","2026-06-26 18:16:06",0.76315,1,harshagandi
8899,8254129,"Arifcan Yigit","2026-06-26 20:17:38",0.76315,1,yigitarifcan
8900,16272629,"Βασιλική Μπέκου","2026-06-26 21:12:57",0.76315,1,vasilikibekou
8901,11350954,amiakar,"2026-06-27 10:43:40",0.76315,1,amiakar
8902,15968161,"Aggelos Pipilikas","2026-08-12 16:41:35",0.76315,3,aggelospipilikas
8903,16443892,"Swetha Regati","2026-06-27 16:56:46",0.76315,3,swetharegati
8904,16303092,parhamKIY,"2026-06-28 09:15:22",0.76315,2,parhamkiy
8905,16446390,Hollyz,"2026-06-28 11:06:10",0.76315,1,abikoshissa
8906,16446883,Jimmy_rq,"2026-06-28 13:28:48",0.76315,2,lhai0704
8907,16446061,GrassCat,"2026-06-28 16:05:45",0.76315,8,grasscat
8908,16447497,"Zach Novak","2026-07-02 16:48:16",0.76315,9,zachnov
8909,14592340,z1whssiddl,"2026-06-29 07:31:17",0.76315,3,z1whssiddl
8910,16450282,"Hamzath Mohammed","2026-06-29 09:12:47",0.76315,1,hamzathmohammed
8911,16451559,"Borislav #2","2026-06-29 14:02:44",0.76315,3,meninja97
8912,16454299,"Khushal Gaur","2026-06-29 23:16:51",0.76315,1,khushal092005
8913,16431595,bune-tea,"2026-06-30 05:34:06",0.76315,13,bunetea
8914,7459765,ANNNET,"2026-06-30 11:03:07",0.76315,1,annnet
8915,10081393,Seiya939500,"2026-06-30 11:19:00",0.76315,1,seiya939500
8916,16450998,Ibuki131313,"2026-06-30 12:11:17",0.76315,1,ibuki131313
8917,16459611,kaiteikaiten,"2026-07-14 13:12:54",0.76315,2,kaiteikaiten
8918,16459849,"Mateus De Oliveira Souto","2026-06-30 13:43:02",0.76315,1,mateussouto01
8919,16460027,"Mubashir Momin","2026-06-30 14:13:59",0.76315,1,mubashirmomin
8920,16460290,"Yash Baraiya","2026-06-30 15:00:18",0.76315,1,yashbaraiya02
8921,16460477,"Tejashree Jangam","2026-07-01 02:37:49",0.76315,4,tejashreejangam
8922,16460503,"Shotaro #2","2026-06-30 15:38:53",0.76315,1,shotaroman
8923,15529077,"Akshay Venugopal","2026-06-30 16:31:45",0.76315,3,akshayv2210
8924,16460925,"Lukas Kozel","2026-07-06 16:24:29",0.76315,8,lukaskozel
8925,16464080,DarkShed,"2026-07-01 07:12:17",0.76315,2,darkshed
8926,16464160,"Lesle Kaniu","2026-07-01 07:22:02",0.76315,1,leslekaniu
8927,16466758,"Rohit Kumar #27","2026-07-01 14:09:57",0.76315,1,devrohitkumar
8928,16467057,Mrunal1230,"2026-07-01 14:30:46",0.76315,1,mrunal1230
8929,16467750,"Rushikesh Nagthane","2026-07-01 15:39:14",0.76315,1,rushikeshnagthane
8930,16472048,"AI Uses","2026-07-02 06:12:20",0.76315,1,aiuses
8931,16472299,"satoshi hosoi","2026-07-02 07:11:17",0.76315,1,satoshihosoi
8932,16472629,zhangyiling55,"2026-07-02 08:15:28",0.76315,1,zhangyiling55
8933,16473199,huabihe10,"2026-07-02 10:09:18",0.76315,1,huabihe10
8934,16473824,"Toprak Çamlı","2026-07-02 12:26:33",0.76315,1,toprakaml
8935,16474880,NikhByte,"2026-07-02 16:23:07",0.76315,2,nikhbyte
8936,16479997,LLUUGGUUOO,"2026-07-03 05:34:52",0.76315,1,lluugguuoo
8937,16480297,huwenjun123,"2026-07-03 06:58:16",0.76315,2,huwenjun123
8938,16480420,Vapaus,"2026-07-03 07:05:53",0.76315,1,vapaus66
8939,16480426,"bao jigao","2026-07-03 07:06:34",0.76315,1,baojigao
8940,16390013,cdg-da,"2026-07-28 09:47:41",0.76315,8,dt21kggle
8941,16309962,"Sai Kalyan Bugude","2026-07-04 04:06:19",0.76315,1,saikalyanbugude
8942,16485336,xunidie,"2026-07-04 09:27:17",0.76315,1,xunidie
8943,16485897,"Aayati Kalra","2026-07-04 12:30:01",0.76315,3,aayatikalra
8944,16488128,madongping,"2026-07-05 02:02:59",0.76315,1,madongping
8945,16489186,"Harshavarthan Bas","2026-07-05 08:37:23",0.76315,1,harshavarthanbas
8946,16490073,"AI super coder","2026-07-05 12:45:39",0.76315,1,aisupercoder
8947,16490441,Abimailun,"2026-07-05 14:17:39",0.76315,1,abimailun
8948,16490750,"Mohamed Ali Beaoui","2026-07-05 15:25:27",0.76315,1,dalibeaoui
8949,16492186,"Mohith Sepur","2026-07-06 01:21:44",0.76315,1,mohithsepur
8950,16492696,"Naveen Akkula","2026-07-06 04:10:37",0.76315,1,naveenakkula
8951,16287433,"Rahul Jha #7","2026-07-06 11:10:42",0.76315,1,jkrahul
8952,16495427,"Bikram Bishankhay","2026-07-06 14:22:34",0.76315,1,bikrambishankhay
8953,16495753,shorodosh,"2026-07-06 15:19:48",0.76315,1,shorodosh
8954,16496396,"Shazid Sayadad","2026-07-06 17:32:56",0.76315,1,shazidsayadad
8955,16496821,"Bhavya Arya7","2026-07-06 19:19:33",0.76315,1,bhavyaarya7
8956,9649063,石川立騎,"2026-07-07 03:30:44",0.76315,3,ritsuki0720
8957,16494782,LeeHaEon,"2026-07-07 07:37:41",0.76315,8,leehaeon
8958,16152851,"shaik suhail","2026-07-07 16:25:46",0.76315,1,shaiksuhailml
8959,16014325,"Sameer Jadhav #2","2026-07-07 17:09:32",0.76315,1,sameer1402
8960,16504489,"Miguel Rodriguez0929","2026-07-07 22:14:01",0.76315,1,miguelrodriguez0929
8961,16505393,"LEE KYUNGMIN","2026-07-08 02:32:26",0.76315,1,leekyungmindd
8962,16505420,Ars-lovecat,"2026-07-08 02:41:47",0.76315,1,arslovecat
8963,16507313,"Humera Gull Ghulam Mustafa","2026-07-08 09:13:26",0.76315,1,humeramustafa
8964,15033374,UmidjonMuydinov,"2026-07-08 10:51:05",0.76315,1,umidjonmuydinov
8965,7308080,"Yun Hou","2026-07-08 11:20:38",0.76315,1,yunhou
8966,16510124,"Khai Nguyen0108","2026-07-09 00:17:44",0.76315,1,khainguyen0108
8967,16506232,今西友輝,"2026-07-09 02:35:01",0.76315,2,yukinishi48
8968,16511663,"shiki #4","2026-07-09 08:47:32",0.76315,1,yukikouyou
8969,16511856,"Amr Hussain #2","2026-07-09 10:05:07",0.76315,3,amrhussain
8970,16512135,ptyan,"2026-07-09 10:10:02",0.76315,1,iddaron
8971,16512823,firefly1368,"2026-07-09 13:21:08",0.76315,1,firefly1368
8972,12204231,"ykn A.11","2026-07-10 04:40:09",0.76315,1,ykna11
8973,16515151,AkiraOnojp,"2026-07-10 04:59:31",0.76315,1,akiraonojp
8974,16515462,大門雅尚,"2026-07-10 06:40:42",0.76315,1,masanaodaimon
8975,16516003,"Sneha Kumari #2","2026-07-10 09:07:49",0.76315,1,snehakumarig
8976,16516509,theonlyeel,"2026-07-10 11:58:42",0.76315,1,theonlyeel
8977,16516718,"John Dorian","2026-07-10 13:05:47",0.76315,1,johndoriansboub
8978,16517089,"Muhammad Ahmed #5","2026-07-10 15:00:01",0.76315,1,muhammadahmed608
8979,16517045,"Eklavya Thakur","2026-07-10 15:45:47",0.76315,2,eklavyathakur
8980,16517873,"Amna Hafeez","2026-07-10 19:58:30",0.76315,1,amnahafeezse
8981,16510177,JorDea,"2026-07-10 21:31:11",0.76315,2,jordea
8982,16531297,M.Moeed,"2026-07-11 07:54:02",0.76315,1,moeedtec
8983,16532641,ooblivion,"2026-07-11 15:00:12",0.76315,1,ooblivion
8984,16532867,"Sourav Giri","2026-07-11 16:25:03",0.76315,1,girisourav
8985,16533061,"Ekene Ezeobi","2026-07-11 17:45:48",0.76315,1,ekeneezeobi
8986,16534071,"Frank Xia","2026-07-12 05:28:52",0.76315,1,wafflesinc
8987,16534365,"waffle bear","2026-07-12 07:53:21",0.76315,2,wafflebear
8988,16536281,"João Pedro #11","2026-07-12 20:41:04",0.76315,3,mweira
8989,16537769,"Soham Pise","2026-07-13 06:38:15",0.76315,3,sohampise
8990,16538996,[R.]Dimitrije,"2026-07-13 11:21:17",0.76315,2,fgzvhji
8991,16539912,ankoor_011,"2026-07-13 15:14:29",0.76315,1,ankoor011
8992,16539228,"HU JING 2","2026-07-14 04:34:07",0.76315,3,hujing2
8993,16542141,"Muhammad Umer7804","2026-07-14 04:57:50",0.76315,1,muhammadumer7804
8994,16542697,Lunospital,"2026-07-14 07:19:42",0.76315,1,lunospital
8995,16542953,"Birkneh Tadesse","2026-07-15 05:00:08",0.76315,3,birknehtadesse
8996,16543111,sanatic,"2026-07-14 08:37:29",0.76315,1,sanatic
8997,16544033,"Jorge Feliu","2026-07-14 12:46:26",0.76315,1,jorgefeliu
8998,16544208,LordOfTheWorld,"2026-07-14 13:51:53",0.76315,2,lordoftheworld
8999,16545554,"Khaled Ramadan","2026-07-14 20:00:23",0.76315,1,khaledramadanibrahim
9000,16548266,Sawadjka,"2026-07-15 02:38:47",0.76315,2,sawadjka
9001,16551245,RAMAKRISHNAN_01,"2026-07-15 14:57:29",0.76315,1,ramakrishnan01
9002,16553601,"Otavio Tadeu","2026-07-23 19:40:41",0.76315,2,otaviotadeu
9003,16553640,"maomao #3","2026-07-16 06:22:21",0.76315,1,fyhwhhd
9004,16553764,sangyeon719,"2026-07-16 06:46:49",0.76315,1,sangyeon719
9005,16554219,"Matiulla Ahmed","2026-07-16 08:38:50",0.76315,1,matiullaahmed
9006,16557154,"mohrael avraim","2026-07-17 00:26:26",0.76315,1,mohraelavraim
9007,16557771,HearVo1ce,"2026-07-17 05:13:40",0.76315,2,hearvo1ce
9008,16551670,"´Walter Freyn","2026-07-17 20:28:46",0.76315,3,walterfreyn
9009,16550771,"Rostislav Babich","2026-07-17 16:41:39",0.76315,2,rostislavbabich176
9010,16562014,"Ilyas Nazarov","2026-07-18 04:31:41",0.76315,1,ilyasnazarov
9011,16562923,"Tianlin Lao","2026-07-18 06:13:01",0.76315,1,tianlinlao
9012,16562949,Zaheeda,"2026-07-18 06:14:22",0.76315,1,zhakro
9013,16563250,"Sandhiya Shree","2026-07-18 06:47:19",0.76315,1,sandhiyashreeanalyst
9014,16563611,jsdatasci1,"2026-07-18 07:31:17",0.76315,1,jsdatasci1
9015,15876614,渋谷慧satomeru,"2026-07-18 08:36:38",0.76315,1,satomarushibuya
9016,16564874,KienWill,"2026-07-18 10:53:07",0.76315,1,kienwill
9017,16566027,"Ali Ahmad Data Scientist","2026-07-18 16:34:52",0.76315,2,aliahmadmphil
9018,16566082,"Vidyut Sundar","2026-07-18 16:49:15",0.76315,2,vidyutsundar
9019,16566416,"Piyush Borkar","2026-07-18 21:01:33",0.76315,4,piyush1borkar
9020,14005355,"Amila Dilshan__","2026-07-18 20:02:22",0.76315,1,amiladilshan
9021,16571459,"Raed Almozel","2026-07-19 17:16:44",0.76315,1,raedalmozel
9022,15506644,"Mac Ian","2026-07-20 08:14:01",0.76315,1,macian
9023,5330501,"mahaz abbasi","2026-07-20 11:58:25",0.76315,3,mahazabbasi
9024,16575497,oroite6,"2026-07-20 14:00:26",0.76315,1,oroite6
9025,16576239,"Federico Cerutti","2026-07-20 16:57:48",0.76315,1,fedeceru
9026,16577828,"Abdel Rahman Al-Obadah","2026-07-20 23:16:07",0.76315,1,abdelrahmanalobadah
9027,16578545,"Abdullah M. Haqi","2026-07-21 03:29:31",0.76315,10,abdullahmhaqi
9028,16579238,Tomtyler,"2026-07-21 06:27:29",0.76315,1,tomtyler
9029,15594635,AHui,"2026-07-21 08:23:50",0.76315,4,ahui2667d
9030,16580144,heheheeh,"2026-07-21 09:49:36",0.76315,1,heheheeh
9031,16581482,"Taimoour Khan","2026-07-21 13:58:53",0.76315,1,taimoourkhan
9032,16581610,"Lana #4","2026-07-23 20:25:44",0.76315,4,lanasamardali
9033,16512679,"Roman Nikolaev","2026-07-23 13:20:08",0.76315,3,romannikolaev754
9034,16575501,minghaolee300278,"2026-07-22 00:43:31",0.76315,1,minghaolee300278
9035,15140461,Tejaxed,"2026-07-22 01:29:35",0.76315,1,tejaxed
9036,16586023,"Urja Gajera","2026-07-22 13:58:43",0.76315,1,urjagajera12
9037,16588176,"Chris H #5","2026-07-23 04:01:18",0.76315,2,chrishhw
9038,16589744,VaibhaVGoeL2511,"2026-07-23 12:19:08",0.76315,1,vaibhavgoel2511
9039,16590788,"abd alrahman momani","2026-07-23 18:05:35",0.76315,1,abdalrahmanmomani
9040,14448253,GravityDrowned,"2026-07-24 13:27:15",0.76315,3,gravitydrowned
9041,16594182,"Shshank Singh","2026-07-24 15:12:21",0.76315,2,shshank7
9042,16594508,"Shivansh Yadav","2026-07-24 16:51:37",0.76315,1,shivanshyadav1514
9043,16594904,"Navnith N","2026-07-24 18:45:35",0.76315,1,navnithn
9044,16596883,"Young Juniru","2026-07-25 04:22:04",0.76315,3,youngjuniru
9045,16597809,Jay_623949,"2026-07-25 09:19:34",0.76315,1,jay623949
9046,16597830,"huytran #2","2026-07-25 09:30:45",0.76315,2,huytran126
9047,16598833,"Smita Mishra","2026-07-25 14:22:58",0.76315,1,ranumishra29
9048,16599224,"Rashid Naveed","2026-07-25 16:32:21",0.76315,1,rashidnaveedmphil
9049,16599250,"Waseem Naseem","2026-07-25 16:41:13",0.76315,1,waseemnaseem
9050,16599269,jay@25,"2026-07-25 17:05:25",0.76315,2,nancy2511
9051,16599528,"Rogério Sousa","2026-07-25 18:28:48",0.76315,1,rogriosousaa
9052,16599568,"Lutfun Nahar Barsha","2026-07-25 18:50:21",0.76315,1,lutfunnaharbarsha
9053,16599605,"Helen Mezgebe","2026-07-25 19:16:01",0.76315,1,helenmezgebe
9054,16599831,"Pino Pavlić","2026-07-25 21:58:39",0.76315,1,pinopavli
9055,16599938,"Maaz Shuaib","2026-07-25 23:28:12",0.76315,1,maazshuaib
9056,16601580,"Anurag Tiwari #7","2026-07-26 11:15:39",0.76315,2,annyrox
9057,16601774,"Muhammad Mazhar nawaz","2026-07-26 12:15:52",0.76315,1,muhammadmazharnawaz
9058,16602013,"Satish Nepali","2026-07-26 13:46:45",0.76315,1,satishnep79
9059,16605576,"Ariel Apalategui","2026-07-27 12:17:46",0.76315,1,arielapalategui
9060,16605627,HiroakiUza,"2026-07-27 12:35:11",0.76315,1,hiroakiuza
9061,16607466,"Jorge GM Filho","2026-07-28 00:55:04",0.76315,1,jorgegmfilho
9062,16608274,carubeno0023,"2026-07-28 06:30:01",0.76315,1,carubeno0023
9063,16610177,"Ishika Kodwani","2026-07-28 15:04:55",0.76315,1,ishikakodwani
9064,16501115,GiveMeMissiles,"2026-07-28 16:27:22",0.76315,5,givememissiles
9065,16611041,"висмут вольфрамов","2026-07-28 23:27:07",0.76315,2,mharqke
9066,16612191,"Emi Hara","2026-07-29 05:52:57",0.76315,1,emihara
9067,16614385,"Sri Vaishnavi Peri","2026-07-29 16:30:07",0.76315,1,srivaishnaviperi
9068,16615722,"Alexander vom Brocke","2026-07-29 20:24:22",0.76315,2,alexandervombrocke
9069,16617900,"Shwetank Rastogi","2026-07-30 07:49:16",0.76315,1,shwetankrastogi
9070,16618739,"Ethan HUANG_Ebor","2026-07-30 11:16:56",0.76315,1,ethanhuangebor
9071,16619229,yk1991,"2026-07-30 12:48:12",0.76315,1,yk1991
9072,16624826,"Emilio Cazares Borbon","2026-07-31 05:55:03",0.76315,2,emiliocazaresborbon
9073,16625038,"성민혁 ","2026-07-31 06:28:56",0.76315,1,riscentvader
9074,16633009,"Das Dipta","2026-07-31 18:18:23",0.76315,1,dasdipta
9075,16634364,LaziChicken,"2026-08-01 04:36:36",0.76315,4,lazichicken
9076,16634928,TineGreverlene,"2026-08-01 07:05:36",0.76315,1,tinegreverlene
9077,16636026,"HIbiki Awai","2026-08-01 12:12:44",0.76315,1,hibikiawai
9078,16638697,"Uswa Khayam","2026-08-01 17:18:56",0.76315,2,uswakhayam
9079,16640498,"Alayo Temiadire","2026-08-02 07:11:33",0.76315,1,alayotemiadire
9080,16640564,福地弧太朗,"2026-08-02 07:34:36",0.76315,1,namako2500
9081,16641670,長瀬綾太,"2026-08-02 13:31:40",0.76315,1,ryota123
9082,16643834,"Muhammed Ayomikun","2026-08-02 17:33:27",0.76315,2,muhammedayomikun
9083,16644425,"Abdurahmon Kimsanboev","2026-08-02 21:04:46",0.76315,1,abdurahmonkimsanboev
9084,16644721,"Aarogya Regmi","2026-08-03 00:44:17",0.76315,1,aarogyaregmi
9085,16646497,RaymondZhao0304,"2026-08-03 05:59:49",0.76315,2,raymondzhao0304
9086,16650388,奥本雄二,"2026-08-03 07:59:40",0.76315,1,nameyuyu
9087,16651506,YutongWu91,"2026-08-03 09:10:46",0.76315,1,yutongwu91
9088,16651551,"Sama Yosri","2026-08-03 09:16:12",0.76315,1,samayosri
9089,16653266,"Ferudun Kurtuluş","2026-08-03 15:30:22",0.76315,1,ferudunkurtulu
9090,15647097,"RAZIQUE KHAN","2026-08-04 00:32:22",0.76315,1,raziquekhan
9091,16657489,MKavinkumar,"2026-08-04 06:18:05",0.76315,1,mkavinkumar
9092,16657923,"Parika Pandharkar","2026-08-04 07:02:32",0.76315,2,parikapandharkar
9093,16661677,"Adarsh Rasal","2026-08-04 14:59:15",0.76315,1,adarshrasal
9094,16662362,"Parth Jain","2026-08-04 16:58:19",0.76315,1,parth1o
9095,16665757,"san li","2026-08-05 07:21:20",0.76315,1,sanli114
9096,16666599,"Zachary Lee","2026-08-10 05:16:23",0.76315,2,zach2105
9097,16667027,"Kimia Ziaei","2026-08-05 11:06:35",0.76315,1,kimiaziaei
9098,16667685,"[Deleted] 95bd47fc-53a4-452a-bb2a-a8a81201a7fb","2026-08-05 12:26:08",0.76315,2,del=cae7253404b6052a
9099,16668001,"Gazi Sayem Uddin Samir","2026-08-05 13:18:06",0.76315,1,gazisayemuddinsamir
9100,16668075,"arda ardıç","2026-08-05 13:56:22",0.76315,2,insomnia07
9101,14851795,VasuoGM,"2026-08-05 15:00:47",0.76315,1,vasuogm
9102,16669042,"Jamiu Mohammad","2026-08-05 16:31:22",0.76315,1,jamiumohammad
9103,16669347,sebasgpt3,"2026-08-05 22:51:31",0.76315,3,sebasgpt3
9104,15206229,"Render Alien","2026-08-12 14:28:59",0.76315,2,renderalien
9105,16670263,Kongali,"2026-08-05 20:37:13",0.76315,10,kongali
9106,16671981,"Jackson Dyne","2026-08-07 02:14:42",0.76315,2,jacksondyne
9107,16680146,"Victor Aaronn","2026-08-07 00:16:54",0.76315,1,victoraaronn
9108,16678065,"Hung Nguyen #5","2026-08-07 03:56:04",0.76315,2,hungnguyen0705
9109,16685790,"Sidharth V","2026-08-07 14:52:37",0.76315,1,sidharthv2356
9110,15970320,"ayoub zone","2026-08-07 18:25:32",0.76315,2,ayoubzone
9111,16688183,"Sebastián Montero","2026-08-08 00:07:40",0.76315,1,sebastinmontero
9112,14264695,"Phattarapol Deejad","2026-08-08 08:59:14",0.76315,1,phattarapoldeejad
9113,16690907,Thirumu1409,"2026-08-08 12:20:38",0.76315,1,thirumu1409
9114,16689218,Madhuravel,"2026-08-08 14:11:39",0.76315,3,madhuravel
9115,16692303,"david rudoy","2026-08-08 17:51:45",0.76315,1,davidrudoy
9116,16693075,"Enzo #4","2026-08-08 22:39:08",0.76315,1,enzo1233
9117,16693710,"闫 敬轩","2026-08-09 04:42:43",0.76315,3,xuanhuagxdx
9118,14513774,"Nicolas Koulouriotis","2026-08-09 11:09:00",0.76315,1,nicolaskoulouriotis
9119,16689044,abdur_developer,"2026-08-10 13:20:14",0.76315,6,abdurdeveloper
9120,16701594,"Aditya Sengupta #2","2026-08-10 14:05:37",0.76315,1,aditya0sen
9121,16702176,yash_jaisball,"2026-08-10 16:22:04",0.76315,1,animeenjoyer321
9122,16702488,"PARTH KOTGIRE","2026-08-10 17:52:01",0.76315,2,parthkotgire
9123,16703754,"Yakubu Omachi","2026-08-10 21:53:05",0.76315,1,yakubuomachi
9124,16707044,"Kishor Halole","2026-08-11 10:20:28",0.76315,1,kishorhalole
9125,16707447,Eddo123,"2026-08-11 12:33:45",0.76315,5,eddo123
9126,16707952,"Theja narayan Bandaru","2026-08-11 14:08:35",0.76315,1,thejanarayanbandaru
9127,16708112,"Mehmet Aydoğmuş","2026-08-11 14:49:01",0.76315,1,mehmetaydomu
9128,16708134,"Hussnain Zahid","2026-08-11 14:54:17",0.76315,1,hussnainzahid
9129,16709505,"Nodoka Komatsu","2026-08-11 21:38:07",0.76315,1,nodokakomatsu
9130,16712093,sachin_kaizen,"2026-08-12 10:46:41",0.76315,1,sachinkaizen
9131,16713999,Dyxigh,"2026-08-12 18:35:26",0.76315,1,dyxigh
9132,16715783,"Dulnith Liyanage","2026-08-13 09:16:13",0.76315,5,dulnithliyanage
9133,16716459,"Kuanash Erzhanov","2026-08-13 08:32:22",0.76315,2,kifirchik449
9134,16717148,"Granth Gupta","2026-08-13 11:20:13",0.76315,1,granthgupta
9135,16717276,"Brian Keya","2026-08-13 12:09:07",0.76315,1,briankeya
9136,16717842,"Lawson Estridge","2026-08-13 15:03:10",0.76315,1,lawsonestridge
9137,14311875,Kevser_25,"2026-08-13 15:53:53",0.76315,1,kevser25
9138,16718278,"Adiee Shandil","2026-08-13 17:08:23",0.76315,1,adieeshandil
9139,16621563,"Igor Waltrick","2026-08-13 20:01:56",0.76315,8,igorwaltrick
9140,16354522,liujiaxin,"2026-06-15 07:56:39",0.76076,1,fengyangyue
9141,185070,"kunal acharya","2026-06-15 13:00:13",0.76076,4,kaoski
9142,16312408,"Дмитрий Жнякин","2026-06-15 14:29:34",0.76076,2,kaito927
9143,6580039,tachyon_c2,"2026-06-15 14:53:13",0.76076,1,tachyonc2
9144,16291370,Kostua,"2026-06-15 16:06:05",0.76076,2,kostua
9145,16070648,GabrielGgz,"2026-06-15 17:19:18",0.76076,1,gabrielggz
9146,16367553,"Max Pommier","2026-06-15 18:47:31",0.76076,2,maxpommier
9147,16372670,liyiying04,"2026-06-16 13:53:17",0.76076,1,liyiying04
9148,15908750,"Igor Turbakiewicz","2026-06-16 21:57:11",0.76076,1,igorturbakiewicz
9149,16247443,"Carter Fields","2026-06-17 02:40:33",0.76076,1,carterfields
9150,16377009,"Zhang jiefei","2026-06-17 03:48:39",0.76076,1,zhangjiefei1
9151,16377490,"Hoang Viking","2026-06-17 08:54:49",0.76076,5,hoangviking
9152,16377563,"Thomas A. Brinkley","2026-06-17 05:01:26",0.76076,1,thomasabrinkley
9153,16377940,"Chloe #6","2026-06-17 05:41:44",0.76076,1,usmink
9154,16380170,"Sai praneeth Kukunoor","2026-06-17 09:55:14",0.76076,4,saipraneethkummari45
9155,16384301,"Samvel Ghazakhetsyan","2026-06-17 19:47:34",0.76076,1,samvelghazakhetsyan
9156,15994648,"Mohammed Basalama","2026-06-17 20:47:36",0.76076,1,mohammedbasalama
9157,16347459,xPlot,"2026-06-17 21:44:19",0.76076,5,jlxplot26
9158,16386296,zhsan,"2026-06-18 05:10:03",0.76076,3,zhbufan
9159,16387132,"Kriti kaushik 90","2026-06-18 07:59:12",0.76076,2,kritikaushik90
9160,16373201,"Yankı Otlu","2026-06-18 13:47:24",0.76076,2,yankotlu
9161,15889025,Lakshmanarayana,"2026-06-19 11:14:14",0.76076,2,lakshmanaryana
9162,16111155,"Jan Fronczyk","2026-06-19 13:29:55",0.76076,8,janfronczyk
9163,16395078,sharukh_kun,"2026-06-19 14:07:02",0.76076,1,sharukhkun
9164,16407305,"Kunaljit Kashyap","2026-06-21 11:15:48",0.76076,1,kunaljitkashyap
9165,16407394,"Maxim Smerdov","2026-06-21 11:30:08",0.76076,2,maximsmerdov
9166,16411347,simseah,"2026-06-22 06:37:51",0.76076,2,simseah
9167,16411348,JUNGSOOJO,"2026-06-22 01:49:28",0.76076,1,jungsooc
9168,16411350,JJaJan,"2026-06-22 01:49:33",0.76076,1,jjajan
9169,16411351,ahyeonee,"2026-06-22 01:49:34",0.76076,1,ahyeonee
9170,16411353,ziwoo8669,"2026-06-22 01:49:37",0.76076,1,ziwoo8669
9171,16411356,gbaebae,"2026-06-22 01:50:03",0.76076,1,gbaebae
9172,16411364,bamtoriyaa,"2026-06-22 01:50:41",0.76076,1,bamtoriyaa
9173,16411366,seoyiii,"2026-06-22 06:48:58",0.76076,2,seoyiii
9174,16411385,mando0725,"2026-06-22 01:58:01",0.76076,1,mando0725
9175,16411930,"qwer young","2026-06-22 06:55:19",0.76076,2,qweryoung
9176,16425399,"bowei zhu","2026-06-24 05:38:29",0.76076,1,boweizhu
9177,16427506,"Takoua Belkis HANCHI","2026-06-24 12:44:50",0.76076,1,takouabelkishanchi
9178,16428032,"Celia TIE","2026-06-24 14:27:41",0.76076,1,celiatie
9179,16428168,Dobby_ccc,"2026-06-24 14:50:49",0.76076,1,dobbyccc
9180,16428953,kayfgee,"2026-06-24 17:22:28",0.76076,1,kayfgee
9181,16430829,"Khantugs Gantulga","2026-06-25 03:59:01",0.76076,1,khantugsgantulga
9182,16431578,"Kushagra Garg","2026-06-25 06:47:07",0.76076,2,kushagragarg14
9183,16434394,"Ornel 9191","2026-06-25 17:02:09",0.76076,1,ornel9191
9184,16434499,"Raymond Hongjiang Ge","2026-06-26 12:31:23",0.76076,4,raymondhongjiangge
9185,16437534,DataConquerer,"2026-06-26 09:52:53",0.76076,1,garapatilekhya
9186,16438140,Taohid92,"2026-06-26 12:04:42",0.76076,1,taohid92
9187,16439298,sdi2100009,"2026-06-26 16:04:44",0.76076,2,asim167
9188,16439301,"Li Wing Ki","2026-06-26 17:00:22",0.76076,1,liwingki
9189,16440117,Amitori,"2026-06-26 19:28:53",0.76076,2,amitori
9190,16443162,"Jason Bobby","2026-06-27 13:04:16",0.76076,1,jasonbobby
9191,16444699,"Artic Guana","2026-06-27 22:12:19",0.76076,1,articguana
9192,16447424,"Grigork Farfan","2026-06-28 16:57:18",0.76076,2,grigorkfarfan
9193,16448263,"Iskandar Abdukhamidov","2026-06-28 20:44:00",0.76076,1,iskandarabdukhamidov
9194,16449627,ZhiChao_0621,"2026-06-29 06:46:37",0.76076,1,zhichao0621
9195,16453424,"konsti heins","2026-06-29 19:44:25",0.76076,1,konstiheins
9196,16453550,"Grigorii #2","2026-06-29 20:14:01",0.76076,1,grigorii1410
9197,16456220,"Li yuntong","2026-06-30 04:39:35",0.76076,1,liyuntong123
9198,16459363,"Piyush Khandelwal #2","2026-06-30 12:23:25",0.76076,1,piyushpk08
9199,15589238,"Dom Helder","2026-06-30 13:11:49",0.76076,5,domhelder
9200,16462757,"Chris Setiawan","2026-07-01 01:49:24",0.76076,1,chrisbsetiawan
9201,16463742,END2602000,"2026-07-01 06:57:17",0.76076,6,end2602000
9202,16465527,"ASVATH V.J.","2026-07-01 11:22:52",0.76076,1,asvathvj
9203,15707998,"Archita Atbhaiya","2026-07-01 14:28:29",0.76076,1,architaatbhaiya
9204,16470050,Hazlarorn,"2026-07-01 19:50:00",0.76076,1,hazlarorn
9205,16452833,KhalilBelk,"2026-07-02 10:08:33",0.76076,5,khalilbelk
9206,16472553,"Ostapenko Rodion","2026-07-02 08:05:49",0.76076,2,ostapenkorodion
9207,16474016,"Vinitha Raj","2026-07-10 11:50:05",0.76076,2,vinurajesh
9208,16479593,nastz096,"2026-07-05 03:44:46",0.76076,6,nastz096
9209,16480096,baiwxxx,"2026-07-03 05:59:51",0.76076,1,baiwxxx
9210,16480278,Ankush79862686,"2026-07-03 06:45:09",0.76076,1,ankush79862686
9211,16480298,AAKASH2p1,"2026-07-03 06:49:00",0.76076,1,aakash2p1
9212,16480920,hhhp_Listen,"2026-07-03 08:59:19",0.76076,3,hhhplisten
9213,14834655,"20070521 assassin","2026-07-03 13:16:19",0.76076,1,assassin20070521
9214,16482045,kebaonie,"2026-07-03 13:43:51",0.76076,2,kebaonie
9215,16484841,Sudhankumar15,"2026-07-04 07:04:10",0.76076,1,sudhankumar15
9216,16485085,"Bhuvana Mandli","2026-07-04 08:02:19",0.76076,1,bhuvanamandli
9217,16485161,yoonseo_0,"2026-07-04 08:32:31",0.76076,2,yoonseo0
9218,16485765,"王  宇轩","2026-07-04 11:39:26",0.76076,1,liyiny
9219,16464356,RafaelPrado7,"2026-07-04 12:22:00",0.76076,3,rafaelprado7
9220,16486398,"darshil #3","2026-07-04 14:41:45",0.76076,2,darshil930
9221,14380561,imabigtunafish,"2026-07-04 15:44:16",0.76076,1,imabigtunafish
9222,16487121,"Ashish Raj Singh","2026-07-04 18:10:13",0.76076,1,ash2op
9223,15255485,"Anton :)","2026-07-04 21:24:07",0.76076,1,chepaldin
9224,16488380,吉田寛夫,"2026-07-05 04:10:54",0.76076,1,hirooyoshida
9225,16490180,LZZ131207,"2026-07-05 13:12:15",0.76076,2,lzz131207
9226,16490683,"Anasmita Das","2026-07-05 15:12:22",0.76076,1,anasmitadas
9227,16483679,"Aaron Zheng #2","2026-07-05 22:13:15",0.76076,3,aaronxyzheng
9228,16492489,MrRyCao,"2026-07-06 02:50:54",0.76076,1,mrrycao
9229,16495293,"Shaunak Sahu","2026-07-06 13:51:41",0.76076,1,shaunaksahu
9230,16495591,kojayrn,"2026-07-06 14:51:30",0.76076,1,kojayrn
9231,16495750,"นายธนโชค เสไธสง","2026-07-06 15:28:57",0.76076,3,chokun009
9232,16500976,"Steve Dewitt","2026-07-07 13:57:05",0.76076,1,stevedewitt
9233,16505392,"Yoo Dong JUN","2026-07-08 02:32:24",0.76076,1,dongjun08
9234,16508164,dujiangyu,"2026-07-08 12:59:41",0.76076,1,dujiangyu
9235,16509135,"Nael Merzouki","2026-07-08 17:03:06",0.76076,1,naelmerzouki
9236,11375708,ForgerWise,"2026-07-09 12:24:25",0.76076,1,forgerwise
9237,16509717,"Isaac Yap #2","2026-07-09 15:16:57",0.76076,3,isaacyap5
9238,16512950,Phoby_defo,"2026-07-09 14:05:52",0.76076,2,phobydefo
9239,16515890,selfmademilk,"2026-07-10 08:34:53",0.76076,1,selfmademilk
9240,16516260,"Tsuno Mitsuki","2026-07-12 05:37:31",0.76076,4,tsukihock
9241,14212122,Mettue,"2026-07-10 10:52:39",0.76076,1,mettue
9242,4899693,SeraphicPY,"2026-07-11 20:21:31",0.76076,1,seraphicpy
9243,16535963,"zhuo #2","2026-07-13 02:06:47",0.76076,3,aceveryday
9244,16537128,Cioouie,"2026-07-14 06:50:40",0.76076,7,cioouie
9245,16537226,"Daniel Baltazar","2026-07-13 03:37:06",0.76076,1,danielhbaltazart
9246,16537547,"Margareth Bungaran","2026-07-13 05:33:30",0.76076,1,margarethbungaran
9247,16542912,"Chryssie Ira","2026-07-14 08:32:31",0.76076,3,chryssieira
9248,16543069,Zhangshunle,"2026-07-14 09:48:20",0.76076,3,zhangshunle
9249,16543988,"oskar kiss","2026-07-14 12:42:17",0.76076,2,oskarkiss
9250,16511108,Tanisha76,"2026-07-14 13:54:52",0.76076,1,tanisha76
9251,16286199,"Mustafa Tomris","2026-07-14 17:07:57",0.76076,1,mustafatomris
9252,16548748,fbb_not_found,"2026-07-15 04:16:39",0.76076,1,fbb1not2found
9253,16549002,yozakuraten,"2026-07-30 10:21:16",0.76076,5,yozakuraten
9254,16555820,"Michał Szandarowski","2026-07-16 15:42:26",0.76076,1,michaszandarowski
9255,16556288,"Mahmudul Hasan Tasin","2026-07-16 18:00:33",0.76076,1,mahmudulhasantasin32
9256,16556833,Doğannnn,"2026-07-16 20:44:25",0.76076,1,doannnn
9257,16560875,"Vihaan Sarasam","2026-07-17 19:44:43",0.76076,1,vihaansarasam
9258,16560937,"chitralekha nair","2026-07-17 19:58:47",0.76076,1,chitralekhanair
9259,16560938,"Sasuke Yasuda","2026-07-17 19:58:48",0.76076,1,sasukeyasuda
9260,16560941,"Guy BenA ","2026-07-17 19:59:00",0.76076,1,guybena
9261,16561050,seoking23,"2026-07-17 20:39:18",0.76076,2,seoking23
9262,16563048,NeumannAlpha,"2026-07-18 06:23:07",0.76076,1,neumannalpha
9263,16565591,lizhengui,"2026-07-18 13:22:09",0.76076,1,lizhengui
9264,12089861,"Tolga BAŞKAN","2026-07-18 22:53:37",0.76076,1,tolgabakan
9265,16567092,"Ashok Kumar Anbalan","2026-07-19 02:46:34",0.76076,1,ashokkumaranbalan
9266,16568751,linklink2333,"2026-07-19 07:00:59",0.76076,1,linklink2333
9267,5689467,FUCHINO_Hiroshi,"2026-07-19 08:02:56",0.76076,1,fuchinohiroshi
9268,16569512,"Ellen Sarauer","2026-07-19 12:04:56",0.76076,2,ellensarauer
9269,16572807,kvunii,"2026-07-20 02:18:37",0.76076,1,kvunii
9270,16575182,"Zainab Jannat","2026-07-20 12:27:37",0.76076,1,zainabjannat
9271,16576216,"José Carlos dos Passos","2026-07-20 16:53:58",0.76076,1,joscarlosdospassos
9272,16577904,"Rogério Rodrigues #2","2026-07-20 23:29:17",0.76076,1,rogernet
9273,16584932,KakMira,"2026-07-23 09:22:44",0.76076,3,kakmira
9274,13997328,"abdelrahman tahat","2026-07-22 19:07:35",0.76076,2,abdelrahmantahat
9275,16588185,yshywr,"2026-07-23 04:06:33",0.76076,1,yshywr
9276,16590924,"Timothy Pactwa","2026-07-23 18:57:22",0.76076,1,timothypactwa
9277,16592620,"Vince Yuan Obejas","2026-07-24 07:48:34",0.76076,1,vinceyuanobejas
9278,16593483,"Abdul Rabb","2026-07-24 11:55:48",0.76076,2,abdulrabb01
9279,16570819,"Devam Sarin","2026-07-24 13:09:22",0.76076,2,devamsarin
9280,16594133,"Zosya Shamina","2026-07-24 14:46:46",0.76076,1,zossya
9281,16595428,Delimaa,"2026-07-24 23:02:30",0.76076,1,delimaa
9282,16598790,"Noah Williams","2026-07-25 14:09:44",0.76076,1,noahwilliam44
9283,16599097,pavelvikhanov,"2026-07-25 15:44:40",0.76076,1,pavelvikhanov
9284,16600019,"Dambar Singh Kholala","2026-07-26 01:10:01",0.76076,2,dambarsinghkholala
9285,16603368,"Cassio Silva","2026-08-06 03:02:02",0.76076,3,lemoncandles
9286,16604044,Juicy1221,"2026-07-27 05:41:41",0.76076,1,alepixys
9287,16605105,"Zahidul Kabir","2026-07-27 10:03:28",0.76076,1,zahidul147
9288,16605807,xuzhongxin,"2026-07-27 13:34:20",0.76076,1,xuzhongxin
9289,16102798,VVVoyager,"2026-07-27 16:14:22",0.76076,2,haoxuanshan
9290,16607581,ssabris,"2026-07-28 02:06:43",0.76076,1,sabrinabernardi
9291,16609563,AbnerFranca2284,"2026-07-28 13:51:40",0.76076,3,abnerfranca2284
9292,16474671,"Prakhar Jha #2","2026-07-28 19:46:59",0.76076,2,prakharjha1
9293,16614194,"li yuanxiang","2026-07-29 15:34:17",0.76076,1,coffeebacon
9294,16616614,"yoshii gen","2026-07-30 01:41:52",0.76076,2,yoshii25gen
9295,16617470,barry_Paddi,"2026-07-30 06:16:58",0.76076,2,barrypaddi
9296,16618869,"Matvey Evdokimov","2026-07-31 10:06:15",0.76076,5,matveyevdokimov
9297,16621096,hyeonhee17,"2026-07-30 16:19:39",0.76076,1,hyeonhee17
9298,16622755,"Darshan Jannuu","2026-07-30 19:17:44",0.76076,1,darshanjannuu
9299,16627000,LeoForReal,"2026-07-31 08:01:15",0.76076,1,leoforreal
9300,16627294,"Lin Xinqi","2026-07-31 08:12:58",0.76076,1,xiaoqiu314
9301,16633115,"THE TITANS","2026-07-31 19:24:10",0.76076,3,"iamlokeshmarathe,jenshah007,swaraaa"
9302,16637534,"Gregor Mendel","2026-08-01 21:41:30",0.76076,2,gregormendel1
9303,1110474,thirumani,"2026-08-02 08:43:48",0.76076,1,thirumani
9304,16190094,seonpill,"2026-08-02 09:14:47",0.76076,5,seonpill
9305,16640883,Shams44,"2026-08-02 09:33:35",0.76076,1,shams44
9306,16631942,"Gustavo Boemo Sawaris","2026-08-02 14:44:07",0.76076,2,gustavoboemosawaris
9307,16652491,"Tân Xuân","2026-08-03 11:46:17",0.76076,1,xuantan15
9308,16654563,"Pratham Udeshi","2026-08-04 09:23:17",0.76076,7,prathamudeshi
9309,16663031,kilkadead,"2026-08-04 18:51:34",0.76076,1,kilkadead
9310,16664210,liukai001,"2026-08-05 03:39:32",0.76076,2,liukai001
9311,16668067,hifu82,"2026-08-05 13:46:38",0.76076,3,hifu82
9312,16585768,"Yan Kirsh","2026-08-05 18:00:51",0.76076,11,yankirsh
9313,16670110,"Vincent Shan Suen","2026-08-05 19:46:55",0.76076,1,vincentshansuen
9314,16670862,"Khushi Vijay","2026-08-05 23:41:27",0.76076,1,khushiiikv6
9315,16671579,Yuma_271,"2026-08-06 02:59:06",0.76076,1,yuma271
9316,16671706,"Tử Kiến","2026-08-06 03:25:49",0.76076,1,tkin123
9317,16672358,"[Deleted] b6d6c926-8161-4403-b89b-bfd84bc49df9","2026-08-06 07:13:58",0.76076,10,del=cdbf87b173bc011a
9318,16673146,LiuHaO686,"2026-08-06 07:20:28",0.76076,2,liuhao686
9319,16666909,"Štěpán Klusoň","2026-08-06 09:20:04",0.76076,3,tpnkluso
9320,16678432,"Nugie Saputra","2026-08-06 18:52:44",0.76076,1,nugiputra27
9321,16671414,kimyeonsang,"2026-08-07 00:40:36",0.76076,16,dustkak
9322,16682989,"Pranay Pal","2026-08-07 07:48:22",0.76076,2,pranaypaul
9323,16683877,"哈哈哈哈 #4","2026-08-07 09:31:53",0.76076,2,shikolenko
9324,16686179,"Hải Nam","2026-08-07 15:50:12",0.76076,1,nh2nam
9325,16687784,"Hamza Hassan","2026-08-08 00:32:42",0.76076,2,hamzahassandev
9326,16688474,"Sam Lee26710","2026-08-13 11:18:47",0.76076,2,samlee26710
9327,16691058,"Dug Nitka","2026-08-08 13:32:20",0.76076,2,dugnitka
9328,16691435,Sandeep063,"2026-08-08 14:34:22",0.76076,1,sandeep063
9329,16692094,"Nikhil Kumbham","2026-08-08 17:30:49",0.76076,2,nikhilkumbham
9330,16692235,"Andy Gelston","2026-08-08 17:54:18",0.76076,2,andygelston
9331,16695075,Marrascout,"2026-08-09 09:52:09",0.76076,1,whuzhouzhen
9332,16324905,EIMH_Luo_1764,"2026-08-10 00:48:46",0.76076,1,eimhluo1764
9333,16699350,"Yahya Haroon","2026-08-10 06:36:25",0.76076,1,yahyahvroon
9334,16699651,"Manushi Bombaywala","2026-08-10 07:33:31",0.76076,1,manushibombaywala
9335,16699668,"prachi #2","2026-08-10 07:38:53",0.76076,1,prachins
9336,16700870,msemyonov,"2026-08-10 11:13:24",0.76076,1,msemyonov
9337,16702370,"Chanul Pathirana","2026-08-10 18:48:43",0.76076,2,chanulpathirana
9338,16703146,"Neo Mthembu","2026-08-10 20:21:40",0.76076,1,neomthembu
9339,14820850,"VictorChen #2","2026-08-11 08:06:45",0.76076,2,somchainaja
9340,16706982,"Helder Cortez","2026-08-11 10:07:54",0.76076,2,heldercortez
9341,16707032,"lahiru pramuditha","2026-08-11 10:17:44",0.76076,1,lahirupramuditha22
9342,16701453,ponktsr,"2026-08-11 10:59:14",0.76076,2,ponktsr
9343,16710639,PriyaSingh1605,"2026-08-12 06:09:48",0.76076,1,priyasingh1605
9344,16711747,"Zarbano Buksh","2026-08-12 09:28:36",0.76076,2,zarbanobuksh
9345,16716844,"Ario Che","2026-08-13 09:55:11",0.76076,1,arioche
9346,16718180,ShauryaxD,"2026-08-13 17:22:55",0.76076,3,shauryaxd
9347,16718957,"lawrence lreri","2026-08-13 21:13:34",0.76076,1,lawrencelreri
9348,16719400,"Stephano Rivadeneyra Huaman","2026-08-14 01:44:31",0.76076,1,stephanowrh
9349,16348422,"Preety Mordani","2026-06-15 01:24:25",0.75837,1,preetymordani
9350,16275091,"Wang Yuhe","2026-06-15 02:14:44",0.75837,1,wangmorgan
9351,16351141,scl04,"2026-06-15 04:48:40",0.75837,1,kevl114
9352,16359300,XUBOYANG2024,"2026-06-15 13:29:30",0.75837,1,xuboyang2024
9353,16363751,"Pyth Bowen Zhou","2026-06-16 03:25:36",0.75837,3,pythbowenzhou
9354,16365156,"Yoleme Imieje-Ikogba","2026-06-15 16:34:49",0.75837,2,yolemeimiejeikogba
9355,16368698,Anishr4182,"2026-06-16 02:21:07",0.75837,4,anishr4182
9356,16370076,"ZHIMO LIU","2026-06-16 07:02:04",0.75837,1,zhimol1u
9357,16370431,"Josh Gilby","2026-06-16 07:52:55",0.75837,1,joshgilby
9358,16372109,"Anastasia Fjodorova","2026-06-16 12:55:28",0.75837,1,anastasiafjodorova
9359,16375804,"Tessa Schauermann","2026-06-17 00:13:42",0.75837,2,tessaschauermann
9360,16375961,"Ian Chen #3","2026-06-17 00:43:34",0.75837,1,ianchenic
9361,16376204,huangpengfei1,"2026-06-17 01:57:28",0.75837,2,huangpengfei1
9362,16381078,"Salih Muhammad","2026-06-17 11:50:47",0.75837,1,anfaaltariqqureshi
9363,15038662,"Arnur Baisuanov","2026-06-17 21:19:04",0.75837,1,arnurbaisuanov
9364,16386295,Bhati94134,"2026-06-18 05:05:14",0.75837,1,bhati94134
9365,16392498,SatOmOri,"2026-06-19 06:07:04",0.75837,2,satomori
9366,715585,"Naruhiko Nakanishi","2026-08-14 00:06:58",0.75837,19,grapestone5321
9367,16394674,tuFe11,"2026-06-19 13:12:39",0.75837,2,tufe11
9368,16395339,"Totti Ngo","2026-06-19 15:03:30",0.75837,1,tottingo
9369,16395409,"LI HAOLUNN","2026-06-19 15:17:08",0.75837,1,lihaolunn
9370,16233609,"Gleb Polyanskih","2026-06-20 21:18:33",0.75837,4,glebpolyanskih
9371,16405777,"Kosuke Ikeda","2026-06-21 06:04:03",0.75837,1,ikekou
9372,16406593,AsukaEne,"2026-06-21 08:52:19",0.75837,1,asukaene
9373,13839445,CANESHUGA,"2026-06-21 11:10:28",0.75837,5,caneshuga
9374,16286575,lihua23144,"2026-06-21 11:09:08",0.75837,1,lihua23144
9375,16404488,"Leonnidas Ribeiro","2026-06-21 15:10:21",0.75837,5,leonnidasribeiro
9376,16409179,Aditya__Punj5,"2026-06-21 16:09:25",0.75837,1,adityapunj5
9377,16410349,"Charles Murray","2026-06-21 19:46:03",0.75837,3,charlesmurray023
9378,16410486,"Vika Odn","2026-06-21 20:04:27",0.75837,1,vikaodn
9379,15732118,Sam150804,"2026-06-22 05:36:18",0.75837,2,sam150804
9380,7377593,"Suyash #4","2026-06-22 07:36:48",0.75837,1,suyashviraaj
9381,16413755,TadiwanasheM,"2026-07-06 11:04:02",0.75837,5,tadiwanashem
9382,15894451,Davisboy,"2026-06-22 12:10:15",0.75837,1,davisboy
9383,16415125,"Math Novice","2026-06-22 14:50:22",0.75837,1,mathnovice
9384,16415743,JasirKonnola,"2026-06-22 16:22:25",0.75837,1,jasirkonnola
9385,16417070,"Rashid Sidreck","2026-06-22 21:42:59",0.75837,1,rashidsidreck
9386,16417880,weihongrwlw,"2026-06-23 09:56:36",0.75837,3,weihongrwlw
9387,14291566,"Naina Bhatnagar","2026-06-23 11:31:39",0.75837,1,nainabhatnagar
9388,16420875,"Cansu Değer","2026-06-23 12:31:35",0.75837,1,cansudeer
9389,16420277,"Uri Hananel","2026-07-17 19:59:29",0.75837,9,urihananel
9390,16425647,"Constantin Galatan","2026-07-18 14:05:31",0.75837,6,constantingalatan
9391,16407000,夯爆了呀,"2026-06-24 09:20:45",0.75837,3,yilingks
9392,16194508,"Ahi Ader","2026-06-24 10:07:18",0.75837,1,ahiader
9393,16428940,ANKUSH-KUMAR-SINGH,"2026-06-24 17:19:43",0.75837,1,ankush8999
9394,16430374,"WANG HAO JING","2026-06-25 01:32:53",0.75837,2,wanghaojing
9395,14502537,"Daiki Toyoda","2026-06-25 06:41:01",0.75837,1,daikitoyoda
9396,16432288,"Raj Kamal #3","2026-06-25 09:10:37",0.75837,1,rajkamalraj30
9397,16432425,溝杭正崇,"2026-06-25 09:44:08",0.75837,1,taka1225
9398,16432437,Cinnabar_Mercury,"2026-06-25 11:00:58",0.75837,3,cinnabarmercury
9399,16432488,Kitake,"2026-06-25 10:48:50",0.75837,3,kitake
9400,16436057,"Ruthresh S","2026-06-26 04:20:15",0.75837,1,ruthreshs
9401,16437145,"Cherie Hung","2026-06-26 08:46:34",0.75837,1,cheriehung
9402,16441126,XxxxKKjane,"2026-06-27 03:43:03",0.75837,1,xxxxkkjane
9403,16442904,"Sergen Taşkın","2026-06-27 11:41:15",0.75837,1,sergentt
9404,16447471,"Neyer Gutierrez Torres","2026-06-28 16:03:42",0.75837,1,neyergutierreztorres
9405,15723528,Latte0805,"2026-07-01 02:26:17",0.75837,7,latte0805
9406,16455205,"Nikhil Marisetty","2026-07-08 15:28:14",0.75837,2,nikhilmarisetty
9407,16459188,kimjinseong0306,"2026-06-30 11:52:17",0.75837,1,kimjinseong0306
9408,16459952,"Hideo Mamiya","2026-06-30 14:01:07",0.75837,1,mamihide
9409,16427509,"Jumpei Takashima","2026-07-12 00:49:54",0.75837,4,kodamaru
9410,16467826,"Pavani Muddana","2026-07-01 15:48:10",0.75837,1,pavanimuddana
9411,16470848,"Amjad #2","2026-07-02 00:25:36",0.75837,1,am1add
9412,16472483,chenziwen2312,"2026-07-02 07:50:14",0.75837,1,chenziwen2312
9413,16473045,Rem1314,"2026-07-02 09:39:33",0.75837,2,rem1314
9414,16478054,liuyueyao026,"2026-07-03 01:38:58",0.75837,1,liuyueyao026
9415,2311256,"Koki Funahashi","2026-07-03 03:47:06",0.75837,1,funashi
9416,16480281,"Gagan Thakur","2026-07-03 06:45:37",0.75837,1,gaganthakur2006
9417,16482060,"HABIB OLUWASEYE QUAM","2026-07-03 13:48:10",0.75837,1,habiboluwaseyequam
9418,16483746,"Smaran Pasupulati","2026-07-04 04:51:26",0.75837,5,emomu1
9419,16484205,majun22,"2026-07-04 03:21:44",0.75837,1,majun22
9420,16486671,"Aina RADANIELINA","2026-07-04 15:45:34",0.75837,1,ainaradanielina
9421,16486743,"Trường Phát Lục","2026-07-04 16:07:23",0.75837,1,trngphtlc
9422,16489134,yangzhixing040505,"2026-07-05 08:27:55",0.75837,2,yangzhixing040505
9423,16489640,"yc guoguo","2026-07-05 10:47:13",0.75837,1,ycguoguo
9424,16490697,kevin347,"2026-07-05 15:52:06",0.75837,3,kevin347
9425,16487837,Hola88,"2026-07-05 17:56:16",0.75837,1,hola88
9426,16491728,Gardar123,"2026-07-05 20:56:50",0.75837,1,gardar123
9427,16491933,"Caua Medeiros","2026-07-05 23:13:12",0.75837,3,cauamedeiros
9428,15480786,"Edinson Florian","2026-07-06 20:23:48",0.75837,2,edinsonflorian
9429,16498883,"Wilda Ghoniyu Jiddan","2026-07-07 06:54:58",0.75837,1,wildaghoniyujiddan
9430,16500023,"Timfoey Solozhentsev","2026-07-07 09:36:12",0.75837,1,timfoeysolozhentsev
9431,16505885,"Param ","2026-07-08 04:06:15",0.75837,1,param1233
9432,16507332,"Valentin Weber23","2026-07-08 09:16:41",0.75837,1,valentinweber23
9433,16508788,Sanskriti,"2026-07-08 15:23:56",0.75837,1,sanskriti12340
9434,16511644,"Shreyash Jha","2026-07-09 08:16:51",0.75837,1,shreyashjha2005
9435,16511787,hawkeye7021,"2026-07-09 08:56:59",0.75837,1,hawkeye7021
9436,16035533,"ABO M7MD","2026-07-09 09:30:16",0.75837,1,abom7mddd
9437,16511994,VayuVelocity1007,"2026-07-12 10:33:12",0.75837,2,antrikshyatri
9438,16512285,"Aleyna YAŞAR","2026-07-09 10:53:15",0.75837,1,aleynayaar
9439,15661793,nishchal_jain_ds,"2026-07-09 12:04:33",0.75837,1,nishchaljainds
9440,16512601,"Michael Ufia","2026-07-09 12:21:47",0.75837,1,michaelufia
9441,16512966,MonaLisaSato,"2026-07-09 14:08:14",0.75837,1,monalisasato
9442,16512978,"Alexander Michailos","2026-07-09 14:12:26",0.75837,1,alexandermichailos
9443,16515280,"Mikel Sukharik","2026-07-10 05:44:41",0.75837,1,mikelsukharik
9444,16530882,"Dinesh #22","2026-07-11 05:11:42",0.75837,1,dinesh78395
9445,16531304,"Yash Pachera","2026-07-11 07:56:05",0.75837,1,yashpachera
9446,16532370,"itachi #2","2026-07-11 13:32:19",0.75837,1,itachi573547
9447,16532537,"Finlay #2","2026-07-11 14:33:31",0.75837,2,finlaycode
9448,16533439,"N/A Provided","2026-07-12 12:08:18",0.75837,5,naprovided
9449,16535785,"Viery A.F.","2026-07-12 22:28:45",0.75837,2,vieryaf
9450,16541007,"Bruno Henrique #2","2026-07-13 20:27:09",0.75837,1,brunomarino2001
9451,16541586,AsamiGentoku,"2026-07-14 01:28:40",0.75837,1,asamigentoku
9452,16541703,"Marcos Artuso","2026-07-14 02:33:05",0.75837,4,marcosartuso
9453,16541866,설동원1807,"2026-07-14 03:36:15",0.75837,1,seol1807
9454,16548218,Aryanpatial_ml,"2026-07-15 01:19:28",0.75837,1,aryanpatialml
9455,16551343,"Alexander HQR","2026-07-15 15:25:34",0.75837,1,alexanderhqr
9456,15034359,alstlr18,"2026-07-15 18:04:20",0.75837,1,alstlr18
9457,16552101,SoJungLee_0620,"2026-07-15 19:11:29",0.75837,1,sojunglee0620
9458,16552235,yes_urim,"2026-07-15 20:27:24",0.75837,1,urimnoh
9459,16553778,yeopppii,"2026-07-16 06:51:17",0.75837,1,yeopppii
9460,16554082,"Zarish Noman","2026-07-16 08:17:32",0.75837,5,zarishpls
9461,16554240,bori04,"2026-07-16 08:42:15",0.75837,1,bori04
9462,16555669,huajixiajiao,"2026-07-16 15:04:24",0.75837,1,huajixiajiao
9463,16560334,"Petar Raič","2026-07-17 16:27:53",0.75837,1,petarrai
9464,16556789,"Aaryan Saini","2026-07-18 11:49:11",0.75837,12,aary2007
9465,16566677,namyujin,"2026-07-18 21:29:30",0.75837,1,namyujin205
9466,16568297,"Tharindu Devinda","2026-07-19 05:43:30",0.75837,2,tharindudev813
9467,16573822,"Akshara Sharma","2026-07-20 18:21:45",0.75837,2,akshara1217
9468,16577184,KvotheTheBloodless,"2026-07-20 21:34:19",0.75837,1,kvothethebloodless
9469,16586228,"Luke Stafford","2026-07-27 12:51:24",0.75837,3,luketstafford
9470,16589253,"­임시훈 | 정보시스템학과 | 한양대(서울)","2026-07-23 09:30:17",0.75837,1,algeonoman
9471,16589848,nyokochans,"2026-07-23 13:03:15",0.75837,3,nyokochans
9472,16590114,flywineyanzu,"2026-07-23 14:17:52",0.75837,2,flywineyanzu
9473,16592764,"Mariam Ivardava","2026-07-30 10:04:32",0.75837,2,mariamivardava
9474,16589626,PeYian,"2026-07-24 08:15:23",0.75837,5,peyian
9475,16597581,Yogendra00700,"2026-07-25 08:08:54",0.75837,1,yogendra00700
9476,16598548,偷星纳什,"2026-07-25 13:03:22",0.75837,2,xiaolao8888
9477,16599720,"Edwin Rico","2026-07-25 23:56:25",0.75837,2,edwinrico
9478,16600913,"light angle","2026-07-26 07:47:35",0.75837,1,lightangle
9479,16601872,ozyako131,"2026-07-26 12:51:59",0.75837,1,ozyako131
9480,16602111,"Huu Ngoc","2026-07-26 14:33:52",0.75837,2,huungoc
9481,1442160,"Tomoaki Fujii","2026-07-26 15:24:39",0.75837,1,jjakimoto
9482,16602414,"Максим Константинов","2026-07-26 15:55:12",0.75837,1,terrymcgrowl
9483,16606556,"Lam Tung","2026-07-27 17:14:45",0.75837,1,lamtung0481
9484,16607196,HUSSAIN_7HAYAT,"2026-07-27 21:46:07",0.75837,2,hussain7hayat
9485,16607529,"Mial LU","2026-07-28 02:11:37",0.75837,2,miallu
9486,16609165,"Kausar Hayat","2026-08-12 10:51:48",0.75837,2,kausarhayat
9487,16610139,"Bhargob Gohain","2026-07-28 15:10:59",0.75837,2,bhargobgohain
9488,16612427,谷本翔真,"2026-08-04 07:53:44",0.75837,3,kira8838
9489,16615546,mishazawa,"2026-07-29 19:47:36",0.75837,1,mishazawa
9490,16615695,HitchHiker42,"2026-07-29 20:11:47",0.75837,1,hitchhiker42
9491,13876755,mgt127,"2026-07-30 08:02:21",0.75837,3,mgt127
9492,16620110,TahaBugraSen,"2026-07-30 14:43:14",0.75837,1,tahabugrasen
9493,16620865,"Songül Akgöz","2026-07-30 16:17:53",0.75837,2,songulakgoz
9494,16633202,griff.burke,"2026-07-31 19:38:19",0.75837,1,griffburke
9495,15568726,"Muhammad Aqil","2026-08-01 09:50:08",0.75837,2,aqilmuh
9496,16609278,"Arman Akandeh","2026-08-01 21:55:25",0.75837,2,armanakandeh
9497,16641674,"Deepak Kumar Shah","2026-08-02 13:48:07",0.75837,1,deepakdata44
9498,16643411,"shiv bari 123","2026-08-02 16:35:55",0.75837,1,shivbari123
9499,16644270,meix_AI,"2026-08-02 19:22:41",0.75837,1,meixai
9500,16644584,"SHINODA HAZUKI","2026-08-03 13:26:46",0.75837,5,shinodahazuki
9501,16655824,"Yvonne Sanchez","2026-08-04 02:23:09",0.75837,1,yyvynne
9502,16421536,Kurahashi,"2026-08-04 05:14:39",0.75837,4,kurahashi1044
9503,16657028,learnergb,"2026-08-04 05:33:17",0.75837,1,learnergb
9504,16657044,"Shlok Hotey","2026-08-04 05:36:19",0.75837,2,shlokhotey
9505,16662619,Anshu@rana,"2026-08-04 17:32:24",0.75837,2,anshu042006
9506,16667236,fd_dwxcx_xcwx,"2026-08-05 11:42:03",0.75837,1,fddwxcxxcwx
9507,16668877,"Hùngg Nguyễn","2026-08-05 16:30:04",0.75837,2,vnuettt
9508,15266078,CharlesMJDana,"2026-08-05 22:44:29",0.75837,2,charlesmjdana
9509,16670758,outsourcingcaqueta,"2026-08-05 22:56:43",0.75837,1,outsourcingcaqueta
9510,16674989,"Trung Thanh Dinh","2026-08-06 11:00:08",0.75837,2,trungthanhdinh
9511,16675227,"Aahan Nigam #2","2026-08-06 11:41:09",0.75837,1,notaquail
9512,16685154,YakumoC,"2026-08-07 13:08:48",0.75837,1,yakumoc
9513,16685953,MR.KnowAll,"2026-08-07 15:32:34",0.75837,3,hengyangknowall
9514,16690169,RCURIOSO,"2026-08-08 10:36:45",0.75837,1,rcurioso
9515,16694693,Belt666,"2026-08-09 08:38:12",0.75837,1,belt666
9516,16701522,Ixlos_Ametov,"2026-08-10 13:48:43",0.75837,1,ixlosametov
9517,16705800,"for press","2026-08-11 05:53:01",0.75837,1,forpress
9518,16706237,treekimm,"2026-08-11 07:31:59",0.75837,2,treekimm
9519,16709391,"Mervine Joshy","2026-08-11 20:32:49",0.75837,1,mervinejoshy
9520,16709806,"Valentino Ghatfan Wijaya","2026-08-12 01:19:12",0.75837,2,mbekgeming
9521,16264126,FAL5E,"2026-08-12 05:18:02",0.75837,2,ikechukwuugwa
9522,16712194,泥巴面包,"2026-08-12 11:13:40",0.75837,1,mudbread
9523,16712700,xliv,"2026-08-12 13:31:32",0.75837,1,xlivvv
9524,16717129,PushPushPaj,"2026-08-13 11:14:18",0.75837,1,pushpushpaj
9525,16717844,"Vaths 1722","2026-08-13 15:04:33",0.75837,1,vaths1722
9526,16262866,sdr1ce,"2026-06-15 02:23:16",0.75598,1,rice0907ss
9527,16357121,Ankit_gupta1978,"2026-06-15 10:29:31",0.75598,1,ankitgupta1978
9528,16360626,zhengyawenysf,"2026-06-15 13:40:46",0.75598,1,zhengyawenysf
9529,16370856,melandovriertohubi,"2026-07-13 13:33:33",0.75598,2,melandovriertohubi
9530,16092515,elizaaacc,"2026-06-17 11:42:32",0.75598,4,elizaaacc
9531,16371171,spoil124,"2026-06-16 10:30:00",0.75598,1,spoil124
9532,16368497,"Mayumi Matsuzoe","2026-06-16 22:32:47",0.75598,4,mayumimatsuzoe
9533,16379576,"Fabio Igor","2026-06-17 08:36:23",0.75598,1,fabioigor
9534,16380485,anonong,"2026-06-19 07:42:04",0.75598,3,anonong
9535,16092643,weiwenxuan0504,"2026-06-17 11:29:54",0.75598,2,weiwenxuan0504
9536,16381095,"Sarthak Singh #6","2026-06-17 11:52:55",0.75598,1,sarthak465
9537,13838583,"Roman Tamrazov","2026-06-17 15:55:33",0.75598,1,romantamrazov
9538,16383765,"kundan Managre","2026-06-17 17:42:24",0.75598,1,kundanmanagre
9539,16390514,"Oleksandr Stasovskyi","2026-06-18 17:54:30",0.75598,1,oleksandrstasovskyi
9540,16393737,"Naoyuki Okumura","2026-06-19 09:10:56",0.75598,1,naoyukiokumura
9541,16395203,"Don Shirasu","2026-06-20 04:34:55",0.75598,3,taiyoimamura
9542,16396590,Aikansh28,"2026-06-19 21:08:51",0.75598,1,aikansh28
9543,12427251,KulMec,"2026-06-20 16:16:27",0.75598,1,kulmec
9544,16262215,MarinsRod,"2026-06-20 23:04:11",0.75598,2,marinsrod
9545,16407315,"Harini #5","2026-06-22 10:50:30",0.75598,2,harini1705
9546,16406882,tetsuloge,"2026-06-21 16:33:24",0.75598,2,tetsuloge
9547,16417076,"Krishna Harish #2","2026-06-22 21:46:09",0.75598,1,krishnaharish1
9548,16419744,"Polina Naik","2026-06-23 09:16:17",0.75598,2,polinanaik
9549,16050533,"Talya Waxenberg","2026-06-24 01:37:43",0.75598,3,talyawaxenberg
9550,16426112,Priyadarsan_03,"2026-06-24 08:11:31",0.75598,1,priyadarsan03
9551,16426596,"Adithya sivakumar","2026-06-24 09:37:57",0.75598,1,adithyasivakumar07
9552,16430906,ieongchifong,"2026-06-25 04:24:39",0.75598,1,ieongchifong
9553,16432479,kintorin,"2026-06-25 10:35:23",0.75598,6,kintorin
9554,16434952,"Mason Mikulski","2026-06-25 19:32:09",0.75598,1,masonmikulski
9555,16438548,Hawkro,"2026-06-26 13:57:22",0.75598,1,hawkro
9556,16438851,"Ezechias SAVI","2026-06-26 15:21:55",0.75598,2,ezechiassavi
9557,16441383,"Keiichi Kamikura #2","2026-06-27 09:46:21",0.75598,10,keiichikamikura
9558,16442498,"Sutha Kani","2026-06-27 09:50:37",0.75598,1,suthakani
9559,16443384,"Bilal El Mouadden","2026-06-27 14:04:09",0.75598,1,bilalelmouadden
9560,16443529,"Andrey Tevs","2026-06-27 14:52:49",0.75598,1,andreytevs
9561,16447418,"Sandocorp23 SANTOS","2026-06-29 11:54:21",0.75598,2,sandocorp23santos
9562,12393646,"Tobias Juul Rasmussen","2026-06-28 21:36:35",0.75598,2,tobiasjuulrasmussen
9563,16203777,"Abilayhan Askarov (ABBA)","2026-06-29 11:16:35",0.75598,4,abilayhanaskarovabba
9564,16457071,"Makito Isobe","2026-06-30 06:36:22",0.75598,1,makitoisobe
9565,16455557,chenjiaming,"2026-06-30 08:20:10",0.75598,2,texaskaggle
9566,16459468,bjorn,"2026-06-30 12:42:44",0.75598,1,bjornvan
9567,16460612,"Cosmin Rosculeț","2026-06-30 15:59:59",0.75598,1,cosminroscule
9568,14257768,radeuoj,"2026-07-01 15:49:23",0.75598,2,radeuoj
9569,16467742,"Md. Tajmilur Rahman","2026-07-01 15:50:31",0.75598,2,tajmilur00
9570,16474698,"Sinan Ural","2026-07-02 15:36:41",0.75598,1,sinanural
9571,16480252,"Dummy Anand","2026-07-03 06:42:09",0.75598,1,dummyanand
9572,16480256,"Mansi Sharma #3","2026-07-03 06:42:24",0.75598,1,mansisharma1808
9573,16480258,"Jasjot Singh majhail","2026-07-03 06:42:41",0.75598,1,jasjotsinghmajhail
9574,16480259,"Janice Dean","2026-07-03 06:42:44",0.75598,1,janicedean
9575,16480261,"Gurdeep Singh battu","2026-07-03 06:42:46",0.75598,1,gurdeepsingh111
9576,16480271,"YUVRAJ SINGH #2","2026-07-03 06:44:16",0.75598,1,yuvrajsingh75
9577,16480273,"Angel Chauhan","2026-07-03 06:44:22",0.75598,1,angelchauhan182004
9578,16480274,"MAYANK DADWAL","2026-07-03 06:44:34",0.75598,1,mayankdadwal
9579,16480275,"Akam Noor","2026-07-03 06:44:54",0.75598,1,akamnoor
9580,16480276,"Jeet bhalla","2026-07-03 06:44:59",0.75598,1,jeetbhalla
9581,16480277,"Deepanshu Gulati","2026-07-03 06:45:04",0.75598,1,deepanshugulati
9582,16472713,ComeTheDawn_K,"2026-07-03 06:46:52",0.75598,7,comethedawnk
9583,16480255,CG282005,"2026-07-03 06:48:07",0.75598,1,cg282005
9584,16480296,"GOuRaVv RanA","2026-07-03 06:48:23",0.75598,1,gouravvrana
9585,16480299,"Ananyya Mahajan","2026-07-03 06:49:18",0.75598,1,ananyyamahajan338
9586,16480434,Tushard1,"2026-07-03 07:07:59",0.75598,1,tushard1
9587,16480466,Agamyaaa,"2026-07-03 07:13:54",0.75598,1,agamyaaa
9588,16480605,"Roshani #3","2026-07-03 07:38:05",0.75598,1,roshanibhusal12
9589,16480712,Nikhil_Rajan_01,"2026-07-03 07:53:15",0.75598,1,nikhilrajan01
9590,7137318,AlinPvn,"2026-07-03 11:20:41",0.75598,1,alinpvn
9591,16482141,"Mostafa Medhat","2026-07-03 14:08:31",0.75598,1,mostafamedhat50
9592,16484252,AnaBot,"2026-07-04 03:36:59",0.75598,1,anabot
9593,16485702,lye38736,"2026-07-04 11:52:46",0.75598,2,lye38736
9594,16485901,zzl665,"2026-07-04 12:10:09",0.75598,1,zzl665
9595,16486793,"Pedro Costa #2","2026-07-04 17:12:31",0.75598,2,cuesta0900
9596,1408392,Hirofumi.F,"2026-07-04 23:48:06",0.75598,1,hirofumif
9597,14689355,真田栄二,"2026-07-05 00:28:01",0.75598,1,blokken4068
9598,16489505,"Jeremy Andrei Ave","2026-07-05 10:07:27",0.75598,1,fuyu69
9599,16489568,lalamba,"2026-07-05 10:21:33",0.75598,1,lalamba
9600,16489971,"Mark Tymchenko","2026-07-05 12:19:35",0.75598,1,marktimchenko
9601,16490129,status11,"2026-07-05 12:56:11",0.75598,1,status11
9602,16490333,"ali merter","2026-07-05 13:55:27",0.75598,1,alimerter
9603,16490354,Daanvdk,"2026-07-05 14:14:47",0.75598,4,daanvdk
9604,16490563,"HURMA BAOBAB","2026-07-07 10:15:48",0.75598,3,hurmao
9605,16490850,lsww,"2026-07-05 15:50:52",0.75598,1,kgkinglsw
9606,13949682,"Trevor Travis","2026-07-05 20:13:04",0.75598,5,trevortravis
9607,16493128,ZhongYaode,"2026-07-06 06:27:25",0.75598,1,zhongyaode
9608,16494362,"Aditya Naskar","2026-07-06 10:25:26",0.75598,1,adityanaskar
9609,16495170,"Satoshi Hamao","2026-07-06 13:28:41",0.75598,1,meteor02
9610,13231825,"mehmet hilmi ozdemir","2026-07-06 17:13:49",0.75598,2,mehmethilmiozdemir
9611,16501132,YordanIg,"2026-07-07 14:35:09",0.75598,1,yordanig
9612,16506216,"kos san","2026-07-13 14:29:42",0.75598,3,kossan
9613,16506217,kiichi,"2026-07-13 01:08:52",0.75598,3,yokotakiichi
9614,16506225,野平凌平,"2026-07-08 05:28:55",0.75598,1,kokoklp
9615,16506226,"ruon suzuki","2026-07-08 05:28:56",0.75598,1,ruonsuzuki
9616,16506228,大澤光稀,"2026-07-08 05:29:22",0.75598,1,toimd0
9617,16506233,佐藤多笑,"2026-07-08 05:31:36",0.75598,2,takomeru
9618,16506247,工藤竜人,"2026-07-08 05:34:08",0.75598,1,k0r1colib0rn
9619,16506293,森田彩華,"2026-07-08 05:42:26",0.75598,1,morika0128
9620,16510029,fullnamekagglya,"2026-07-08 23:13:37",0.75598,1,fullnamekagglya
9621,16511020,"Atharva Codekarni","2026-07-09 05:36:47",0.75598,1,atharvacodekarni
9622,16516711,"Prachi Kakkad","2026-07-10 13:05:44",0.75598,1,prachikakkad
9623,16532316,nekotatu,"2026-07-11 13:17:59",0.75598,1,nekotatu
9624,16534101,3dpointcloud,"2026-07-12 05:43:18",0.75598,1,pointcloud3d
9625,16534826,"Enakshy Mondal","2026-07-12 10:39:35",0.75598,4,enakshymondal
9626,16536463,"Rene Diaz","2026-07-12 20:21:43",0.75598,1,ddcrene
9627,16537011,"Nirmit Pradip Patel","2026-07-13 02:25:22",0.75598,2,nirmitpradippatel
9628,16539815,saatoo,"2026-07-13 14:45:40",0.75598,1,saatoo
9629,6564110,ms.kim8717,"2026-07-14 01:11:39",0.75598,2,mskim8717
9630,16541709,dadadaer,"2026-07-14 02:49:51",0.75598,5,dadadaer
9631,16427312,kawsar220,"2026-07-14 04:03:45",0.75598,3,kawsar220
9632,16550479,"Kalkidan Asregid Abate","2026-07-15 11:42:46",0.75598,1,kalkidanasregidabate
9633,16550589,luosukk,"2026-07-15 12:14:33",0.75598,1,luosukk
9634,16512250,Sungjin,"2026-07-16 03:10:36",0.75598,2,sungjin3879
9635,16555610,"Hoàng Long","2026-07-16 14:50:27",0.75598,1,hhlong2808
9636,16556113,"Cristiano Wang","2026-07-16 17:04:21",0.75598,1,cristianowang
9637,16558967,hazuma545,"2026-07-17 10:25:49",0.75598,1,hazuma545
9638,16559663,"Guo Runjia","2026-07-17 13:33:54",0.75598,1,guorunjia
9639,16560420,"Cameron Erde","2026-07-17 16:53:26",0.75598,1,cameronerde
9640,16560445,EdenLBS,"2026-07-17 16:58:29",0.75598,1,edenlbs
9641,6600118,"Juan Rosendo González Feria","2026-07-19 04:34:38",0.75598,1,juanrgf
9642,16551691,straus666,"2026-07-19 15:07:42",0.75598,2,straus666
9643,16570951,"abdurahmon tagaev","2026-07-19 15:33:58",0.75598,1,abdurahmontagaev
9644,16571081,"Eridalgo Ramos da Silva","2026-07-19 16:45:05",0.75598,2,eridalgoramosdasilva
9645,16571727,"Najib Mahfoud","2026-07-19 18:26:57",0.75598,3,najibmahfoud
9646,16580460,"Joe Ashcroft","2026-07-21 10:48:53",0.75598,1,joeashcroft
9647,16586180,"Pascal Chidera","2026-07-22 14:35:09",0.75598,1,pascalchidera
9648,16586482,"سید رضا ابراهیمی","2026-07-22 15:48:31",0.75598,1,rezaebrahimii
9649,16593295,"Muhammad Saad #5","2026-07-24 10:41:26",0.75598,1,saadcodes99
9650,16594028,"State Warriors","2026-07-24 14:19:00",0.75598,1,statewarriors
9651,16594026,"Yamane Koji","2026-07-24 23:24:19",0.75598,4,yamanekoji
9652,13769151,"Rob Schieber","2026-07-25 01:13:09",0.75598,1,robschieber
9653,16597624,"Muhammad Umair 203","2026-07-25 08:22:09",0.75598,1,muhammadumair203
9654,16603271,"Austin Wang #5","2026-07-28 02:44:56",0.75598,2,austinwang0823
9655,5104107,"IRIS - I2A2","2026-07-27 00:45:34",0.75598,2,vinciusarajo
9656,16604057,"Nguyễn KhánhLộc ","2026-07-27 05:46:31",0.75598,1,alcization
9657,16604700,"Adham Elgarhy","2026-07-27 08:25:28",0.75598,1,adhamelgarhy
9658,16605770,Neflibata1,"2026-07-27 13:23:36",0.75598,1,neflibata1
9659,16605965,"Farzan Infiaz","2026-07-27 14:22:49",0.75598,1,farzaninfiaz
9660,16606333,"Kai Tan","2026-07-27 16:06:52",0.75598,1,flavieninpekin
9661,16607531,"Dana #5","2026-07-28 02:16:02",0.75598,3,dana0703
9662,16608005,NikoDDD,"2026-07-28 05:13:39",0.75598,1,nikoddd
9663,16610866,"Nazmus Shakib Nahiyan","2026-07-28 18:34:51",0.75598,1,nahiyan01
9664,16613843,Cheseas,"2026-07-29 14:05:14",0.75598,1,cheseas
9665,16614020,"never ending story2","2026-07-29 14:45:17",0.75598,1,neverendingstory2
9666,16617783,"Adaptive Minds","2026-07-30 07:42:56",0.75598,3,"mohammadali69,zahrayousefpournavid"
9667,16618490,tkien1707,"2026-07-30 10:07:31",0.75598,1,tkien1707
9668,16621023,Tadcud_1709,"2026-07-30 16:24:45",0.75598,2,tadcud1709
9669,16621357,Hiroki_Shirai,"2026-07-30 16:42:24",0.75598,1,shrhrkbacchus
9670,16623308,Its_madihayyy,"2026-07-30 22:31:25",0.75598,1,itsmadihayyy
9671,16623310,"ALI_HANI _Dev","2026-07-30 22:32:27",0.75598,1,alihanidev
9672,16633265,ollxel,"2026-07-31 19:56:57",0.75598,1,vasilykonushin
9673,16634713,"Mulong Xu","2026-08-01 06:08:47",0.75598,1,mulongxu
9674,16637700,snehalradhepatil,"2026-08-01 14:57:38",0.75598,1,snehalradhepatil
9675,16638244,"Tejal Surkule","2026-08-01 16:06:59",0.75598,1,tejalsurkule
9676,16640367,"as life","2026-08-02 06:18:34",0.75598,1,aslife
9677,10160107,LL_Taiyaki,"2026-08-02 06:59:34",0.75598,1,lltaiyaki
9678,14929772,"Sarp Ünsal","2026-08-02 18:46:58",0.75598,1,sarpunsalytu
9679,16644249,"Tra my Dong","2026-08-02 19:08:45",0.75598,1,tramydong
9680,16644527,yu9824,"2026-08-02 22:36:05",0.75598,2,yu9824
9681,16651045,"Yohanes Sime Tola","2026-08-03 08:29:52",0.75598,1,yohanessimetola
9682,16657000,"Rishi Walokar","2026-08-04 05:30:52",0.75598,1,rishiwalokar
9683,16488536,mslatte,"2026-08-04 13:42:15",0.75598,9,mslatte
9684,16663988,"Satoshi Hirayama","2026-08-05 00:29:30",0.75598,1,satoshihirayama1019
9685,16665721,"John Davis Vu","2026-08-05 07:15:03",0.75598,1,johndavisvu
9686,16665761,"Komei Kawabe","2026-08-05 07:22:41",0.75598,1,komeikawabe
9687,16669702,"Aakash Semwal15","2026-08-05 18:20:13",0.75598,1,aakashsemwal15
9688,16670871,"Arush Devathi","2026-08-05 23:45:06",0.75598,1,arushdevathi
9689,4065861,"Yury Chernyshov","2026-08-06 11:03:53",0.75598,1,yurychernyshov
9690,16669249,"Shaheer Ahmed Khan","2026-08-06 17:32:17",0.75598,4,latentlegend
9691,16685317,"Elif Doğa Ayçiçek","2026-08-07 13:35:43",0.75598,1,dogaaycicek
9692,16687882,ChaoHu,"2026-08-07 22:08:13",0.75598,1,yansheng841
9693,13736196,"Santiago Neira","2026-08-08 19:28:22",0.75598,2,santiagoneira6
9694,16690263,"sakura #2","2026-08-08 09:46:01",0.75598,1,sakurasang
9695,16690878,"Mahabub Hasan Mamun #2","2026-08-08 17:36:15",0.75598,2,mahabub001cs
9696,16691306,Naveen2009,"2026-08-08 14:04:29",0.75598,2,naveen2009
9697,16696445,"Bill Kibichi","2026-08-09 14:22:54",0.75598,1,billkibichi
9698,16699250,"cornelius Yu","2026-08-10 06:25:02",0.75598,1,corneliusyu
9699,16699287,r318725512,"2026-08-10 06:27:52",0.75598,1,r318725512
9700,16699367,candswet61,"2026-08-10 06:36:47",0.75598,1,candswet61
9701,16699427,あべべん,"2026-08-10 06:47:34",0.75598,1,abenbenbeben
9702,16702232,"Arvind Kumar Avinash","2026-08-11 09:52:05",0.75598,2,arvindkumaravinash
9703,16708855,droid.druid,"2026-08-11 17:24:05",0.75598,1,droiddruid
9704,15900102,"Mike Femi","2026-08-12 09:49:14",0.75598,3,mikefemi
9705,16715200,"balouri abdrahman","2026-08-13 01:23:56",0.75598,1,balouriabdrahman
9706,16716256,"Raed Bakhsh","2026-08-13 07:40:11",0.75598,2,raedbakhsh
9707,16354322,"Diyorbek Mansurov","2026-06-15 07:46:11",0.75358,1,diyorbekmansurov
9708,16358192,"Alex Bobrov","2026-06-15 20:56:08",0.75358,3,alexxbobrov
9709,16364055,TrunkWill0,"2026-06-15 15:44:55",0.75358,2,trunkwill0
9710,16368581,rshah46,"2026-06-16 02:31:32",0.75358,3,rshah46
9711,4716957,jvrdata,"2026-06-16 04:47:21",0.75358,1,jvrdata
9712,16372853,mayu0807,"2026-06-16 14:14:16",0.75358,1,mayu0807
9713,16377500,"KEITA OKAMOTO","2026-06-17 04:57:01",0.75358,2,kokamoto55
9714,16093708,tianbai12138,"2026-06-17 07:45:24",0.75358,1,tianbai12138
9715,13330749,"Kota Tomimoto","2026-06-17 10:15:15",0.75358,4,kotatomimoto
9716,16383225,"Reevan Machado","2026-06-18 13:12:28",0.75358,3,reevanmachado
9717,16387381,YellowLionBear,"2026-06-18 08:24:46",0.75358,1,yellowlionbear
9718,16389343,"NAVEEN SINGH RAWAT","2026-06-18 14:26:35",0.75358,2,naveenrwt210206
9719,16389588,"Ashani Kawya","2026-06-18 15:01:09",0.75358,1,ashanikawya
9720,16393793,"terada #2","2026-06-19 09:21:37",0.75358,1,browfy
9721,16393892,"Yoshida Jun","2026-06-19 09:41:03",0.75358,1,yoshidajun
9722,16395159,faizbuckley,"2026-06-19 14:24:45",0.75358,3,faizbuckley
9723,16395932,felix231,"2026-06-19 17:30:42",0.75358,1,felix231
9724,9074477,aiwandianao,"2026-06-20 09:40:33",0.75358,1,aiwandianao
9725,16402408,Bushkhan,"2026-06-20 13:38:57",0.75358,1,bushkhan
9726,16403281,"Ait Saad","2026-06-20 16:02:57",0.75358,1,aitsaad
9727,16406830,"Kshiraj Kapoor","2026-06-21 09:39:32",0.75358,2,kshirajkapoor
9728,16406869,Lara34,"2026-06-21 09:44:19",0.75358,1,lara34
9729,16407277,"Иван Крохов","2026-06-21 11:12:02",0.75358,1,xxinee
9730,16408986,"Saifali Mulani","2026-06-21 15:30:35",0.75358,1,saifalimulani
9731,16410668,"Shu Yamaguchi","2026-07-03 21:59:17",0.75358,3,shuyamaguchi
9732,16412303,Hariharanc,"2026-06-22 06:05:17",0.75358,1,hariharancheluru
9733,16417067,"Nafis Shyan23","2026-06-22 21:40:49",0.75358,1,nafisshyan23
9734,16419083,"Ajay Jadaun","2026-06-23 07:24:18",0.75358,2,ajayjadaun
9735,16419758,royysspace,"2026-06-23 08:52:13",0.75358,1,royysspace
9736,16419361,mutou,"2026-06-23 09:34:09",0.75358,2,mutou0610
9737,16423514,"Sanjana Konka","2026-06-23 20:05:09",0.75358,1,sanjanakonka
9738,16423909,YinanW,"2026-06-23 20:53:53",0.75358,1,yinanw
9739,16424253,"Michai Staten","2026-06-23 21:56:27",0.75358,1,michaistaten
9740,16427401,"FAIZ FAB","2026-06-24 12:21:57",0.75358,1,faizfab
9741,16428477,oxygen121381,"2026-06-24 15:49:28",0.75358,1,oxygen121381
9742,16429121,"Akash Sheral","2026-06-24 17:50:44",0.75358,1,akashsheral
9743,16436191,cx,"2026-06-27 11:47:39",0.75358,2,cxphoebe
9744,16443668,DulaReal,"2026-06-27 15:20:08",0.75358,1,dulareal
9745,16445535,"Naveen B","2026-06-28 06:54:08",0.75358,1,nv170706
9746,16446336,Anushka140118,"2026-06-28 10:47:44",0.75358,1,anushka140118
9747,16446651,"Samyak Bhattarai","2026-06-28 12:24:56",0.75358,1,samyyakbhattarai
9748,16447397,"Divya Janani G","2026-06-28 15:45:18",0.75358,1,divyajananig
9749,16447379,"Arham Salot","2026-06-28 15:46:56",0.75358,1,arhamsalot6116
9750,16447500,"Dhalcir Anaya Vences","2026-06-28 16:13:35",0.75358,1,dhalciranayavences
9751,16447731,"Nam Nguyen Van","2026-06-28 17:16:56",0.75358,2,namnguyen281294
9752,16448203,"Ojaswi Shrivastava","2026-06-28 20:12:48",0.75358,1,vantroy187
9753,15982011,太田海翔,"2026-06-29 07:02:31",0.75358,1,na7na7
9754,16449854,"Kumari Aleti","2026-06-29 07:42:40",0.75358,1,kumarialeti
9755,16450492,"Prince Kumar #10","2026-06-29 10:05:14",0.75358,1,princekumar10devops
9756,16452322,AA204815,"2026-06-29 15:45:43",0.75358,1,aa204815
9757,16463552,"VANGURI JASHWANTH","2026-07-01 05:17:42",0.75358,1,vangurijashwanth
9758,16464042,Abhi@598,"2026-07-01 06:59:40",0.75358,1,abhi598
9759,16467331,diepolkovnik,"2026-07-01 15:01:10",0.75358,1,diepolkovnik
9760,15946404,Rchinmay,"2026-07-02 08:46:27",0.75358,1,rchinmay
9761,16474745,"Piotr Lopag","2026-07-02 15:44:48",0.75358,1,piotrlopag
9762,16480209,"Rajesh Singh #3","2026-07-03 06:31:16",0.75358,1,rajinh
9763,16480492,"Khairul Azzam Al Ayyubi","2026-07-03 07:20:52",0.75358,1,khairulazzamalayyubi
9764,16485853,GuangxiXu,"2026-07-04 11:59:42",0.75358,1,guangxixu
9765,16487925,"ayse #2","2026-07-05 00:23:31",0.75358,1,aysenursolmaz
9766,16489552,MikuNya,"2026-07-05 10:17:38",0.75358,1,mikunya
9767,16493799,"Archi Leatherman","2026-07-06 08:41:12",0.75358,1,archileatherman
9768,16494490,"Egor Astrakhantsev","2026-07-06 11:51:38",0.75358,5,egorastrakhantsev
9769,16498061,"Jie Pu","2026-07-07 04:11:00",0.75358,1,jiepu08
9770,16488825,공삼일영,"2026-07-07 08:51:39",0.75358,2,hojinge
9771,16508052,"Ali Raza Mirza","2026-07-08 12:28:17",0.75358,1,alirazamirza
9772,16510839,白石虎之介,"2026-07-09 04:49:45",0.75358,1,toranosukeshiraishi
9773,16511398,"Mueeza Irfan","2026-07-09 07:25:55",0.75358,1,mueezairfan22
9774,16515146,"Ranish Priya","2026-07-10 04:56:53",0.75358,1,ranishpriya
9775,16515433,"Jayachandiran K","2026-07-10 06:30:02",0.75358,1,jayachandiran007k
9776,16516635,"Hemanath #3","2026-07-10 12:43:38",0.75358,1,tamiizh
9777,16517018,drakoghir,"2026-07-10 14:38:28",0.75358,1,drakoghir
9778,16530361,rodrigoo4,"2026-07-11 00:43:06",0.75358,1,rodrigoo4
9779,16531149,DariusJohn,"2026-07-17 07:49:08",0.75358,4,dariusjohn
9780,16531188,"Agent CHARLES","2026-07-11 07:15:37",0.75358,1,agentcharles
9781,16532795,"Ayesha Noor 103","2026-07-11 15:56:42",0.75358,1,ayeshanoor103
9782,16532775,"Aristarkh Rezanov","2026-07-11 17:44:34",0.75358,2,aristarkhrezanov
9783,16535703,"Namita Mahata","2026-07-12 15:31:21",0.75358,1,namitamahata
9784,16538633,bigfattechcat,"2026-07-13 09:45:39",0.75358,1,bigfattechcat
9785,16539917,"Arati vinayak Kulkarni","2026-07-13 15:15:36",0.75358,1,arativinayakkulkarni
9786,16541693,"Hải Phạm","2026-07-14 02:14:28",0.75358,1,haipham2006
9787,16548060,"Josh Z #2","2026-07-21 21:22:06",0.75358,2,joshzallo
9788,16539744,Deepland,"2026-07-15 09:10:46",0.75358,2,deepland
9789,3055253,"Hiroki Nakashima","2026-07-15 12:51:33",0.75358,1,mallow0818
9790,16551546,"Mohammad Tarras","2026-07-15 16:15:15",0.75358,1,mohammadtarras
9791,16553585,JSLEE01,"2026-07-16 06:09:36",0.75358,1,jslee01
9792,16555765,"Vetrichelvan Vaarshneyan","2026-07-16 15:32:30",0.75358,1,freaker10
9793,16555821,Freddie-Duan,"2026-07-16 15:42:42",0.75358,1,freddieduan
9794,16556553,"Albina Rakhmatullina","2026-07-16 19:08:17",0.75358,1,albinarakhmatullina
9795,386163,Wellington,"2026-07-17 13:57:57",0.75358,1,wecaar
9796,16565908,T181818,"2026-07-18 15:50:56",0.75358,2,t181818
9797,16568538,"Vibha Dawar","2026-07-19 06:17:58",0.75358,1,vibhadawar
9798,16566396,"Yousif Alsari","2026-07-19 07:36:10",0.75358,2,yousifalsari
9799,16569108,"Irina Bogdanova","2026-07-19 09:26:36",0.75358,9,ir1na1
9800,16570087,"Halbert Faller","2026-07-19 12:33:50",0.75358,1,halbertfaller
9801,16571014,"Christian #26","2026-07-19 15:48:11",0.75358,1,cgira0
9802,16571485,"Thayane Pereira","2026-07-19 17:20:41",0.75358,1,thayanepereira
9803,16573337,"KANNA ARAVIND mefgi","2026-07-20 05:09:33",0.75358,3,kannaaravindmefgi
9804,16574287,Haung西瓜,"2026-07-20 14:38:42",0.75358,8,haungyoshi
9805,16575200,"vraj #2","2026-07-20 12:33:29",0.75358,1,vraj72206
9806,16575748,"SRINJOY BHOWMICK","2026-07-20 15:07:39",0.75358,1,srinjoybhowmick
9807,16575831,"ANITRA BORAL","2026-07-20 15:28:17",0.75358,1,anitraboral
9808,16576677,"Sneha Sharma","2026-07-20 19:44:56",0.75358,1,snehasharma987
9809,5515106,"Sachin Sakpal","2026-07-21 06:02:55",0.75358,1,sachinsakpal
9810,16581960,"Giorgio Abelli","2026-07-21 15:10:46",0.75358,1,giorgioabelli
9811,16149455,"Syed Sultan Mohiuddin Quadri","2026-07-21 19:41:06",0.75358,1,syedsultanquadri
9812,7607733,"Jonathan Cheung #2","2026-07-23 04:52:22",0.75358,3,hamyqueso
9813,16588530,huangweihaohuang,"2026-07-23 06:22:58",0.75358,1,huangweihaohuang
9814,16588734,"GOLAM RABBANI NAYEM ","2026-07-23 07:16:29",0.75358,1,golamrabbaninayem
9815,16588797,"Md Riad Hasan","2026-07-23 07:31:30",0.75358,1,mrhscript
9816,16588976,"prasad possible","2026-07-23 08:21:08",0.75358,1,prasadpossible
9817,16599459,"Aradhya Agrawal #3","2026-07-25 18:01:01",0.75358,1,aradhyaagrawal2605
9818,16600275,"Srimathi Vijayakumar","2026-07-26 03:50:21",0.75358,1,srimathi2026
9819,16605062,"Gormen Bush","2026-07-27 09:51:02",0.75358,1,gormenbush
9820,16606307,"Siqi Tong","2026-07-27 15:55:47",0.75358,1,siqit1401
9821,16606752,"Al_mikhlafi Ibrahim","2026-07-27 18:21:24",0.75358,1,almikhlafiibrahim
9822,16609401,"Subham Swagat Mohapatra","2026-07-28 11:25:23",0.75358,1,subhamswagat
9823,16609898,"lava x77","2026-07-28 14:01:34",0.75358,3,lavax77
9824,16610662,HasanZaman99,"2026-07-28 17:35:01",0.75358,2,hasanzaman99
9825,16610923,"Arpita Samanta #2","2026-07-28 18:51:14",0.75358,1,arpitasamanta26
9826,16611044,"Medhashree Kallol","2026-07-28 20:30:10",0.75358,2,medhashreekallol
9827,16611754,songnarae,"2026-07-29 03:11:24",0.75358,1,songnarae
9828,16616788,chdry_anupam,"2026-07-30 02:43:53",0.75358,1,chdryanupam
9829,7206087,Doranap,"2026-07-30 03:50:20",0.75358,1,doranap
9830,16620909,bNd,"2026-07-30 16:05:24",0.75358,1,luizguilhermebonadio
9831,16632900,"Moeen Asim","2026-07-31 17:59:31",0.75358,2,moeenasim
9832,10801636,Danjas,"2026-08-01 06:06:26",0.75358,1,danjas
9833,16637629,"Saukhya Gaikwad","2026-08-01 14:56:24",0.75358,2,"jiyaaakanojia,saukhyagaikwad"
9834,16638837,ReSeP,"2026-08-01 17:47:34",0.75358,2,liverfool
9835,16640627,n0215354,"2026-08-02 08:07:38",0.75358,1,n0215354
9836,16641032,SashaFom,"2026-08-02 10:32:55",0.75358,1,sashafom
9837,16641308,"Lisa Xinyan","2026-08-02 12:14:27",0.75358,1,lisaxinyan
9838,16655024,iamzac01,"2026-08-03 20:41:04",0.75358,1,iamzac01
9839,16657416,"Resurrected Raccoon","2026-08-04 06:10:29",0.75358,1,mangkonesinnavong
9840,16667965,WangTong0808,"2026-08-05 13:25:01",0.75358,2,wangtong0808
9841,16670854,"Aryan Parekh","2026-08-05 23:37:57",0.75358,1,aryanparekh1atx
9842,16670865,"Tanvi Boggu","2026-08-05 23:41:48",0.75358,1,tanviboggu
9843,16674326,MGi2911,"2026-08-06 09:11:53",0.75358,3,mgi2911
9844,16674814,"Shinichi Monden","2026-08-06 10:16:14",0.75358,1,shinichimonden
9845,16675715,Louis788,"2026-08-06 13:14:02",0.75358,3,louis788
9846,16676382,"Reshal Dhupar","2026-08-06 14:58:09",0.75358,1,reshaldhupar
9847,16676466,Fundi,"2026-08-06 15:13:37",0.75358,1,fundraisingtj
9848,16677477,"Georgy Lukashov","2026-08-06 17:00:21",0.75358,1,georgylukashov
9849,16677978,Kishore-iitr,"2026-08-06 18:03:09",0.75358,2,kishoreiitr
9850,16683558,OnionO3,"2026-08-07 08:59:31",0.75358,3,oniono3
9851,16685843,Amen005,"2026-08-07 15:01:30",0.75358,1,amen005
9852,16689619,"Tùng Là Thanh","2026-08-08 07:46:53",0.75358,1,thanhtung190505
9853,15004987,"Sille Parsberg","2026-08-08 14:34:24",0.75358,4,silleparsberg
9854,16692900,"Ceb Chris","2026-08-08 21:04:38",0.75358,1,cebchris
9855,16692946,"Divine Edike","2026-08-10 07:43:54",0.75358,2,divineedike
9856,16696946,Sema1903,"2026-08-09 16:06:25",0.75358,1,sema1903
9857,16697085,"Bishakha Pokharel","2026-08-09 16:30:02",0.75358,1,bishakhapokharel
9858,16028546,"J McDerm","2026-08-10 21:38:34",0.75358,1,jmcderm
9859,16705634,"Shashanka Puranika","2026-08-11 05:15:26",0.75358,3,shashankapuranika
9860,16709292,"Mohamed Bali","2026-08-11 19:45:06",0.75358,1,mohamedbali
9861,16710768,岡部泰基,"2026-08-12 06:35:28",0.75358,1,beck1022
9862,16711265,L2H666,"2026-08-12 07:27:31",0.75358,1,l2h666
9863,16712175,Variiiiiii,"2026-08-12 11:08:31",0.75358,1,variiiiiii
9864,16714182,jrbonfim11,"2026-08-12 19:23:50",0.75358,1,jrbonfim11
9865,16714666,SmithAndrewC,"2026-08-13 00:47:38",0.75358,4,smithandrewc
9866,16715149,"Caleb Lewis","2026-08-13 01:25:43",0.75358,4,caleblewis1
9867,16718833,"Utku Mert Koğumtekin","2026-08-13 21:23:13",0.75358,1,utkumertkoumtekin
9868,16719128,"Jeremey Poetzscher","2026-08-13 23:33:07",0.75358,1,jeremeypoetzscher
9869,16364121,"Elnurbek Abdurahmatov","2026-06-15 15:47:13",0.75119,1,elnurbekabdurahmatov
9870,16368095,"Bhaavikka Agarwaal","2026-06-15 20:22:02",0.75119,1,bhaavikkaagarwaal
9871,16368721,"Ryan Fameli","2026-06-16 01:51:02",0.75119,1,ryanfameli
9872,16070230,"J enter","2026-06-24 08:11:00",0.75119,2,jenter
9873,16371252,"Shivansh Garg","2026-06-16 11:01:59",0.75119,2,shivanshgarg4204
9874,14525975,"Artyom Hovhannisyan","2026-06-16 11:58:53",0.75119,1,artyomhovhannisyan
9875,16375607,AROD18,"2026-06-16 23:14:45",0.75119,2,arod18
9876,16379009,"Vishnu Nath J.R","2026-06-22 12:03:56",0.75119,2,vishnunathjr
9877,15669490,"Zoubeir Aouchar","2026-06-17 14:05:46",0.75119,1,zoubeiraouchar
9878,2040836,WCD_WJ,"2026-06-18 07:42:42",0.75119,3,kagglestart
9879,16387543,"Anshul Mohan","2026-06-18 09:38:35",0.75119,3,anshulmohan
9880,16389407,Navanthiga,"2026-06-18 14:27:20",0.75119,1,navanthiga
9881,16389467,Joe722,"2026-06-18 15:33:26",0.75119,4,joe722
9882,16392446,"sebastian mendez77","2026-06-19 03:57:32",0.75119,1,sebastianmendez77
9883,4422395,"Fukui Kentaroh","2026-06-19 04:33:41",0.75119,2,fukuikentaroh
9884,16399260,"Utopia Az","2026-06-20 05:58:09",0.75119,1,utopiaaz
9885,16402992,hezhecong,"2026-06-20 15:33:21",0.75119,2,hezhecong
9886,16247726,ZhangQiuhan,"2026-06-20 23:24:59",0.75119,1,zhangqiuhan
9887,16414266,櫻田航平,"2026-06-22 12:24:24",0.75119,1,kohei39
9888,16421140,Manogna0_0,"2026-06-23 13:26:08",0.75119,1,manogna00
9889,16422940,"Radhika Kachare","2026-06-23 19:04:46",0.75119,1,radhikakachare
9890,16433387,"Suraj Gounder","2026-06-30 14:08:26",0.75119,4,surajgounder
9891,16433677,atlas2374,"2026-06-25 14:25:09",0.75119,1,atlas2374
9892,16438835,"Albin- Marie Babadankpodji","2026-06-26 15:02:55",0.75119,1,albinmarie
9893,16445940,"Marawan Abousoliman","2026-06-28 09:03:28",0.75119,1,marawanabousoliman
9894,16448045,"Kasper Reynders","2026-06-28 19:14:19",0.75119,2,kasperreynders
9895,16448185,"Valerii Pivovarov","2026-06-28 20:05:33",0.75119,1,valeriipivovarov
9896,15925019,dev-tt-star,"2026-06-28 23:58:07",0.75119,6,devttstar
9897,16427391,zassou,"2026-06-29 06:32:40",0.75119,4,zass0u
9898,16449638,"Meghna M Nambiar","2026-06-29 07:01:39",0.75119,2,meghnamnambiar
9899,16450453,"Duy Phạm #2","2026-06-29 09:56:11",0.75119,1,duypham171009393
9900,14113452,小幡拓実,"2026-06-30 07:49:28",0.75119,1,obaabii
9901,16460840,AlizehIntern,"2026-06-30 16:40:05",0.75119,1,alizehintern
9902,16464588,IgorNoobKiller,"2026-07-02 08:00:38",0.75119,2,igornoobkiller
9903,13705219,"Александр Антонов (POTS)","2026-07-04 16:35:45",0.75119,5,potsml
9904,16470069,"Mariem Gaber","2026-07-01 19:56:58",0.75119,1,mariemgaber
9905,16470998,yeonxae,"2026-07-02 01:38:55",0.75119,2,yeonxae
9906,16471186,G1251431571,"2026-07-02 03:40:04",0.75119,2,username1name
9907,16475493,AlgorithmicGrid,"2026-07-02 19:01:06",0.75119,1,algorithmicgrid
9908,16479552,ZH_chen226,"2026-07-03 03:08:27",0.75119,1,zhchen226
9909,16480257,"Wooseok Sim","2026-07-03 06:42:34",0.75119,1,wooseoksim
9910,16488627,alpha1942,"2026-07-05 07:40:53",0.75119,8,alpha1942
9911,16489372,"midhun m pillai","2026-07-05 09:34:11",0.75119,1,midhunmpillai
9912,16489850,"Uchiha Sasuke (uchiha)","2026-07-05 11:43:50",0.75119,1,uchihasasukeuchiha
9913,16492866,"Kulsum F","2026-07-06 05:02:37",0.75119,1,kulsumf
9914,16493195,"shimizu hono","2026-07-06 06:42:07",0.75119,1,shimizuhono
9915,16499212,岸本湧士郎,"2026-07-07 07:18:49",0.75119,1,yushiro20021111
9916,16501258,"adiy #2","2026-07-07 15:08:26",0.75119,1,adityagupta1802
9917,16501868,"Jishu jishu","2026-07-08 08:47:09",0.75119,2,jishujishu
9918,16505396,심마르뜨,"2026-07-08 02:32:42",0.75119,1,akdnfksn
9919,16505630,"CHAUDHARY HAARD","2026-07-08 03:19:54",0.75119,1,chaudharyhaard
9920,16043104,"Ruby Hall","2026-07-08 12:22:32",0.75119,1,rubyhall
9921,16509267,"Lidiya Mary A","2026-07-08 17:37:49",0.75119,1,lidiyamarya
9922,16511105,"Shunta Satoi #2","2026-07-09 07:02:53",0.75119,5,s54701
9923,16533151,"Leonid Wolsky","2026-07-11 18:13:40",0.75119,1,leonidwolsky
9924,16535401,gheytasvandi,"2026-07-12 13:56:42",0.75119,1,maryamfaraz
9925,14487153,"Hisyam Prasetyo","2026-07-12 15:48:24",0.75119,4,hisyamprasetyo
9926,16554528,AbhishekJ,"2026-07-16 10:01:57",0.75119,4,aj24abhi
9927,4362269,"Francisco #4","2026-07-16 14:59:14",0.75119,3,franciscoicmc
9928,16565254,"Sameer Chakravedi","2026-07-18 12:01:50",0.75119,3,sameerchakravedi
9929,16565747,"Tleukhanov Yeraly","2026-07-18 14:28:00",0.75119,1,tleukhanovyeraly
9930,16568871,"Archie Collison","2026-07-19 07:22:56",0.75119,1,archiecollison
9931,16581269,"Priyansu S","2026-07-21 13:36:41",0.75119,2,priyansu7
9932,16583020,"Allan Fernandes","2026-07-21 19:45:02",0.75119,3,allanf33
9933,16585603,EZJacksonWang,"2026-07-22 12:08:18",0.75119,1,ezjacksonwang
9934,16589392,Aastha_Chauhan.289,"2026-07-23 10:09:51",0.75119,1,aasthachauhan289
9935,16592850,beebzo,"2026-07-24 08:33:18",0.75119,5,beebzo
9936,16596491,"Josh Antony","2026-07-25 01:50:50",0.75119,1,joshantony
9937,16597591,"Sehrish Binte Asghar","2026-07-25 08:09:50",0.75119,1,sehrishbinteasghar
9938,16595431,Acacia21-code,"2026-07-25 21:56:33",0.75119,1,acacia21
9939,16601745,yucar,"2026-07-26 12:06:29",0.75119,1,juancarlosyu
9940,16604683,"Muhammad Zalan","2026-07-27 09:35:54",0.75119,2,mohammadzalan1
9941,16605481,raiwjriaf,"2026-07-27 11:40:49",0.75119,1,raiwjriaf
9942,16607538,nojongsu,"2026-07-28 02:16:25",0.75119,2,nojongsu
9943,16607527,HYEUNWOO,"2026-07-28 02:10:18",0.75119,3,hyeunwoo
9944,16607523,kyd1223,"2026-07-28 02:11:12",0.75119,2,kyd1223
9945,16607532,"chatt syuu","2026-07-28 02:12:48",0.75119,3,chattsyuu
9946,16607530,Gwakjunyeong,"2026-07-28 02:11:24",0.75119,2,gwakjunyeong
9947,16607520,Dieyoung1212,"2026-07-28 02:11:35",0.75119,2,dieyoung1212
9948,16607536,annchae,"2026-07-28 02:11:52",0.75119,2,annchae
9949,16607524,DohyeonHong,"2026-07-28 02:12:12",0.75119,3,dohyeonhong
9950,16607516,nuluk,"2026-07-28 02:12:24",0.75119,3,nuluks
9951,16607537,lara812,"2026-07-28 02:14:06",0.75119,3,lara812
9952,16607528,getupsun,"2026-07-28 02:14:12",0.75119,3,getupsun
9953,16607539,ROHJIHYE,"2026-07-28 02:14:16",0.75119,2,rohjihye
9954,16607534,"Realistic Dreamer","2026-07-28 02:15:08",0.75119,3,realisticdreamer
9955,16607540,"suyeon #2","2026-07-28 02:15:24",0.75119,2,sususuyeon
9956,7973159,kangkn,"2026-07-28 02:19:46",0.75119,3,kangkn
9957,16607533,errorzz,"2026-07-28 02:19:49",0.75119,2,errorzz
9958,16607976,moonheehyun,"2026-07-28 04:57:03",0.75119,3,moonheehyun
9959,16610252,Jeramz,"2026-07-28 15:29:52",0.75119,1,jeramz
9960,16610255,"Christo Hnamte","2026-07-28 15:30:28",0.75119,1,christohnamte
9961,16612080,"vanlal hruaii","2026-07-29 05:11:32",0.75119,1,vanlalhruaii
9962,16612087,"Ruata Sailo","2026-07-29 05:12:33",0.75119,1,ruatasailo
9963,16612116,Shibyllien,"2026-07-29 05:27:26",0.75119,1,shibyllien
9964,16625777,MikuSoKawaii,"2026-07-31 07:13:29",0.75119,1,mikusokawaii
9965,16633619,Arteime,"2026-08-01 19:41:26",0.75119,2,arteime
9966,16126954,"Felipe Louredo #2","2026-08-01 03:50:46",0.75119,2,felipelouredo
9967,15985831,eme,"2026-08-01 05:53:54",0.75119,2,yamatoso
9968,16638745,"Riko 111","2026-08-01 17:27:54",0.75119,1,riko111
9969,16626073,runnta,"2026-08-02 10:39:02",0.75119,3,runnta
9970,16651992,"Vu Duc Tran","2026-08-03 10:12:02",0.75119,1,ducbanh52
9971,15384019,"Luis Adrian Balbuena","2026-08-04 02:36:48",0.75119,4,luisadrianbalbuena
9972,16656166,"Miercoles Louchet","2026-08-04 03:18:50",0.75119,1,miercoleslouchet
9973,16657010,ninja_nexus,"2026-08-04 05:32:03",0.75119,1,ninjanexus
9974,16658701,"Cường Tạ Hữu (iTCuong)","2026-08-04 08:29:33",0.75119,1,cngthuitcuong
9975,16663082,skrsumit250,"2026-08-04 19:02:00",0.75119,1,itssumit
9976,16665088,"Anant kumar","2026-08-05 05:26:34",0.75119,1,anantkumar
9977,16680741,R.TocoToucan,"2026-08-07 02:29:23",0.75119,1,rtocotoucan
9978,16691971,"Trọng Đức Nguyễn","2026-08-08 16:37:59",0.75119,1,tducnguyen2905
9979,16693620,linweiw,"2026-08-09 04:08:30",0.75119,1,linweiw
9980,16694853,"Michael Pirson","2026-08-11 17:57:26",0.75119,4,michaelpirson
9981,16696140,"Zack Shai","2026-08-09 13:48:01",0.75119,2,zackshai
9982,10509372,takikomiudon,"2026-08-10 04:10:58",0.75119,1,takikomiudon
9983,16702185,Soumitra32,"2026-08-10 16:23:51",0.75119,1,soumitra32
9984,16704574,"Boogeyman Man","2026-08-11 23:05:07",0.75119,2,boogey004
9985,16709777,Thau12,"2026-08-12 02:40:21",0.75119,9,thau12
9986,16710674,"Azeem Yaseen","2026-08-12 06:16:27",0.75119,1,azeemyaseen
9987,16715208,"Chanel Clarke","2026-08-13 01:26:57",0.75119,1,chanelclarke
9988,16716832,Micheal0309,"2026-08-13 09:50:59",0.75119,1,micheal0309
9989,16073679,延禧攻略,"2026-06-15 11:32:14",0.74880,4,yxtyxt114514
9990,16359491,"Riya Bhurse","2026-06-15 12:53:22",0.74880,1,riyabhurse369
9991,16367709,Deb_28082004,"2026-06-15 18:19:49",0.74880,1,deb28082004
9992,16367847,"Abdul Noushad","2026-06-15 19:08:31",0.74880,2,abdulnoushad
9993,16367942,"Samarth Pusalkar","2026-06-15 21:50:09",0.74880,7,samarthpusalkar
9994,15913153,"Fayaz Ali Muktadir","2026-06-16 07:18:23",0.74880,1,problemthinkerbox
9995,16371013,"Its Sina SadeghiPour","2026-06-16 09:57:24",0.74880,1,itssinasadeghipour
9996,16376381,SaadKhairullah67,"2026-06-17 02:06:12",0.74880,1,saadkhairullah67
9997,16322851,jindongtian,"2026-06-17 12:35:32",0.74880,1,jindongtian
9998,16391115,"Lucas Danziger","2026-06-18 20:35:53",0.74880,1,lucasdanziger
9999,16393452,M18B0919,"2026-06-19 08:05:19",0.74880,1,m18b0919
10000,16393482,jackyCSTkU,"2026-06-19 08:11:34",0.74880,1,jackycstku
10001,16393581,XIALIYANG,"2026-06-19 08:40:33",0.74880,2,xialiyang
10002,16393670,KylinJ0817,"2026-06-19 08:55:59",0.74880,1,kylinj0817
10003,16393710,"Ryosuke Takese","2026-06-19 09:06:02",0.74880,1,takeseryosuke
10004,16393775,redmouse128,"2026-06-19 09:18:13",0.74880,1,redmouse128
10005,16393979,T_Kawano0202,"2026-06-19 09:58:19",0.74880,1,tkawano0202
10006,16394069,TSUNODA　SOU,"2026-06-19 10:14:52",0.74880,1,tsunodasou
10007,16394096,mini0504,"2026-06-19 10:20:33",0.74880,1,mini0504
10008,16394161,Kodanuki,"2026-06-19 10:36:36",0.74880,1,kodanuki
10009,16394123,meikou39,"2026-06-19 10:37:52",0.74880,2,meikou39
10010,16394168,"Okumura Yudai","2026-06-19 10:38:01",0.74880,1,okumurayudai
10011,16394183,水谷太耀,"2026-06-19 10:41:44",0.74880,1,c612634025
10012,16394247,shotamorimori,"2026-06-26 09:53:31",0.74880,3,shotamorimori
10013,16394324,"Chazono Yuto","2026-06-19 11:16:59",0.74880,1,chazonoyuto
10014,16394368,"Toku-Chen Ji","2026-06-19 11:27:23",0.74880,1,tokuchenji
10015,16394456,"hoshino toi","2026-06-19 12:08:51",0.74880,2,hoshinotoi
10016,16394480,AdithiJahnavi,"2026-06-19 12:46:19",0.74880,2,adithijahnavi
10017,16395063,藤本瑞輝,"2026-06-19 14:38:11",0.74880,2,fujimotomizuki
10018,16400748,"shoki yariba","2026-06-20 09:50:19",0.74880,2,shokiyariba
10019,16401870,JUMP9797,"2026-06-21 15:59:48",0.74880,3,jump9797
10020,16405549,鍵野　流空,"2026-06-21 05:05:15",0.74880,1,kagino
10021,16405654,"Daichi Fujioka","2026-06-21 05:31:07",0.74880,1,daichifujioka
10022,16406947,吉岡孝将,"2026-06-21 09:58:41",0.74880,1,c612636027
10023,16407146,"Takumi Matsuura","2026-06-21 10:43:29",0.74880,1,c6126330031
10024,16407346,kane_chobi,"2026-06-21 11:19:42",0.74880,1,kanechobi
10025,16407745,"Arata Kuramoto","2026-06-21 12:21:45",0.74880,3,aratakuramoto
10026,16408173,Sakshitha,"2026-06-21 13:20:27",0.74880,1,sakshithasree
10027,16409903,mushroom80o,"2026-06-21 17:52:52",0.74880,1,mushroom80o
10028,16409917,kaggle9314,"2026-06-21 17:53:55",0.74880,1,kaggle9314
10029,16410054,唐住真衣,"2026-06-21 18:10:53",0.74880,1,maikarasumi
10030,16410065,"Fujiwara Ryota","2026-06-21 18:13:27",0.74880,1,fujiryooo
10031,16410272,"Kawashima Kazuto","2026-06-21 19:16:19",0.74880,2,kawashimakazuto
10032,16410999,光畑圭恭,"2026-06-21 22:55:13",0.74880,1,keisukemitsuhata
10033,16415651,Fislet,"2026-06-22 16:10:50",0.74880,1,fislet
10034,16419939,"Xing Chun Sia","2026-06-23 09:21:04",0.74880,1,xingchunsia
10035,16420359,yanzhipeng,"2026-06-23 10:42:06",0.74880,1,yanzhipeng
10036,16420771,"Anzarez Saka Hiragizawa","2026-06-23 12:14:59",0.74880,2,anzarezsaka
10037,16426016,"Bano Rani","2026-06-24 07:54:45",0.74880,1,banorani
10038,16428838,"Chisato SUNAMI","2026-06-24 16:57:34",0.74880,1,abco1234
10039,16429382,"FahimurRahman1973 ","2026-06-24 18:59:33",0.74880,1,fahimurrahman1973
10040,16430476,"Janice Cotto","2026-06-25 01:37:23",0.74880,1,janicecotto
10041,16433570,"Marco Vleeming","2026-06-25 16:55:33",0.74880,4,marcovleeming
10042,16434901,"Zeming Zhong","2026-06-25 19:17:26",0.74880,2,zemingzhong
10043,16435057,NilsMA,"2026-06-25 20:20:54",0.74880,2,nilsma
10044,16437167,"Keito Ueno","2026-06-26 08:59:26",0.74880,3,keitoueno
10045,16439283,"Unknown Trash","2026-06-26 15:55:38",0.74880,1,unknowntrash
10046,16444048,"issam #2","2026-06-27 17:39:26",0.74880,2,issam666
10047,16448543,DandanLeinad,"2026-06-29 01:24:42",0.74880,2,dandanleinad
10048,16263329,Ayush919293,"2026-06-29 22:59:00",0.74880,1,ayush919293
10049,16464196,"Mudassar Zulfiqar","2026-07-01 07:27:15",0.74880,1,mudassarzulfiqar
10050,16465391,"Madhav Singla","2026-07-01 10:57:29",0.74880,1,madhavsingla7
10051,9238164,ohroyyang,"2026-07-02 12:29:24",0.74880,1,ohroyyang
10052,16472476,"Muhammad Saad Anwar","2026-07-04 06:52:43",0.74880,2,muhammadsaadanwar
10053,16487112,jackFlatley,"2026-07-04 18:07:25",0.74880,1,jackflatley
10054,16495622,Afifaa24,"2026-07-06 14:57:03",0.74880,1,afifaa24
10055,16486807,"Renan Almeida","2026-07-06 22:46:28",0.74880,2,renamdom
10056,15688742,YW_o2@begginer,"2026-07-07 13:10:57",0.74880,1,yusansoo2
10057,16503326,"Алия Хасанова","2026-07-07 19:31:10",0.74880,1,darkcherry
10058,16403879,中嶋亮太,"2026-07-10 08:06:52",0.74880,3,c612634049
10059,16508512,"Ayoola Samuel Jeremiah","2026-07-10 11:06:52",0.74880,2,ayoolasamueljeremiah
10060,16531156,"Pratham Rajak","2026-07-11 07:03:19",0.74880,1,prathamrajak
10061,16536793,TSUBASA_KIDO,"2026-07-13 00:14:20",0.74880,1,tsubasakido
10062,16538363,Viper3_,"2026-07-13 09:20:11",0.74880,2,zealjadejourney
10063,16549324,"Srushti GN","2026-07-15 06:32:37",0.74880,1,srushtigod1
10064,2032259,"The Cheat","2026-07-16 05:24:29",0.74880,2,labskp
10065,16553661,"Muhamad Fathul Farhi","2026-07-16 06:26:32",0.74880,1,muhamadfathulfarhi
10066,16556921,"Lamaq Dahodwala","2026-07-16 21:34:39",0.74880,1,lamaqdahodwala
10067,16582948,"DHIYA S URK25AI1140","2026-07-21 18:21:44",0.74880,1,dhiyasurk25ai1140
10068,16586189,"Parth Tambe","2026-07-22 14:37:59",0.74880,1,parthtambe
10069,16589611,"Lewis Poots","2026-07-23 11:55:40",0.74880,2,lewispoots
10070,16589886,nihatfurkan,"2026-07-23 12:59:02",0.74880,1,nihatfurkan
10071,16406815,T.Ogw.04,"2026-07-24 06:23:45",0.74880,6,togw04
10072,16592557,"Jinjing Li","2026-07-24 07:34:03",0.74880,1,jinjingli2026
10073,16593054,liuzhengjiang,"2026-07-24 09:12:56",0.74880,1,liuzhengjiang
10074,16598837,"MD Abdul Aziz","2026-07-25 14:23:28",0.74880,1,tawsifahmed47013
10075,16607078,"Thiago Ramos","2026-07-27 20:31:37",0.74880,1,samthiago
10076,16623044,"Fatima Malik #2","2026-07-30 20:29:27",0.74880,1,fatimaliks24
10077,16639481,KENS,"2026-08-02 00:03:26",0.74880,1,kenssk
10078,16639668,"Nao #3","2026-08-02 02:26:33",0.74880,1,nao923
10079,16652894,"muhammad ali #3","2026-08-03 13:41:42",0.74880,1,muhammadali22416
10080,15181508,"Munir Ghanem","2026-08-03 14:24:57",0.74880,1,munirghanem
10081,16653478,"Ismail Hossain Shafi","2026-08-03 15:59:47",0.74880,1,ismailhossainshafi
10082,16655234,"Shafiq Musallam","2026-08-03 22:12:14",0.74880,1,shafiqmusallam
10083,16657190,bphnqnhnh13,"2026-08-04 05:59:57",0.74880,3,bphnqnhnh13
10084,16668581,"Dhanalakshmi B","2026-08-05 15:17:34",0.74880,1,dhana62007
10085,16669078,yeyeye111,"2026-08-05 16:35:03",0.74880,1,yeyeye111
10086,16688085,ambatucode,"2026-08-07 23:10:12",0.74880,2,ambatucode
10087,16690035,"K_SHUBHAM KUMAR_","2026-08-08 09:03:45",0.74880,1,kshubhamkumar
10088,16693032,elenadj,"2026-08-08 22:10:02",0.74880,1,elenadj
10089,16693981,"Yash Goswami #4","2026-08-09 05:45:52",0.74880,1,yashgoswami2007
10090,16696907,"Narra Satya Dev","2026-08-09 15:52:52",0.74880,1,narrasatyadev
10091,16701505,"zukado tiqao","2026-08-10 13:45:00",0.74880,1,hiddenmind
10092,16707029,"Lê Tuấn Dương","2026-08-11 10:16:50",0.74880,2,leetundng
10093,16709707,yohaku999,"2026-08-12 00:08:42",0.74880,2,yohaku999
10094,16710405,"Davidson Rafael","2026-08-12 05:07:03",0.74880,2,davidsonrafaelkn
10095,16712341,"Live Nitz","2026-08-12 11:55:55",0.74880,1,livenitz
10096,16713326,Jainamkarania2000,"2026-08-12 16:53:54",0.74880,3,jainamkarania2000
10097,16713897,DavitPoghosyan2007,"2026-08-12 18:17:43",0.74880,1,davitpoghosyan2007
10098,16712812,Mohamed_ALmansop,"2026-08-13 18:33:41",0.74880,4,"mahmoudalalwani,mohamedalmansop"
10099,6310862,"Gigin George Mathew","2026-08-14 03:21:55",0.74880,4,gigingeorgemathew
10100,16259979,"Shivam kumar ","2026-06-16 09:20:21",0.74641,1,shivamsingh811307
10101,16283001,"Yufei Wu","2026-06-17 01:19:40",0.74641,2,yufeiwu0901
10102,16004082,wada0000,"2026-06-21 15:19:29",0.74641,5,wadama
10103,16427925,"Stephen Rogers","2026-06-24 14:09:51",0.74641,1,kxneki
10104,6371400,"Katsube Toshiki","2026-06-25 04:02:45",0.74641,1,katsubetoshiki
10105,16435680,"Marcos Santiago Ruiz","2026-06-26 01:34:59",0.74641,1,marcossantiagoruiz
10106,11678703,"Mustafa Kayikci","2026-06-26 19:55:22",0.74641,1,mustafakayikci
10107,16443164,アライグマ,"2026-06-27 13:05:10",0.74641,1,alaiguma
10108,12434540,"Talha TURSUN","2026-06-29 07:58:28",0.74641,1,talhatursun
10109,16452757,"JJ Deng8","2026-06-29 17:32:12",0.74641,1,jjdeng8
10110,16459574,"Kuzmin Rodion","2026-06-30 12:59:45",0.74641,1,kuzminrodion
10111,16465471,"NIHARIKA Penta","2026-07-01 11:17:47",0.74641,1,niharikapenta
10112,16483489,"Ak Saiful","2026-07-03 20:21:24",0.74641,1,aksaiful
10113,16487651,Ethan_Xu,"2026-07-04 20:42:04",0.74641,1,ethanxu789
10114,16489887,"yyyq heyext","2026-07-05 11:55:02",0.74641,1,yyyqheyext
10115,16492009,"Ahmad Maruf Hossain","2026-07-06 00:01:14",0.74641,1,spicyfalcon
10116,16493248,adikowa,"2026-07-06 09:35:43",0.74641,4,adikowa
10117,16496447,"Денис Козырь","2026-07-06 19:51:22",0.74641,2,hobgob
10118,16501314,AskoPavel,"2026-07-07 15:23:45",0.74641,1,askopavel
10119,16319368,hamedmiri72,"2026-07-08 21:16:57",0.74641,1,hamedmiri72
10120,16511774,haihai12325,"2026-07-09 08:49:40",0.74641,1,haihai12325
10121,16532421,Dan_Chan_Verse,"2026-07-11 13:48:56",0.74641,1,danchanverse
10122,16532716,"Tasmin Ara Chowdhury","2026-07-11 15:26:33",0.74641,1,tasminarachowdhury
10123,16532935,"Swaiba Naz","2026-07-11 17:17:49",0.74641,2,swaibanaz
10124,16534991,"Ansh Raj","2026-07-12 11:24:45",0.74641,1,anshrajkaggleml
10125,16536291,"Ruben Guachalla","2026-07-12 18:40:02",0.74641,1,rubenguachallac
10126,16537376,"Nhi Nguyen192","2026-07-13 04:33:03",0.74641,1,nhinguyen192
10127,16538444,wuyingtong,"2026-07-13 09:05:57",0.74641,1,wuyingtong
10128,16540442,"André do Prado e Assis","2026-07-13 17:30:25",0.74641,2,andrdopradoeassis
10129,16541355,Research@Astrolabium,"2026-07-13 23:02:46",0.74641,1,researchastrolabium
10130,11459157,Guhankarthik,"2026-07-14 13:25:01",0.74641,1,guhankarthik
10131,16555150,"Миша Ефремов","2026-07-16 12:51:22",0.74641,1,mikle1
10132,16560824,EliezerdoBrasil,"2026-07-17 19:26:50",0.74641,1,eliezerdobrasil
10133,16578020,"Ishidevesh Behera","2026-07-21 00:09:29",0.74641,1,ishideveshbehera
10134,16582232,JoseSalazarC09,"2026-07-21 15:55:19",0.74641,1,josesalazarc09
10135,16583748,"Timofey Kountikov","2026-07-22 01:05:49",0.74641,1,timofeykountikov
10136,16583775,"Aakarsh Kachalia","2026-07-22 01:29:47",0.74641,1,aakarshkachalia
10137,16587474,"Anvitha Tamada","2026-07-22 21:40:01",0.74641,1,anvithatamada
10138,16587617,"Jenna Xiao","2026-07-22 23:59:49",0.74641,1,jennaandshrimp
10139,16587947,"Rishita Sharma","2026-07-23 02:35:18",0.74641,1,rishitasharma810
10140,16589189,"Maro Hack","2026-07-23 09:11:40",0.74641,1,marohack
10141,16589207,"­김시현 / 학생 / 첨단융합학부","2026-07-23 09:25:38",0.74641,1,sahan06
10142,16443902,"Priyan Anbarasu","2026-07-23 13:27:58",0.74641,2,priyananbarasu
10143,16591307,"Pranav Karthik ","2026-07-23 22:53:51",0.74641,1,pranfnfnfnfn
10144,16593792,"Dmitrii #5","2026-07-24 13:42:57",0.74641,3,dgmitrii
10145,16596400,"Penny Park","2026-07-25 01:10:28",0.74641,1,pennypark
10146,16597095,stanleytengg,"2026-07-25 05:54:26",0.74641,1,stanleytengg
10147,16597694,"Aarush Singh","2026-07-25 08:49:49",0.74641,1,aarushsinghhvk19
10148,16600286,"Bowen Chen #2","2026-07-26 03:54:59",0.74641,1,tempestsusurrus
10149,16600373,"Jeffery Wang #2","2026-07-26 04:51:06",0.74641,1,jefferywang12345
10150,16602729,"Aadi Bhatia","2026-07-26 17:31:58",0.74641,1,aadibhatia
10151,16604062,hcbggcpf,"2026-07-31 10:27:38",0.74641,2,hcbggcpf
10152,16604340,g26001ay,"2026-07-27 10:34:01",0.74641,5,g26001ay
10153,16606459,Courtney,"2026-07-27 16:38:22",0.74641,1,courtney7
10154,16602254,"Walker Hawley","2026-07-28 00:34:23",0.74641,1,walkerhawley
10155,16607521,Pgst8906,"2026-07-28 02:11:30",0.74641,3,pgst8906
10156,16609435,"Nabhag Sorathiya","2026-07-28 11:38:42",0.74641,1,nabhagsorathiya
10157,16616582,"Kenley Golembeski","2026-07-30 01:19:11",0.74641,1,kenleygolembeski
10158,16631628,"YOUNUS KURAKULA","2026-08-01 05:50:14",0.74641,2,younuskurakula
10159,16636183,zywarz,"2026-08-01 12:58:11",0.74641,2,zywarz
10160,16639208,"Pranav B.","2026-08-01 20:25:57",0.74641,1,pranav576
10161,16649679,"Ethan Hong #2","2026-08-03 07:31:15",0.74641,1,mrscribbles
10162,16651902,"Mehanik 1","2026-08-03 10:01:06",0.74641,1,mehanik1
10163,16652932,"Aum Menon","2026-08-03 13:49:51",0.74641,1,aummenon
10164,16662074,"Dhanya Yadav","2026-08-06 06:10:02",0.74641,2,dhanyayadav
10165,16670752,MoyashinoMori,"2026-08-05 22:48:57",0.74641,1,moyashinomori
10166,16675129,"Sơn Lê Năng","2026-08-06 11:38:18",0.74641,1,snlnng
10167,16686971,"Jalal Hussain","2026-08-07 17:59:21",0.74641,1,jalalhussain001
10168,16688655,"Eryang Deng","2026-08-08 03:46:02",0.74641,1,eryangdeng
10169,880764,aryacgs,"2026-08-09 12:49:27",0.74641,1,"aryacgs,widyaningsari"
10170,11421255,alm00s,"2026-08-10 05:24:50",0.74641,1,alm00s
10171,16699733,"Zheng Haofu","2026-08-10 07:52:59",0.74641,1,haofuzheng26629
10172,16702273,"Parv_Jain ","2026-08-10 16:52:09",0.74641,1,parvjain2
10173,13986278,nusinji,"2026-08-12 14:21:13",0.74641,1,nusinji
10174,16716863,A.RUTHVIK,"2026-08-13 10:24:47",0.74641,1,aruthvik
10175,16717415,jinjianfeng,"2026-08-13 12:55:27",0.74641,1,xianzhuooo
10176,16377829,MS__03,"2026-06-17 05:29:31",0.74401,1,ms0303
10177,16298763,cobrxDD,"2026-06-18 10:09:20",0.74401,2,cobrxdd
10178,16369734,"Jasmin Hills","2026-06-18 14:07:04",0.74401,2,jasminhills
10179,16395511,QINFEIGE,"2026-06-19 15:46:53",0.74401,1,qinfeige
10180,16401479,"Nao Aki","2026-06-20 10:59:49",0.74401,1,naoackey
10181,16401596,bob112250,"2026-06-20 11:21:05",0.74401,1,bob112250
10182,16092311,ljr271199,"2026-06-21 06:21:39",0.74401,1,ljr271199
10183,16411315,yooseunghun,"2026-06-22 01:40:45",0.74401,1,yooseunghun
10184,16374042,"Zhongpei Zhang","2026-06-23 08:32:00",0.74401,2,zhongpeizhang
10185,16425478,"Mor Mayer","2026-06-24 06:01:28",0.74401,1,mormayer
10186,16435799,"Haihao Wang","2026-06-26 02:33:08",0.74401,1,haihaowang
10187,16441714,Joseph.Ya,"2026-06-27 07:12:24",0.74401,1,josephya
10188,16442544,"Ganesh Kadechur","2026-06-27 09:59:18",0.74401,1,ganeshkadechur
10189,16443173,"Akif Güçyener","2026-06-27 13:18:25",0.74401,2,akifgyener
10190,16445888,PAYAL_2411,"2026-06-28 08:47:25",0.74401,1,payal2411
10191,16464710,gjngjn123,"2026-07-01 08:52:59",0.74401,1,gjngjn123
10192,16468177,"Joshua Kim Kwan","2026-07-01 16:21:58",0.74401,1,joshuakimkwan
10193,16470569,"Djebir Raounak","2026-07-01 23:05:25",0.74401,2,djebirraounak
10194,16478045,caihaohong16,"2026-07-03 01:35:05",0.74401,1,caihaohong16
10195,16482351,"Miguel Placido","2026-07-03 15:15:27",0.74401,1,miguelplacido
10196,16483135,"Amir Sohail 122","2026-07-03 17:56:27",0.74401,1,amirsohail122
10197,16486375,"Parmeet Singh #4","2026-07-04 14:42:41",0.74401,2,parmeetsingh8544
10198,16487730,"Natalie Ogungbade","2026-07-04 21:35:51",0.74401,1,natalieogungbade
10199,16489980,"Chetan Reddy #2","2026-07-05 12:21:24",0.74401,1,chetanreddy3147
10200,16505901,Yatrik1502,"2026-07-08 04:08:47",0.74401,1,yatrik1502
10201,16509754,Thomas_here,"2026-07-08 20:42:12",0.74401,1,thomashere
10202,16514337,"Girisha_2025 DSC","2026-07-09 22:28:52",0.74401,1,girisha2025dsc
10203,16516442,always233,"2026-07-10 11:35:20",0.74401,1,always233
10204,16516658,MIYINKS,"2026-07-10 13:02:26",0.74401,2,miyinks
10205,16537197,"Dharmendra Gaur","2026-07-13 03:23:31",0.74401,1,dharmendragaur
10206,16540024,"Islem Ben moussa","2026-07-13 15:33:26",0.74401,1,islembenmoussa
10207,16541199,andrewrobertmadsen,"2026-07-13 22:09:55",0.74401,1,andrewrobertmadsen
10208,16548917,"Михаил Подболотов","2026-07-15 04:59:04",0.74401,2,podbolotov
10209,16555419,"Ubiratan Tavares","2026-07-16 14:00:58",0.74401,1,ubiratan1973
10210,16564990,"Viorel Bivol","2026-07-18 11:12:16",0.74401,1,viorelbivol
10211,16571008,"Tiago Maus","2026-07-19 15:46:28",0.74401,1,tiagomaus
10212,16574607,"Maurizio #2","2026-07-20 09:41:13",0.74401,1,maurizioweb
10213,16573757,kohta3,"2026-07-20 12:54:34",0.74401,4,kohta3
10214,16577316,Marcely,"2026-07-20 22:21:57",0.74401,2,marcely
10215,15328851,"Мария Васильева","2026-07-21 13:04:00",0.74401,1,mariartema
10216,16586257,Ashmitha12,"2026-07-22 14:56:04",0.74401,1,ashmitha12
10217,16589227,Koreyoshi1234,"2026-07-23 09:23:29",0.74401,1,koreyoshi1234
10218,16594740,"Camille Soares","2026-07-24 18:00:52",0.74401,1,camillesoares
10219,16597578,"Sakshi Sharma #3","2026-07-25 08:08:20",0.74401,1,sakshisharmacareers
10220,15066901,savatheowl,"2026-07-30 10:21:51",0.74401,2,savatheowl
10221,16623933,ykzhang111,"2026-07-31 03:52:52",0.74401,2,ykzhang111
10222,14610378,orzthxuan,"2026-08-01 16:33:21",0.74401,2,orzthxuan
10223,16625025,"Enow Orock","2026-07-31 06:26:18",0.74401,1,enoworock
10224,16633820,"t yanghh","2026-08-01 00:44:48",0.74401,1,tyanghh
10225,16639555,"Hassaan Majeed","2026-08-02 01:11:15",0.74401,1,hassaanmajeed
10226,16659721,매운맛수박,"2026-08-04 10:29:28",0.74401,1,forlsk
10227,16686218,chekalexey,"2026-08-07 15:57:15",0.74401,2,chekalexey
10228,16690684,"Abdullah Siddiqui","2026-08-08 11:22:03",0.74401,1,abdullahsiddi
10229,16695071,"Amaechi-obiozor Somtochukwu","2026-08-09 09:51:29",0.74401,1,majorbankz
10230,16696630,"parvathi pradeep","2026-08-09 15:00:12",0.74401,1,parvathipradeep
10231,16702101,"Ni Putu Ayu Sundari","2026-08-11 03:56:05",0.74401,2,niputuayusundari
10232,16706190,Piyushkumar0027,"2026-08-11 07:16:17",0.74401,1,piyushkumar0027
10233,16711327,LightofTheMoon,"2026-08-12 07:43:20",0.74401,1,lightofthemoon
10234,16353450,liujs,"2026-06-15 06:58:52",0.74162,1,liujinsheng
10235,16362247,"Heet Purohit","2026-06-15 14:43:34",0.74162,1,heetpurohit
10236,16368909,"Mateo Soria","2026-06-16 03:17:33",0.74162,1,mateosoria
10237,16372042,"Sapna Choudhary","2026-06-16 12:48:29",0.74162,1,sapnachoudhary4343
10238,16372066,tungjk,"2026-06-16 12:50:33",0.74162,1,tungjk
10239,16376104,"Julio Cardoso","2026-06-17 01:39:44",0.74162,2,jcarsan
10240,16376919,"Nathan #12","2026-06-17 03:34:34",0.74162,1,nschoppa
10241,16393593,wmh0331,"2026-06-19 08:40:38",0.74162,1,wmh0331
10242,16394081,Zhengine,"2026-06-19 10:18:35",0.74162,1,zhengine
10243,16394107,"Osaka Shion","2026-06-19 10:24:05",0.74162,1,shion131203
10244,16400806,Kuljitkaur_001,"2026-06-20 09:05:26",0.74162,1,kuljitkaur001
10245,16414224,"Григорий Карабанович","2026-06-22 12:15:39",0.74162,1,grigakarbon
10246,16415615,"Thanh Cong Hoang","2026-06-22 16:06:05",0.74162,1,thanhconghoang
10247,16263348,mediumGuy,"2026-06-23 04:24:24",0.74162,1,mediumguy
10248,16419090,Ilja97,"2026-06-23 07:02:54",0.74162,1,ilja97
10249,16419508,"Pamoda Madhushani","2026-06-23 08:19:50",0.74162,2,pamodamadhushani
10250,16423802,Ilovemom0108,"2026-06-23 20:42:56",0.74162,1,rolendstewart
10251,16426655,"Hilal Özhan","2026-06-24 09:52:34",0.74162,1,hilalozhan
10252,16434485,KBTU_BStat_Kazhymukhan_Kalauov,"2026-06-25 17:28:13",0.74162,1,korzh667
10253,16448449,"Lee Shaw","2026-06-28 22:47:51",0.74162,1,leeshawau
10254,16452484,"Dmitry Ryazhskikh","2026-06-29 16:19:08",0.74162,1,dmitryryazhskikh
10255,14578716,"Nikolay Durasov","2026-07-01 13:25:45",0.74162,1,nikolaydurasov
10256,16491711,Amihyiikkj,"2026-07-05 20:47:45",0.74162,1,fredhhuuuj
10257,16494958,Apr1L,"2026-07-06 12:40:29",0.74162,1,apr1214
10258,16501207,"Sadman Rhyme","2026-07-07 14:53:29",0.74162,1,sadmanrhyme
10259,16506673,"Anusha Savithri","2026-07-08 07:07:48",0.74162,1,anushasavithri
10260,16508099,"Qudsia Aqeel","2026-07-08 12:37:18",0.74162,1,qudsiaaqeel
10261,16513661,"Luke Wharton","2026-07-09 17:37:51",0.74162,1,lukecwharton
10262,16514195,"Maria Santos382","2026-08-05 16:11:56",0.74162,3,mariasantos382
10263,16515852,山口　晴哉,"2026-07-10 08:23:32",0.74162,1,c612632010
10264,15225066,"Joel Opoku","2026-07-15 23:34:23",0.74162,10,joelopoku
10265,16549447,ChaunceyT,"2026-07-15 07:01:48",0.74162,1,chaunceyt
10266,16573091,Eason-Jiang,"2026-07-20 03:30:09",0.74162,1,easonprojects
10267,16577320,"Sebastián Silva García","2026-07-20 22:22:08",0.74162,1,sebastinsilvagarca
10268,16578208,"Shruti Singh #5","2026-07-21 02:23:42",0.74162,1,shrutistired
10269,16583495,"Gustavo Coutinho #3","2026-07-21 22:50:48",0.74162,1,gustavocoutinho77
10270,16589262,Allergy0971,"2026-07-23 09:31:48",0.74162,1,allergy0971
10271,16607935,"Alex Sorrells","2026-07-28 04:38:51",0.74162,1,alexsorrells
10272,16612924,"Wajiha Khan_math","2026-07-29 09:27:15",0.74162,1,wajihakhan06
10273,16613253,"MAEDA CHIAKI","2026-07-29 11:05:16",0.74162,1,maedachiaki
10274,16630087,Mohamedmhamdii,"2026-07-31 10:47:33",0.74162,3,mohamedmhamdii
10275,16635490,"Vaishali G. Sunepwar","2026-08-01 09:42:32",0.74162,1,vaishaligsunepwar
10276,16614125,"H A S I L","2026-08-01 14:47:31",0.74162,1,haaazziy
10277,16639791,"Agam Sama","2026-08-02 03:40:40",0.74162,1,asama14916
10278,16643387,STron07,"2026-08-02 16:32:35",0.74162,1,urtechtips
10279,16645830,"Goutam sharma","2026-08-03 04:48:49",0.74162,1,goutamsharma12
10280,16701506,"Vignesh M #3","2026-08-10 13:45:10",0.74162,1,vigneshmoorthy10
10281,16706978,"Md Tarek Mahmud","2026-08-11 10:02:26",0.74162,1,mdtarekmahmud17
10282,16715183,"Ellen Pinto","2026-08-13 01:22:11",0.74162,1,ellenpinto
10283,16715219,"Winny Oo","2026-08-13 01:33:45",0.74162,1,winnyoo
10284,16719371,Jayson644,"2026-08-14 01:28:20",0.74162,1,jayson644
10285,16361308,"Erasmus Kahane","2026-06-15 14:07:47",0.73923,1,erasmuskahane
10286,16346695,"Jessica Gonzaca","2026-06-16 02:18:58",0.73923,1,jessicagonzaca
10287,16371161,"hongliang lin","2026-06-16 10:29:21",0.73923,2,honglianglin
10288,16375711,"Ved Vainateya","2026-06-16 23:39:17",0.73923,1,vedvainateya
10289,16385826,Castillo0315,"2026-06-18 03:17:00",0.73923,1,castillo0315
10290,16387468,light,"2026-06-18 08:37:38",0.73923,1,light23314
10291,16391349,"Alejandro otalvaro","2026-06-18 22:04:53",0.73923,1,tarantula06
10292,16406035,"Mizuki Morimoto","2026-07-03 08:16:38",0.73923,2,mizukimorimoto
10293,16133426,huashenggg,"2026-06-21 07:25:27",0.73923,3,huashenggg
10294,16414828,"Fabrizio Lorençon","2026-06-22 16:44:14",0.73923,1,llorenconn
10295,16426733,JiaoYangRebekah,"2026-06-24 10:07:26",0.73923,1,jiaoyangrebekah
10296,16429977,GU1ZZschafer,"2026-06-24 21:40:53",0.73923,1,gu1zzschafer
10297,16449150,"Shreya Verma #6","2026-06-29 04:32:26",0.73923,1,shreyaverma1606
10298,16467684,"[Deleted] 7bf45806-4d6c-4e3b-b7b5-c86b3e5e0f71","2026-07-01 15:28:03",0.73923,1,del=8c5c1f51893ebe87
10299,16475146,"Srivatsav Kannan","2026-07-02 17:25:57",0.73923,1,srivatsavkannan
10300,16475424,"Ellen Rebeca Rodrigues de Araújo","2026-07-02 18:44:44",0.73923,1,ellen12rebeca
10301,16480756,Goripon555,"2026-07-03 08:00:42",0.73923,1,goripon555
10302,16487248,whalesharkweek,"2026-07-04 18:59:51",0.73923,1,whalesharkweek
10303,16332004,GrittyCan,"2026-07-07 00:08:34",0.73923,2,grittycan
10304,16498267,wongyk,"2026-07-07 04:58:17",0.73923,1,wongyk
10305,16498670,"Jarin Tasnim Orpi","2026-07-07 07:39:38",0.73923,2,jarintasnimorpi
10306,16505387,"Vynn Lee","2026-07-08 02:31:30",0.73923,1,vynnlee
10307,16511340,"Rohini Kavhale","2026-07-09 07:16:58",0.73923,1,rohinikavhale
10308,16516672,leedew,"2026-07-10 12:55:08",0.73923,1,leedew
10309,507424,"Md Sadik Hussain","2026-07-13 18:58:37",0.73923,5,sadiq18
10310,16541081,bhavyammisraa,"2026-07-13 21:01:21",0.73923,1,bhavyammisraa
10311,16542267,"Yuvraj Baliyan","2026-07-14 05:36:03",0.73923,2,yuvrajbaliyan
10312,16544356,"Elif Akyıldız","2026-07-14 14:21:29",0.73923,1,elif1516
10313,16550353,"Bauyrzhan Yedilbayev","2026-07-15 11:09:16",0.73923,1,bauyrzhanyedilbayev
10314,16581393,"Denuri Layathma","2026-07-21 13:47:56",0.73923,1,denurilayathma
10315,16289353,hsdijhjis,"2026-07-27 04:53:20",0.73923,5,hsdijhjis
10316,16590507,"Vikas Katariya","2026-07-23 16:24:41",0.73923,1,vikaskatariya30
10317,16600441,"mingming Tang","2026-07-26 05:17:06",0.73923,1,mingmingtang66
10318,11767728,Souta.Yoshi,"2026-07-26 07:31:08",0.73923,1,soutayoshi
10319,16601185,"Kunj Agarwal","2026-07-26 09:12:10",0.73923,2,kunjagarwal
10320,16603156,mahnoorwaheed_1,"2026-07-26 21:17:34",0.73923,1,mahnoorwaheed1
10321,16605118,"Jiang haibin ","2026-07-27 10:30:54",0.73923,2,jianghaibin
10322,11677838,"Rhys Hicks","2026-07-29 06:41:07",0.73923,2,rhyshicks
10323,16613667,"Muhammad Fahad Waseem","2026-07-29 13:21:22",0.73923,1,muhammadfahadwaseem
10324,16631308,"Matthieu Darmigny","2026-07-31 13:02:14",0.73923,1,matthieudarmigny
10325,16635223,MuhammadAbdullah09@99,"2026-08-01 08:43:15",0.73923,2,muhammadabdullah0999
10326,16635567,"Ali Berkay Şeucen","2026-08-01 10:06:31",0.73923,2,aliberkayeucen
10327,16640533,"Varinder Randhawa","2026-08-02 07:34:10",0.73923,2,varinderrandhawa
10328,16649236,"Saad M Khan","2026-08-03 07:15:01",0.73923,1,saadkhanxdcatalyst
10329,16655833,"shao ke","2026-08-04 02:25:30",0.73923,2,keshaowithdian
10330,16674768,maplewhisper06,"2026-08-06 10:04:34",0.73923,1,maplewhisper06
10331,16683618,Oknation,"2026-08-07 08:54:24",0.73923,1,oknation
10332,16684506,jinkinpin,"2026-08-07 11:14:35",0.73923,1,jinkinpin
10333,16692743,"Hasan K. Moharram","2026-08-08 20:00:38",0.73923,1,hasankmoharram
10334,16698144,"Francisco Joanes","2026-08-09 23:33:49",0.73923,1,franciscojoanes
10335,16705516,"ILAMATHI NITHYA BALAJI ","2026-08-11 04:19:45",0.73923,1,ilamathinithyabalaji
10336,16712814,musishui,"2026-08-12 14:02:45",0.73923,1,musishui
10337,16712875,"Peter Mchikho","2026-08-13 01:25:09",0.73923,6,petermchikho
10338,16383674,"Mpho Mara","2026-08-13 06:14:11",0.73923,3,mphomara
10339,16719273,"Aoi Takimoto","2026-08-14 00:32:31",0.73923,1,aoitakimoto
10340,16364518,"Karan N","2026-06-15 16:03:27",0.73684,1,kanun8
10341,16367509,"namita prahlad","2026-06-15 18:10:12",0.73684,1,namitaprahlad
10342,16383138,"Nayana #4","2026-06-17 16:00:48",0.73684,1,nayu098
10343,16410319,"Ricky Seven","2026-06-21 19:16:13",0.73684,1,rickyseven
10344,16432520,"Alex L #2","2026-06-25 10:01:30",0.73684,1,usernamebutnoidea
10345,16445638,Morretti,"2026-06-28 07:28:27",0.73684,1,morretti
10346,16446971,濱津祐貴,"2026-06-28 13:50:24",0.73684,1,hosikusa
10347,16451222,"Ahmet Üstün","2026-06-29 12:40:55",0.73684,1,wincheste34
10348,16458859,"MOHAMMED SAMIULLAH","2026-06-30 11:28:54",0.73684,2,mdsami275
10349,16459103,"Swati Swagatika Sahoo","2026-06-30 11:38:06",0.73684,1,swatiswagatika555
10350,3657574,bear_montblanc,"2026-07-02 13:30:36",0.73684,1,bearmontblanc
10351,16486652,Alekseybankir,"2026-07-04 15:40:04",0.73684,1,alekseybankir
10352,16505410,slides,"2026-07-08 02:37:23",0.73684,1,slideshouck
10353,16511566,zhangzixin,"2026-07-09 07:58:57",0.73684,1,zhangeleven08
10354,14292310,marco_mars,"2026-07-09 10:26:14",0.73684,1,marcomars
10355,16515963,yidongye9527,"2026-07-10 08:55:33",0.73684,1,yidongye9527
10356,16516846,Manikanta,"2026-07-10 13:50:12",0.73684,1,m13anik98
10357,16541087,kevinlu19,"2026-07-13 21:04:01",0.73684,1,kevinlu19
10358,16545200,Anomaly_kinov3,"2026-07-14 18:10:11",0.73684,1,kinoshitaryota
10359,16555041,"muhammad qasim kh","2026-07-18 13:35:13",0.73684,3,muhammadqasimkh
10360,16555912,yingxuan30,"2026-07-16 16:08:28",0.73684,1,yingxuan30
10361,16558616,duketutu,"2026-07-17 08:43:27",0.73684,1,duketutu
10362,16579934,"Narmada Somasundaram","2026-07-21 09:13:50",0.73684,1,narmadasomasundaram
10363,16589428,"lingran peng","2026-07-23 14:48:01",0.73684,3,lingranpeng
10364,16595115,"Arthur Pontes Motta","2026-07-24 20:06:36",0.73684,1,arthurpontesmotta
10365,16603381,"Alexandre Silva ","2026-07-27 00:41:41",0.73684,1,alexandresilva2172
10366,16605710,ShauravZz,"2026-07-27 13:07:07",0.73684,1,shauravzz
10367,16609544,"Debargha Kundu","2026-07-28 12:13:53",0.73684,1,debarghakundu
10368,16640527,"Dhritika Misra","2026-08-02 07:24:08",0.73684,1,dhritikamisra
10369,483498,SamReiswig,"2026-08-06 01:38:48",0.73684,1,sreiswig
10370,16705550,"KAVISHRI P","2026-08-11 04:33:29",0.73684,1,kavishrip
10371,16705553,"Kiruba Sri","2026-08-11 04:34:28",0.73684,1,kirubasri1
10372,16705554,"Kiruthika Shree","2026-08-11 04:34:36",0.73684,1,kiruthikashree1
10373,16706121,"boyang gui","2026-08-11 06:55:38",0.73684,1,boyanggui
10374,16706443,"Yasin Ertan Semercioğlu","2026-08-11 08:17:38",0.73684,1,yasinertansemerciolu
10375,16706809,Golden_Red,"2026-08-11 09:25:31",0.73684,1,goldenredx
10376,16375755,"MUHAMMAD ALAQYDY","2026-06-16 23:55:14",0.73444,1,muhammadalaqydy
10377,16384293,"Julien Yahara","2026-06-17 19:45:53",0.73444,1,julienyahara
10378,16388214,"Khode Shayanam","2026-06-18 10:50:43",0.73444,1,khodeshayanam
10379,16392948,zephex,"2026-06-19 06:07:42",0.73444,1,zephex
10380,16411519,kteantgeo,"2026-07-03 08:12:12",0.73444,2,kteantgeo
10381,16435022,Harshavardhan017,"2026-06-25 19:52:11",0.73444,1,harshavardhan017
10382,16444123,"Tatsuki Kawamura","2026-06-27 17:36:16",0.73444,1,tatsukikawamura
10383,16451162,Neptunoz,"2026-06-29 12:31:00",0.73444,1,neptunoz
10384,16473250,luoyongyi41,"2026-07-02 10:21:06",0.73444,1,luoyongyi41
10385,16558701,gedfasiahddqi,"2026-07-17 09:06:47",0.73444,1,gedfasiahddqi
10386,16563289,"Raj Gavit","2026-07-18 07:01:06",0.73444,1,rajgavit0001
10387,16578661,"Furkan ÖZDEMİR","2026-07-21 03:47:31",0.73444,2,furkicanki
10388,16594860,"Marco Gajon","2026-07-24 18:32:36",0.73444,1,marcogajon
10389,16682043,"Mohsin Mullik","2026-08-07 05:43:36",0.73444,1,mohsinmullick
10390,16698122,zold-alma,"2026-08-09 23:16:19",0.73444,1,zoldalma
10391,12551337,"Geonwoo Lee","2026-08-12 02:44:32",0.73444,1,georgelee5673
10392,16368796,"Parth Burujwale","2026-06-16 02:32:17",0.73205,1,parthburujwale
10393,16373394,"Masa de Man","2026-06-16 15:41:58",0.73205,3,masademan
10394,16380065,fredpk,"2026-06-17 09:31:38",0.73205,1,fredpk
10395,16412321,Xinyiiiiiiiiii,"2026-06-22 06:08:42",0.73205,1,xinyiiiiiiiiii
10396,16432497,"KANISHKA ","2026-06-25 10:06:43",0.73205,2,kanii211
10397,16343592,"Lev Lebedev","2026-06-27 20:57:20",0.73205,2,absolute1000
10398,16446234,JCBLSPJ,"2026-06-28 10:24:41",0.73205,3,jcblspj
10399,16451127,spizzkid,"2026-06-29 12:23:21",0.73205,1,spizzkid
10400,16475704,Shloki_loki,"2026-07-02 20:13:18",0.73205,1,shlokiloki
10401,16482064,"x zuraaa","2026-07-03 13:49:33",0.73205,1,xzuraaa
10402,16508548,"Tanish Srikakolapu","2026-07-08 16:45:40",0.73205,2,tanishsrikakolapu
10403,16517549,"Vineet Kumar #4","2026-07-10 17:31:03",0.73205,1,whyvineet
10404,16531067,"Yash Mevada ","2026-07-11 06:32:07",0.73205,1,yashmevada2704
10405,16543892,YvonneYu2024,"2026-07-14 12:05:57",0.73205,1,yvonneyu2024
10406,16548264,Rashmi_Manani_2210,"2026-07-15 01:50:27",0.73205,1,rashmimanani2210
10407,16560382,Morningstar,"2026-07-17 16:38:57",0.73205,1,morningstarpath
10408,16566278,"Hilary Cynthia Madjou Kowo","2026-07-18 18:05:52",0.73205,1,hilarycynthia
10409,16613080,"Kavya Shankar","2026-07-29 10:14:55",0.73205,1,kavyashankar0625
10410,16632028,tudousisi,"2026-07-31 14:05:31",0.73205,1,tudousisi
10411,16635460,"knight zeng","2026-08-01 09:34:49",0.73205,1,knightzeng
10412,16640375,"sukanya #2","2026-08-02 06:29:00",0.73205,2,sukanyagudipalli
10413,16673147,"Innwook Kim","2026-08-06 07:50:34",0.73205,2,innwookkim
10414,16673327,"yeonsu #2","2026-08-07 03:34:04",0.73205,9,yeonsucheu
10415,16700662,MarvTil,"2026-08-10 10:23:57",0.73205,1,marvintilgner
10416,16706142,"MOHAMMED THANVEER A","2026-08-11 07:02:07",0.73205,1,mohammedthanveera
10417,16706166,"Naotsugu Kitamura","2026-08-11 07:09:00",0.73205,1,naotsugukitamura
10418,14777744,DrBL,"2026-08-13 08:59:31",0.73205,1,drbl12
10419,16179726,岩崎泰千,"2026-06-16 02:42:18",0.72966,1,s031w019
10420,16369168,Kkhadakkar,"2026-06-16 04:49:23",0.72966,1,kkhadakkar
10421,16369859,谷内竹二郎,"2026-06-16 07:19:46",0.72966,2,radwim
10422,16382857,"Hieu Ng","2026-06-17 15:24:59",0.72966,1,arceus113
10423,16392622,"Vivek Kumar Siholiya","2026-06-19 04:44:38",0.72966,1,vivekkumarsiholiya
10424,16393375,panyqueso123,"2026-06-19 07:45:44",0.72966,1,panyqueso123
10425,16394100,"Amit Bokade","2026-06-19 10:44:45",0.72966,2,amitbokade
10426,2858525,nori117,"2026-07-24 13:42:45",0.72966,13,nori117
10427,16411017,"toumyou Miyamoto","2026-06-22 00:41:44",0.72966,4,tomyomiyamoto
10428,16411212,"Miyagawa Soichiro","2026-06-22 01:07:22",0.72966,1,miyagawasoichiro
10429,16434803,KnightNguyen,"2026-06-25 18:47:54",0.72966,1,knightnguyen
10430,16440888,"Mamoru Takahashi","2026-06-27 02:08:23",0.72966,4,mondall
10431,16441554,TK1NTER,"2026-06-27 06:40:35",0.72966,2,tk1nter
10432,11522964,"Brendan Coughlan","2026-07-01 21:07:37",0.72966,1,brendancoughlan
10433,1306307,BCF123,"2026-07-06 13:49:19",0.72966,2,bcf123
10434,15129166,"zhang zefang","2026-07-17 14:20:35",0.72966,1,zzfxs191217
10435,16578346,leo0331,"2026-07-21 02:55:21",0.72966,1,leo0331
10436,15630011,"Данил Дужинский","2026-07-24 15:43:06",0.72966,1,kariesm
10437,16605919,"eshaal Atif","2026-07-27 14:05:29",0.72966,1,eshaalatif
10438,16608098,FranciscoPolancoA,"2026-07-28 05:37:22",0.72966,1,franciscopolancoa
10439,16640809,HawkieX,"2026-08-02 09:51:07",0.72966,3,hawkiex
10440,16655254,Mordred6,"2026-08-03 22:30:29",0.72966,1,mordred6
10441,16660998,SahilAnand7781,"2026-08-04 13:13:36",0.72966,2,sahilanand7781
10442,16698185,DanielEK_2010,"2026-08-10 03:28:53",0.72966,6,danielek2010
10443,16705633,"Editha Park","2026-08-11 05:01:27",0.72966,1,edithapark
10444,16375652,"Marcos Vinicius #3","2026-06-16 23:25:28",0.72727,1,marcosvinicius3104
10445,16381111,"Shohei Yamauchi #2","2026-06-17 11:54:52",0.72727,1,yamauchiss
10446,16300327,"VEER DODIYA","2026-06-19 18:06:14",0.72727,1,veerdodiya
10447,16471992,Kazamir,"2026-07-02 05:58:18",0.72727,1,kazamir
10448,16475395,"Udul Dewmina","2026-07-02 18:36:20",0.72727,1,uduldewmina
10449,16477834,"Jen Fanen Vershima","2026-07-02 23:42:41",0.72727,1,jenfanenvershima
10450,16532592,"Swetha Rajesh","2026-07-11 14:46:36",0.72727,1,swetharajesh09
10451,16543937,"Youssef Aoun","2026-07-14 12:16:51",0.72727,1,aounyoussef
10452,16563535,harshithashekar,"2026-07-18 07:22:07",0.72727,1,harshithashekar10
10453,16600215,"Grupo JL","2026-07-26 16:27:59",0.72727,3,jpcardoso
10454,16603898,DarkSpock825,"2026-07-27 05:06:56",0.72727,1,darkspock825
10455,16607443,anacarolinampereira,"2026-07-28 00:32:34",0.72727,2,anacarolinampereira
10456,16634662,"Krunal Modi","2026-08-01 06:19:54",0.72727,1,krunalmodi59
10457,16693319,中村煌希,"2026-08-09 01:41:28",0.72727,1,kouki89
10458,16712966,"Ayan Islam","2026-08-13 07:39:55",0.72727,3,ayanislamm
10459,12466108,cch2@mail.ru,"2026-08-13 18:18:51",0.72727,1,cch2mailru
10460,16378765,"calum mcneice","2026-06-17 07:15:33",0.72488,1,calummcneice
10461,16387845,"Bhavya Agrawal","2026-06-18 09:33:09",0.72488,1,bhavya13agrawal06
10462,16450801,"Assad Kouraogo","2026-06-29 11:18:01",0.72488,1,assadkouraogo
10463,16483309,ssuyu1220,"2026-07-03 19:04:12",0.72488,1,ssuyu1220
10464,16486134,"Sri Venkada Krishnan S","2026-07-04 13:41:20",0.72488,2,srivenkadakrishnans
10465,16610780,"MC LLKA","2026-07-28 18:05:24",0.72488,1,mcllka
10466,16624814,"Helyton RONCHI","2026-07-31 05:39:18",0.72488,1,ronchihrg
10467,16657014," Raut06","2026-08-04 05:32:26",0.72488,1,raut06
10468,16667948,"Anas Soltani","2026-08-05 13:13:25",0.72488,1,anas4700
10469,14424251,FanFinz,"2026-08-13 14:45:25",0.72488,1,fanfinz
10470,16719678,"guuuu yuuuu","2026-08-14 03:21:06",0.72488,1,guuuuyuuuu
10471,16375246,"Derek Nichols","2026-06-16 23:27:56",0.72248,2,dmn028
10472,16470040,"ANANT BHARDWAJ","2026-07-01 19:47:45",0.72248,1,mobx01
10473,16474659,"حوریا شیری","2026-07-02 15:28:12",0.72248,1,houriyash
10474,16505401,"Khoa Bi","2026-07-08 02:34:11",0.72248,1,khoabi142007
10475,16538602,stareepei,"2026-07-13 09:41:14",0.72248,1,stareepei
10476,16552750,fundamantalist,"2026-07-16 00:33:40",0.72248,1,fundamantalist
10477,16563830,"[Deleted] 8abb7a64-9f58-4dff-b48b-88164a406cda","2026-07-18 08:03:26",0.72248,1,del=f6ec2e0ec005a160
10478,16587639,"João Vitor Quintas","2026-07-23 00:27:29",0.72248,1,joovitorquintas
10479,16594414,"Dhruv Chakraborty #2","2026-07-24 16:20:57",0.72248,1,dhruv07321
10480,16640430,"shaoxiong xin","2026-08-02 06:48:51",0.72248,1,shaoxiongxin
10481,6593667,"Chris #36","2026-08-10 21:23:34",0.72248,2,shortie
10482,16389334,"Hamed Sahraei","2026-06-18 14:17:11",0.72009,1,hamedsahraei
10483,16395635,"Eddie #5","2026-06-19 16:58:26",0.72009,2,geotalk
10484,16406452,sakiroki,"2026-06-21 08:17:54",0.72009,1,sakiroki
10485,16440051,"amina ait","2026-06-26 18:51:58",0.72009,1,aminaaitfff
10486,16497481,"Ayush Jain #10","2026-07-07 00:18:30",0.72009,1,ayush3124
10487,16515729,LGE0718,"2026-07-10 07:56:08",0.72009,1,lge0718
10488,16534387,SohamPr,"2026-07-12 07:38:12",0.72009,1,sohampr
10489,16551243,wateronly2,"2026-07-15 14:57:10",0.72009,1,wateronly2
10490,16553930,junqpwoty,"2026-07-16 07:26:23",0.72009,1,junqpwoty
10491,16574964,"Vineet Kumar Yadav","2026-07-20 11:19:01",0.72009,1,vineetkumaryadav
10492,16592417,Rushabh13_shah,"2026-07-24 06:52:13",0.72009,1,rushabh13shah
10493,16599668,IgorMicha,"2026-07-25 19:53:54",0.72009,1,igormicha
10494,16665412,icy_hollow5051,"2026-08-13 12:24:51",0.72009,8,icyhollow5051
10495,16676024,"Sahil Anand07","2026-08-06 13:56:44",0.72009,1,sahilanand07
10496,16681216,"leeseul #2","2026-08-07 03:50:41",0.72009,3,seulfgdgf
10497,16713851,Hotho,"2026-08-12 18:01:26",0.72009,1,hothoomer
10498,16368738,"sarvagya singh","2026-06-16 02:01:47",0.71770,1,sarvagyasingh15
10499,16373202,Devesh69,"2026-06-16 15:17:29",0.71770,3,devesh69
10500,16512891,"Eli Sandell","2026-07-09 15:34:46",0.71770,2,elisandell
10501,16538176,"Ola Azimi","2026-07-14 08:04:32",0.71770,4,olaazimi
10502,16591342,ilham90,"2026-07-23 23:25:33",0.71770,1,ilham90
10503,14718320,MazinRoshdy,"2026-07-29 12:59:15",0.71770,1,mazinroshdy
10504,16701400,"vukhacminhcbh K65","2026-08-10 13:22:32",0.71770,2,vukhacminhcbhk65
10505,16709697,"Андрей Павленко","2026-08-11 23:41:37",0.71770,1,andrew6767
10506,16443813,"Masaaki Ueno","2026-06-27 16:04:24",0.71531,1,masaakiueno
10507,15097391,"vipul singh","2026-07-09 05:44:59",0.71531,1,vipulsingh25
10508,16575307,"Bentchakal Nesma","2026-07-20 13:03:58",0.71531,1,bentchakalnesma
10509,16589079,Aya_Min3,"2026-07-23 08:49:39",0.71531,1,ayamin3
10510,16613555,ZzunoO,"2026-07-29 12:44:37",0.71531,1,zzunoo
10511,9300625,mazide,"2026-08-03 13:47:11",0.71531,1,mazide
10512,16433086,"Ragavi A","2026-06-25 12:27:12",0.71291,1,ragavi8
10513,16512542,"Sowmya Dasari","2026-07-09 12:07:46",0.71291,1,notsowmyadasari
10514,16608548,"Kien Nguyen Mai Tuan","2026-07-28 07:55:13",0.71291,1,kiennguyenmaituan
10515,16688086,"Nzubechukwu Vincent","2026-08-07 23:10:15",0.71291,1,nzubechukwuvincent
10516,16532986,PJ@1306,"2026-07-11 17:46:19",0.71052,1,pj1306
10517,16556304,Shruti@1462,"2026-07-16 18:04:21",0.71052,1,shruti1462
10518,16651446,shellawa,"2026-08-03 09:02:31",0.71052,1,shellawa
10519,16687930,"David Dewdney","2026-08-07 22:38:38",0.71052,4,daviddewdney
10520,16421266,mohamedsadq,"2026-06-23 13:49:21",0.70813,1,mohamedsadq44
10521,16437161,"DevDutt S","2026-06-26 08:50:48",0.70813,1,devdutts
10522,16563891,ProgrammingDream,"2026-08-04 10:11:31",0.70813,2,prrogrammingdream
10523,16565666,"Kavya Maran","2026-07-18 13:55:47",0.70813,1,kavyamaran
10524,16719399,"Willman ALCA ","2026-08-14 01:43:47",0.70813,1,willmanalca
10525,16407699,"Yahya Ahmed","2026-06-21 12:00:57",0.70574,1,yahyafakahany
10526,16432203,zyy111,"2026-06-25 09:23:13",0.70574,1,zyy2025101703
10527,16511135,"Ken. Mori","2026-07-09 06:12:59",0.70574,1,kenmori
10528,16663354,"Inshra Shaikh","2026-08-04 20:17:06",0.70574,1,inshrashaikh
10529,16478916,baobao0824,"2026-07-03 02:22:27",0.70334,1,llszxz
10530,16507273,naikaaaaa,"2026-07-08 09:10:22",0.70334,2,naikaaaaa
10531,16424966,"Athul Krishna S #2","2026-06-24 03:39:02",0.70095,1,athulkrishna23
10532,16458887,"Saurabh Nishad","2026-06-30 11:01:41",0.70095,1,saurabhnishad89
10533,16487266,"fuga kawata","2026-07-05 08:27:21",0.70095,2,fugakawata
10534,16560940,"Leela Menon","2026-07-17 20:15:37",0.70095,2,leelamenon
10535,16584998,"Jenish Soni_Z","2026-07-22 08:51:17",0.70095,1,jenishsoniz
10536,16048080,"Sora Yamaji","2026-06-15 12:16:12",0.69856,1,sorayamaji
10537,16413803,"Daniel Dopazo","2026-06-22 10:45:29",0.69856,1,danieldopazo
10538,16426000,carelesswick,"2026-06-24 07:51:50",0.69856,1,carelesswick
10539,16585508,zhengzihao66,"2026-07-22 11:37:18",0.69856,1,zhengzihao66
10540,16491389,"Rahma Mouji","2026-07-05 18:22:18",0.69617,1,rahmamouji
10541,16672429,"Ooha sri Vetti","2026-08-06 05:40:06",0.69617,1,oohasrivetti
10542,16672454,Akshata75,"2026-08-06 05:43:37",0.69617,1,akshata75
10543,16509961,yamamoto163hy,"2026-07-08 22:22:00",0.69377,1,yamamoto163hy
10544,16532169,Rainy11111,"2026-07-11 12:32:37",0.69377,3,rainy11111
10545,16542798,"Алина Суворкова","2026-07-14 08:02:41",0.69377,2,alinoid110
10546,16602141,"Rizaki Akbar","2026-07-26 14:20:13",0.69377,1,rizakiakbar
10547,16400429,"Kotaro Umeda","2026-06-20 08:30:22",0.69138,2,u06k10ttuni
10548,16487191,flow1k0,"2026-07-04 18:45:57",0.69138,3,flow1k0
10549,14144233,llIIlIlIll,"2026-07-09 14:23:51",0.69138,1,lliililill
10550,16549245,AINAXX,"2026-07-15 06:14:24",0.69138,1,ainaxx
10551,16572614,"Oludare Shalom","2026-07-20 00:45:33",0.69138,1,oludareshalom
10552,15887965,Sayoukoo,"2026-08-04 08:40:37",0.69138,1,sayoukoo
10553,16440392,"Avaneesh Naik","2026-06-26 20:43:05",0.68899,1,avaneeshnaik
10554,15786173,"mike melnikov","2026-06-30 11:27:26",0.68899,1,mikemelnikov
10555,16605850,"Jerry Shen","2026-07-29 02:51:35",0.68899,2,jerryshen945
10556,16434566,AnahitMayilyan,"2026-06-25 17:49:47",0.68660,1,anahitmayilyan
10557,16461552,"Рома Троян","2026-07-04 18:31:45",0.68660,2,romance1578
10558,1187838,"Mike Pegg","2026-07-22 15:04:28",0.68660,3,pegguins
10559,16657004,"Saloni Raut","2026-08-04 05:31:16",0.68660,1,saloniraut30
10560,16666006,"Waihei Yuk","2026-08-05 08:09:25",0.68181,1,waiheiyuk
10561,16492221,"Itsuki tsuda","2026-07-06 01:40:17",0.67942,1,itsukitsuda
10562,16662487,Kristijonas,"2026-08-04 17:36:50",0.67942,2,myruonis
10563,16415096,"Jun Shira","2026-06-22 14:45:16",0.67703,1,junshira
10564,5159751,"Yoshihiko Murakawa","2026-06-26 04:43:37",0.67703,1,yoshihikomurakawa
10565,11187855,endederwelt0419,"2026-07-07 11:46:27",0.67703,2,endederwelt0419
10566,16507632,"Srishanth S","2026-07-08 10:53:08",0.67703,3,srishanth2006
10567,16559847,"Haruka Takaoka","2026-07-17 14:27:42",0.67703,1,harukatakaoka
10568,16608763,"Ciera Scherrer","2026-07-28 08:47:02",0.67703,6,cierascherrer
10569,16610732,Hiro_Sugi.20,"2026-07-28 17:50:10",0.67703,1,hirosugi20
10570,16691074,"Satoshi Isomura ","2026-08-08 13:08:45",0.67703,1,satoshiisomura
10571,14562839,kannou,"2026-08-12 11:11:13",0.67703,1,kannou
10572,16713099,Aozitatokage,"2026-08-12 15:14:04",0.67703,1,aozitatokage
10573,16411778,YoheiShiraki,"2026-06-22 04:11:13",0.67464,1,yoheishiraki
10574,16431966,"Primas Mkai","2026-06-25 08:11:00",0.67464,1,primasmkai
10575,16445471,safer,"2026-06-28 06:31:46",0.67464,1,wg3bipn3555
10576,16445964,yorunokani,"2026-06-28 09:08:19",0.67464,1,yorunokani
10577,16447610,keikono,"2026-06-28 16:45:07",0.67464,1,keikono
10578,16452349,"koumei #2","2026-06-29 15:50:05",0.67464,1,koumei0
10579,16484858,mikotostyles,"2026-07-04 07:09:59",0.67464,1,mikotostyles
10580,16486351,"Daichi Suenaga","2026-07-04 14:24:59",0.67464,1,dswng75015
10581,16488837,porkleoi,"2026-07-05 07:00:44",0.67464,1,porkleoi
10582,16490186,Iwat0b1,"2026-07-05 13:11:12",0.67464,2,iwat0b1
10583,16495193,"Shion #6","2026-07-06 13:31:47",0.67464,1,sh10nn
10584,16501414,ami-helloworld,"2026-07-07 15:52:20",0.67464,1,amihelloworld
10585,11290585,yayu,"2026-07-11 05:34:39",0.67464,1,yayu810
10586,16531576,jmu26,"2026-07-21 13:20:46",0.67464,2,jmukai
10587,16558978,Tuyoshi,"2026-07-17 10:30:48",0.67464,1,tuyoshi
10588,16593465,VisiBalint,"2026-07-24 11:44:57",0.67464,1,visibalint
10589,16616712,"UETA MAI","2026-07-30 02:13:41",0.67464,1,uetamai
10590,16641502,Phainon17,"2026-08-02 12:45:11",0.67464,1,phainon17
10591,8303403,jumiri,"2026-08-06 02:24:28",0.67464,1,jumiri
10592,6139762,hugasi,"2026-06-28 19:59:11",0.67224,14,motensor
10593,16359964,"Đạt Nguyễn #9","2026-06-15 13:14:19",0.67224,1,kainbot
10594,16371477,"nihei Y","2026-06-16 11:35:30",0.67224,1,niheiy
10595,16456230,"Frank Cally Almaden","2026-06-30 04:59:30",0.67224,2,frankcallyalmaden
10596,16481035,"ZhiXuan Chen","2026-07-03 09:08:55",0.67224,1,chenzx0602
10597,14128990,"Kazuya Yumoto","2026-07-08 15:37:05",0.67224,1,kyumoto
10598,16512108,honsomewakebera,"2026-07-09 10:03:21",0.67224,1,honsomewakebera
10599,16532798,"HARISH SANKE","2026-07-11 16:01:12",0.67224,6,harishsanke
10600,16537917,"Shuji Kinukawa (Kinu)","2026-07-13 06:51:32",0.67224,1,shujikinukawakinu
10601,7204799,"Erfan Sobhaei","2026-07-13 08:24:45",0.67224,1,erfansobhaei
10602,16558881,"Sayaka SUDA","2026-07-17 09:59:27",0.67224,1,sayakasuda
10603,16561362,maccine,"2026-07-18 00:54:18",0.67224,1,maxxxine
10604,16594165,"SAMUEL SOUZA BELISARIO","2026-07-24 14:58:21",0.67224,1,samzubeli
10605,16597795,YuSasa,"2026-07-25 09:12:44",0.67224,1,yusasa
10606,16620410,"panda #3","2026-07-30 15:17:35",0.67224,1,pandapanda1234
10607,16672678,"jungwon #2","2026-08-07 01:50:54",0.67224,6,nagarden
10608,16680027,"Hono Issei","2026-08-06 23:44:19",0.67224,1,honoissei
10609,16711487,"konishi tomohiro","2026-08-12 08:25:01",0.67224,1,konishitomohiro
10610,16717799,Yk_Yk_11,"2026-08-13 14:53:54",0.67224,1,ykyk11
10611,16362410,"Ashu Mehara","2026-06-15 14:49:41",0.66985,1,ashumehara
10612,16394530,"LIN XI","2026-06-19 12:05:26",0.66985,1,linxitokushima
10613,16394114,ZoeyLIU641,"2026-06-19 12:09:29",0.66985,8,zoeyliu641
10614,16395127,"Masaki Usui","2026-07-10 07:23:48",0.66985,8,masakiusui
10615,16409155,"Aito Umeda","2026-06-21 16:05:46",0.66985,1,aitoumeda
10616,16409211,"fly LP6","2026-06-21 16:23:46",0.66985,3,flylp6
10617,16442613,"Axel Saunders","2026-06-27 10:25:25",0.66985,1,axelsaunders
10618,16507615,"Shashank Shelke","2026-07-08 10:29:08",0.66985,1,shashankshelke
10619,16538947,elmer9,"2026-07-13 10:58:25",0.66985,2,elmer9
10620,16544299,sheisKamdyB,"2026-07-14 14:19:56",0.66985,1,sheiskamdyb
10621,16586421,Kaytiny,"2026-07-22 15:35:30",0.66985,1,kaytiny
10622,16705293,"anon chihaya123","2026-08-11 03:04:11",0.66985,1,anonchihaya123
10623,16405758,soyrima,"2026-06-21 06:48:36",0.66746,2,soyrima
10624,16421640,ABDUR-RAHMANMK,"2026-06-26 01:43:23",0.66746,6,abdurrahmanmk
10625,16486065,"Shayan Siddiqui","2026-07-15 11:28:09",0.66746,2,shayansiddiqui10
10626,16500838,"Deva Darmawan","2026-07-07 13:23:29",0.66746,1,devadarmawan
10627,16509051,久保貴史,"2026-07-08 16:43:36",0.66746,1,kubocchi771
10628,16512474,VORTENALIX,"2026-07-09 11:50:19",0.66746,1,vortenalix
10629,16554361,faye52,"2026-07-16 09:11:42",0.66746,1,faye52
10630,16555112,Arislo,"2026-07-16 12:40:44",0.66746,1,arislo
10631,16563544,"Vaishnavi Khokle","2026-07-18 07:34:10",0.66746,1,vaishnavikhokle
10632,16583576,daichi.sato.himacs,"2026-07-21 23:41:32",0.66746,1,daichisatohimacs
10633,15932570,Kaiyu28,"2026-08-06 04:42:26",0.66746,1,kaiyu28
10634,16718067,"Кирилл Щетников","2026-08-13 16:58:40",0.66746,1,deadmorose007
10635,16357800,Kaaa,"2026-06-15 11:15:42",0.66507,1,yoheiryu
10636,16370940,"Iwami Daisuke","2026-06-16 09:32:30",0.66507,1,iwamidaisuke
10637,16386816,"Oji Matsumoto","2026-06-18 06:45:24",0.66507,1,ojimatsumoto
10638,16386161,KatieNYLee,"2026-06-18 07:24:51",0.66507,2,katienylee
10639,16387730,"Ryoma Shibata","2026-06-18 09:16:15",0.66507,1,ryomashibata
10640,6337872,tanita1108,"2026-06-20 09:59:42",0.66507,1,tanita1108
10641,16432508,"Tang Tsun Ho","2026-06-25 09:59:49",0.66507,1,tangtsunho
10642,7055211,"Eagle 7th","2026-06-29 12:24:29",0.66507,1,eagle7th
10643,16483890,"Jaesung Moon","2026-07-04 01:16:40",0.66507,1,jsdekiru
10644,16511881,AAinthai,"2026-07-09 09:15:24",0.66507,1,akihaaoki
10645,16535335,"Stevia #2","2026-07-12 13:35:15",0.66507,1,stevia4h
10646,13607822,MingyuZhou,"2026-07-30 10:59:21",0.66507,2,mingyuzhou71
10647,4265982,kaku,"2026-07-27 01:40:23",0.66507,1,pythonbeginner
10648,16621266,tasogare66,"2026-08-01 15:21:41",0.66507,7,tasogare66
10649,16632110,"kuj mkn","2026-07-31 14:23:43",0.66507,1,kujmkn
10650,16717334,Yusuke6,"2026-08-13 12:30:15",0.66507,1,yusuke6
10651,16488928,"Kenichiro Hamagishi","2026-07-05 07:22:05",0.66267,1,kenichirohamagishi
10652,16495121,Flora087,"2026-07-06 13:19:48",0.66267,1,flora087
10653,16510163,"Suraj #15","2026-07-09 01:02:04",0.66267,2,raindr0p13
10654,16575016,MTa986,"2026-07-20 11:37:20",0.66267,1,mta986
10655,12323831,Utkarsh2022,"2026-07-22 17:08:04",0.66267,1,utkarsh2022
10656,16609106,PurpleWhaleKING,"2026-07-28 09:55:11",0.66267,1,purplewhaleking
10657,10785977,"Daisuke KWN","2026-08-01 22:02:47",0.66267,1,daisukekwn
10658,16356689,Oakland-A,"2026-06-15 09:59:57",0.66028,1,oaklanda
10659,16373374,"Lola Quartino","2026-06-16 15:20:23",0.66028,1,lolaquartino
10660,16400671,"Ryden Bercovitch","2026-06-20 08:49:02",0.66028,2,rydenbercovitch
10661,16419704,Lmeet619,"2026-06-23 08:41:01",0.66028,1,lmeet619
10662,16446731,asupara,"2026-06-28 12:47:51",0.66028,1,asupara
10663,16446999,daaaaman,"2026-06-28 13:54:37",0.66028,1,daaaaman
10664,16496717,Arman1290,"2026-07-06 18:41:40",0.66028,1,arman1290
10665,16705356,"[Deleted] 20ead529-fa6f-49fe-b3fe-70050328de7c","2026-08-11 03:29:20",0.66028,1,del=ef1a7f1d5e6fb1ee
10666,16707504,siettela,"2026-08-11 12:20:22",0.66028,1,siettela
10667,16568767,Takuya.M_94,"2026-07-19 07:04:30",0.65789,1,takuyam94
10668,16571666,tetsuya1121,"2026-07-19 18:08:30",0.65789,1,ogawatetsuya
10669,16609880,"Kazuaki Shimada","2026-07-29 14:08:05",0.65789,2,kazuakishimada0923
10670,16486959,Dima123321,"2026-07-04 17:12:51",0.65550,1,dima123321
10671,16494880,"Adarsh Salukhe","2026-07-06 12:39:53",0.65550,1,adarshsalukhe
10672,14456122,WangSJ9,"2026-07-09 10:18:19",0.65550,1,wangsj9
10673,16543990,leftdoor,"2026-07-14 12:32:32",0.65550,1,leftdoor
10674,16605248,"jifa zhang","2026-07-27 11:23:19",0.65550,8,jifazhang
10675,16618660,irinazheludkova,"2026-07-30 10:56:03",0.65550,1,irinazheludkova
10676,16683940,gnomus-glz,"2026-08-07 09:39:21",0.65550,1,gnomusglz
10677,16441261,CashSalad,"2026-06-29 14:31:54",0.65311,2,cashsalad
10678,16449682,"biswajit giri","2026-06-29 07:00:27",0.65311,1,biswajit69panda
10679,16507980,motohisa83,"2026-07-08 12:04:10",0.65311,1,motohisa83
10680,16570380,"Deepak Singh #11","2026-07-19 14:02:47",0.65311,2,deepaksingh44
10681,13349707,"Mir Murtaza Zangejo ","2026-06-19 05:16:06",0.65071,1,mirmurtazazangejo
10682,16471678,"ひおこ ８３４","2026-07-02 04:34:13",0.65071,1,nsdlhhk
10683,15139878,"rahul reddy komma reddy","2026-07-16 17:53:08",0.65071,3,rahulreddykommareddy
10684,16411241,same470,"2026-06-22 01:17:12",0.64832,1,same470
10685,16707695,tzuhsienLai,"2026-08-12 05:03:22",0.64832,4,tzuhsienlai
10686,16511185,"Atsuhiro #2","2026-07-09 06:57:24",0.64593,2,atsuhiro1107
10687,16542097,"Данил Коршиков","2026-07-14 04:46:18",0.64593,1,jiga228
10688,16667937,"Ritika 3012","2026-08-05 13:04:14",0.64593,1,ritika3012
10689,16056631,"Zaid Ahmed","2026-08-02 11:21:36",0.64354,2,diaz55
10690,16486621,涂润东1,"2026-07-04 15:55:09",0.64354,1,hgguk12
10691,16492526,"Svv Bot","2026-07-06 03:16:58",0.64354,5,svvbot
10692,16635652,gowthamgade,"2026-08-01 10:30:59",0.64354,1,gowthamgade
10693,16507659,"Tejas Nemade 8","2026-07-11 18:26:49",0.64114,3,tejasnemade8
10694,16700312,"Ali Abdulhafiz","2026-08-10 09:18:50",0.64114,1,aliabdulhafiz
10695,16402780,"Gunter fartmen","2026-06-20 14:39:05",0.63875,1,gunterfartmen
10696,16402893,"Clement #10","2026-06-20 15:14:02",0.63875,2,clementfromfrance
10697,6987500,"Rodolpho Neves","2026-06-19 00:41:16",0.63636,1,rodolphoneves
10698,16399832,Yuto751635,"2026-06-20 07:06:47",0.63636,1,yuto751635
10699,16578409,"Rasol Khaled","2026-07-22 02:51:16",0.63397,11,rasolkhaled
10700,16022896,"Hesham Jaafari","2026-07-25 14:56:58",0.63397,2,heshamjaafari
10701,16676068,"FUTURE FORMATIONS","2026-08-06 14:15:17",0.63397,3,futureformations
10702,16362871,existentialnpc,"2026-06-15 15:03:03",0.62918,1,existentialnpc
10703,16382057,NeryDyego,"2026-06-20 13:36:42",0.62918,3,nerydyego
10704,16594440,"NIKHIL RAJ","2026-07-24 17:10:29",0.62918,1,nikhilraj1133
10705,16584133,"Yuet Haw Hunk","2026-07-22 04:11:42",0.62679,1,yuethawhunk
10706,16353185,"Aditi Patil #2","2026-06-15 06:42:57",0.62440,1,machine01learning
10707,16346130,"Venkatesh Bankala","2026-06-15 23:24:22",0.62440,2,venkateshbankala
10708,15137467,"Aincha Srivathsav ","2026-06-23 08:21:09",0.62440,1,ainchasrivathsav
10709,16448218,"Dror Vamos","2026-06-28 20:19:53",0.62440,1,drorvamos
10710,16533875,Jkuang135,"2026-07-12 03:15:43",0.62440,1,jkuang135
0,103035,"Assume All Perished","2014-06-24 14:02:20",0.62200,1,jeffmoser
10711,16257540,"Aastha Bhakar","2026-06-15 11:06:12",0.62200,1,aasthabhakar
10712,16359107,"Артём Свинобоев","2026-06-16 05:10:20",0.62200,4,ssstelmah
10713,15503424,"Justin Kilpatrick","2026-08-13 13:08:03",0.62200,60,kawakimi
10714,15587454,"Jakub Śniegocki","2026-06-23 00:24:48",0.62200,6,jakubniegocki
10715,16369273,Romanya.R,"2026-06-16 05:38:09",0.62200,1,romanya462
10716,16142035,田中元基,"2026-06-17 01:45:38",0.62200,1,mochi0601
10717,16384018,"Sina Bonakdar #2","2026-06-17 18:36:57",0.62200,1,sinabonakdar
10718,16386159,"Zion #3","2026-06-18 04:39:15",0.62200,1,zion000
10719,16386160,MIngle,"2026-06-18 04:39:16",0.62200,1,minglealt
10720,16386164,GarryIb,"2026-06-18 04:39:33",0.62200,1,garryib
10721,16386188,piona,"2026-06-18 04:44:38",0.62200,1,pionaweb
10722,16386211,PRODOO,"2026-06-18 04:49:35",0.62200,1,prodoo
10723,16392141,"Arron Patton","2026-06-19 02:04:21",0.62200,1,arronpatton
10724,16392167,kohigashi,"2026-06-19 02:11:23",0.62200,1,kohigashi
10725,5720185,yamaneko1223,"2026-06-19 18:34:33",0.62200,1,yamaneko1223
10726,16399476,gurum1215,"2026-06-20 06:22:51",0.62200,1,gurum1215
10727,16260215,"Justin Delmar","2026-06-20 21:26:27",0.62200,6,justinsdelmar
10728,16404212,"Ankita J","2026-06-20 19:42:22",0.62200,1,ankitaj1989
10729,16408246,"kenji simizu","2026-06-21 13:32:00",0.62200,1,kenjisimizu
10730,14267713,"Tatsuya Aramaki","2026-06-23 03:23:27",0.62200,1,tatsuyaaramaki
10731,16426994,"Seon-Ah Yu","2026-06-24 11:02:22",0.62200,1,seonahyu
10732,16429772,CEAUGORI,"2026-06-24 21:49:08",0.62200,3,ceaugori
10733,16435938,"Hancheng Xiang","2026-06-26 04:30:39",0.62200,4,hanchengxiang
10734,16138558,"Layla Bazemore","2026-06-27 12:30:22",0.62200,1,laylabazemore
10735,16257421,"yoshiomi shimazu","2026-06-28 07:57:38",0.62200,1,yoshiomishimazu
10736,16457564,fumihisa-kobayashi,"2026-06-30 07:31:05",0.62200,1,fumihisak
10737,16468187,weiweiweiwei,"2026-07-01 16:27:24",0.62200,2,weiwwwwweeeeeee
10738,16464277,"Ярослав Звонок","2026-07-03 14:06:49",0.62200,2,yarolav
10739,16485401,nyg663,"2026-07-04 09:49:20",0.62200,1,nyg663
10740,16487935,Pedro_GabrielB,"2026-07-05 00:34:44",0.62200,1,pedrogabrielb
10741,16495766,"Nayiri Herson","2026-07-06 15:22:44",0.62200,1,nayiriherson
10742,16504637,"Hattori Kazunori","2026-07-07 23:08:37",0.62200,1,hattorikazunori
10743,16513507,"şura izci","2026-07-09 16:58:34",0.62200,1,suraizci
10744,16515516,"Yuri T.","2026-07-10 06:58:06",0.62200,1,lilymint
10745,16533106,soum2246,"2026-07-16 10:44:22",0.62200,11,soum2246
10746,16551888,"Shubham Pote","2026-07-15 18:13:10",0.62200,2,shubhampote1234
10747,16552390,"Papepo P","2026-07-15 21:28:42",0.62200,1,papepop
10748,16554382,"shubham Umap","2026-07-16 09:22:35",0.62200,1,shubhamumap
10749,16554596,KESHAV3825,"2026-07-16 10:11:08",0.62200,1,keshav3825
10750,16593736,"Ivan Relić","2026-07-24 12:54:37",0.62200,1,irelic1
10751,16605038,F1z2x3,"2026-07-27 09:54:05",0.62200,3,f1z2x3
10752,16610260,"Sanglo Hriata","2026-07-28 15:30:58",0.62200,1,sanglohriata
10753,16616908,creativity,"2026-07-30 03:29:03",0.62200,1,creativity001
10754,6310205,"Jonathas Ferreira #2","2026-08-06 14:18:17",0.62200,1,jlgfvii
10755,16679402,"George #34","2026-08-06 21:20:21",0.62200,1,ergem64
10756,14298924,Goodsuncho,"2026-08-09 10:42:50",0.62200,1,goodsuncho
10757,16601297,"Yudam Jang #2","2026-07-26 09:35:23",0.61961,3,yudamjang3
10758,16612117,"suiam dari","2026-07-29 05:27:26",0.61722,1,suiamdari
10759,16612121,"Sang Sangiedu","2026-07-29 05:28:01",0.61722,1,sangsangiedu
10760,16676387,"Claudio San","2026-08-06 15:38:38",0.61722,1,claudiosan
10761,16494476,"Tim Pan","2026-07-06 10:55:51",0.61244,1,timpanow
10762,16584580,"Partha Biswas040","2026-07-22 06:56:40",0.61004,1,parthabiswas040
10763,16485773,"kaka kaihatsu","2026-07-04 11:40:40",0.60765,1,kakakaihatsu
10764,16508903,"Aya Sasaki2026","2026-07-08 15:55:04",0.60765,2,ayasasaki2026
10765,16542846,"Hamza Osman11","2026-07-14 07:50:26",0.60765,1,hamzaosman11
10766,16603540,potosoru,"2026-07-27 02:23:23",0.60765,1,potosoru
10767,16460607,"Gilthanis S","2026-06-30 15:59:29",0.60287,1,gilthaniss
10768,16576004,"Ravi Patel #4","2026-07-20 16:02:48",0.59569,1,ravi8889patel
10769,16608907,Lycole,"2026-07-28 09:00:42",0.59569,1,lycole
10770,16650095,kirakira6,"2026-08-03 07:48:08",0.59090,1,kirakira6
10771,14515278,stranger_H,"2026-06-19 13:14:13",0.58851,1,strangerias
10772,16435705,"Anika Arriola Mansilla","2026-06-26 01:51:34",0.58851,1,anikaarriolamansilla
10773,16549754,"Samyar Nokarizi","2026-07-15 08:27:39",0.58851,1,samyarnokarizi
10774,16644559,"Abubakr Salem AL qubati","2026-08-02 23:39:06",0.58612,7,abubakralqubati
10775,16361331,"Timothy Solley","2026-06-15 14:13:20",0.58373,2,timothysolley
10776,16366871,"Niku Raj","2026-06-15 17:54:05",0.58373,2,nikuraaz
10777,16429390,Khushi312004,"2026-06-24 19:02:25",0.58373,1,khushi312004
10778,16592194,"Chính Lê","2026-07-24 05:49:31",0.58133,2,chinhducle
10779,16583633,"Alan #21","2026-07-22 00:21:34",0.57655,1,shipengalan
10780,16395575,"Shunsuke Kita","2026-06-19 16:04:21",0.57416,1,shunsukekita
10781,16393552,combcombcomb,"2026-06-19 08:28:15",0.57177,1,combcombcomb
10782,16393575,pino555,"2026-06-19 08:35:25",0.57177,1,pino555
10783,16393591,"NISHISAKO Kyogo","2026-06-19 08:39:22",0.57177,1,nishisakokyogo
10784,16393627,"Fukushima Haru","2026-06-19 08:47:17",0.57177,1,fukushimaharu
10785,16393660,takusugi,"2026-06-19 08:54:31",0.57177,1,takusugi
10786,16393661,yuse,"2026-06-19 08:54:39",0.57177,1,yuseyuse14
10787,16393701,福岡利々香,"2026-06-19 09:03:49",0.57177,1,riri1464
10788,16393708,combcomb,"2026-06-19 09:05:42",0.57177,1,combcomb
10789,16393792,T15243,"2026-06-19 09:21:16",0.57177,1,t15243
10790,16393819,y_yoshikawa0330,"2026-06-19 09:24:44",0.57177,1,yyoshikawa0330
10791,16393830,村松虎太郎,"2026-06-19 09:26:20",0.57177,1,ko15516
10792,16393879,"HARUTO TAKUMI","2026-06-19 09:41:43",0.57177,3,harutotakumi
10793,16393913,koreruu,"2026-06-19 09:50:52",0.57177,4,koreruu
10794,16393948,D2_user,"2026-06-19 09:52:50",0.57177,1,d2user
10795,16394200,aki09252,"2026-07-03 07:44:40",0.57177,2,aki09252
10796,16394242,藤井陽平,"2026-06-19 10:53:40",0.57177,1,yoheifujii
10797,16394258,"RENTO OGOU","2026-06-19 10:57:19",0.57177,1,rentoogou
10798,16394325,"OKITA Rysuke 777","2026-06-19 11:17:12",0.57177,1,okitarysuke777
10799,16394347,木村駿佑,"2026-06-19 11:23:18",0.57177,1,kimurasyunsuke
10800,16394510,gorigori4,"2026-06-19 12:05:15",0.57177,2,gorigori4
10801,16394536,"Arisa Niinobe","2026-06-19 12:06:58",0.57177,1,arisaniinobe
10802,16394687,"Komuta Nozomi","2026-06-19 12:44:59",0.57177,1,komutanozomi
10803,16394879,はやしかな,"2026-06-19 13:24:40",0.57177,1,hyskn030515
10804,16395012,橋本　慶大,"2026-06-19 13:50:11",0.57177,1,hashimotokeita
10805,16395031,"Yuta Katuki","2026-06-19 13:55:30",0.57177,1,yutakatuki
10806,16395104,"Seitaro Takamura","2026-06-19 14:13:30",0.57177,1,seitarotakamura
10807,16395555,奥田麻咲子,"2026-06-19 16:00:02",0.57177,2,okuda1202
10808,16399095,西村神平,"2026-06-20 05:35:53",0.57177,1,shinpeinishimura
10809,16399720,Kouki　Ooguchi,"2026-06-20 06:53:01",0.57177,1,koukiooguchi
10810,16399899,hatakenakasaki,"2026-06-20 07:15:55",0.57177,1,hatakenakasaki
10811,16404521,Ryotaniguchi6126,"2026-06-20 21:34:36",0.57177,1,ryotaniguchi6126
10812,16405544,"shusei sakai","2026-06-21 05:19:32",0.57177,2,shuseisakai
10813,16406495,"AKIO YAMAGUCHI","2026-06-21 08:28:38",0.57177,1,akioyamaguchi
10814,16406541,"Ino Koudai","2026-06-21 08:40:55",0.57177,1,inokoudai
10815,16406718,小郷稔斗,"2026-06-21 09:18:03",0.57177,1,nigo25ogochan
10816,16406823,Hirata　Ayumu,"2026-06-21 09:34:39",0.57177,1,hirataayumu
10817,16406992,"Abe Shuta","2026-06-21 10:10:07",0.57177,1,abeshuta
10818,16407424,"Sekiguchi Kouta","2026-06-21 11:30:53",0.57177,1,sekiguchikouta
10819,16407861,岡田陽太,"2026-06-21 12:41:58",0.57177,3,hinata0315
10820,16408674,TakeHosoe,"2026-06-21 14:40:38",0.57177,1,takehosoe
10821,16408684,"kamada ouka","2026-06-21 14:42:24",0.57177,1,kamadaouka
10822,16409020,木下ひなた,"2026-06-21 15:37:22",0.57177,1,h0123kinoshita
10823,16409063,"Minamizawa Yuu","2026-07-10 07:41:05",0.57177,2,minamizawayuu
10824,16409095,"Araya Ryota","2026-06-21 15:55:29",0.57177,1,philfoden0306
10825,16409124,"akita sotaro","2026-06-21 16:00:15",0.57177,1,akitasotaro
10826,16409219,宮尾隆輝,"2026-06-21 16:15:28",0.57177,1,miyaoryuki
10827,16409319,tsurumoto,"2026-06-21 16:36:59",0.57177,1,tsurumoto
10828,16409376,shonsei1119,"2026-07-23 16:50:33",0.57177,2,shonsei1119
10829,16409424,"Kunori Taku","2026-07-10 16:38:10",0.57177,6,kunoritaku
10830,16409468,"Miyamoto Sota","2026-06-21 16:56:47",0.57177,1,miyamotosota
10831,16409482,"Fukutake Misa","2026-06-21 17:08:23",0.57177,2,fukutakemisa
10832,16409500,"佐野 愛斗","2026-06-21 17:04:48",0.57177,2,polaristk23
10833,16409576,"Kawai Yuriko","2026-06-21 17:08:54",0.57177,1,kawaiyuriko
10834,16409597,"Ota Takehana","2026-06-23 07:53:42",0.57177,2,otatakehana
10835,16409504,和田　康樹,"2026-06-21 17:19:19",0.57177,1,wadakoki0413
10836,16410287,"imada tomoya","2026-06-21 19:07:54",0.57177,1,imadatomoya
10837,16410519,"XIA YUHENG","2026-06-21 20:13:41",0.57177,1,abc1998415jp
10838,16410823,"Katsura Takumi","2026-06-21 21:54:26",0.57177,1,katsuratakumi
10839,16411030,"Shota Jotatsu","2026-06-21 23:13:12",0.57177,1,shotajotatsu
10840,16411079,"Nadamoto Yuki","2026-06-21 23:51:09",0.57177,1,yukinadamoto
10841,16411142,金澤俊介,"2026-06-22 00:28:04",0.57177,1,zawawa1830
10842,16411190,米津隼人,"2026-06-22 00:50:58",0.57177,1,yonezuhayato
10843,16411197,Kei_WatanabeTM,"2026-06-22 00:54:57",0.57177,1,keiwatanabetm
10844,16411265,Kusudasho,"2026-06-22 01:29:28",0.57177,2,kusudasho
10845,16411329,浅沼健太郎,"2026-07-10 07:45:32",0.57177,3,numami
10846,16411386,"Yamada Eigen","2026-06-22 01:58:23",0.57177,1,givememone1
10847,16411407,"YUMA ENDOU","2026-06-22 02:05:03",0.57177,1,yumaendoutokushimau
10848,16411417,"Kairi Yoshioka","2026-06-22 02:10:00",0.57177,1,kairiyoshioka
10849,16411469,"Yasaka Kokoro","2026-06-22 02:25:14",0.57177,1,yasakakokoro
10850,16411470,kazu95,"2026-06-22 02:25:37",0.57177,1,kazu95
10851,16411593,坂田　翔,"2026-06-22 03:11:26",0.57177,1,sakatasho
10852,16411685,"周 昊植","2026-06-22 04:01:10",0.57177,2,shu0123
10853,16411728,濱野里名,"2026-06-22 03:54:03",0.57177,1,tmstnao
10854,16412686,pamikorA,"2026-06-22 07:14:12",0.57177,1,pamikora
10855,16413320,江郷花音,"2026-06-22 09:11:09",0.57177,1,txttaeh
10856,16419642,横尾貴大,"2026-06-23 08:38:37",0.57177,3,yokoo926
10857,16422268,藤原大輔,"2026-06-23 17:02:20",0.57177,1,dai1616
10858,16488246,watanabeyuuto,"2026-07-10 07:42:21",0.57177,2,watanabeyuuto
10859,16515868,"Tomo Adachi","2026-07-10 08:29:06",0.57177,1,tomoadachi
10860,16591603,"Fumihiro Sugimoto","2026-07-24 08:04:53",0.57177,2,fumihirosugimoto
10861,16536029,"Ярослав Пономарев","2026-07-12 17:11:32",0.56698,1,s0bolb
10862,16472487,"Subhan Ali","2026-07-02 08:36:04",0.55741,2,subhanali100
10863,16396128,"Nomcebo Msomi","2026-06-19 18:23:01",0.55502,1,nomcebomsomi
10864,16683941,"MYRA ARORA","2026-08-07 09:39:57",0.55023,1,myraarora
10865,15706688,"Swarali Wadewale","2026-08-07 13:16:55",0.54545,1,swaraliwadewale
10866,16466666,Noon,"2026-07-01 14:03:13",0.54306,2,noon555
10867,12463208,"Arjay J.G","2026-07-03 12:47:29",0.54306,1,arjay1311
10868,16554589,"Pranay Pemare","2026-07-16 10:22:09",0.54306,3,pranaypemare
10869,16574632,KrazyAvocado,"2026-07-20 09:50:07",0.54306,1,krazypotato2615
10870,14977602,TimEnt,"2026-07-31 15:53:34",0.54066,1,timent
10871,16394249,"Pearl #3","2026-06-19 10:55:34",0.53827,1,pearlship
10872,16704540,"Joao Victor de Freitas Lucas","2026-08-11 00:07:27",0.53827,1,joaovictorfl18
10873,16378688,roroppu,"2026-06-18 06:28:59",0.53588,2,roroppu
10874,6585046,inuit42,"2026-06-27 13:34:16",0.53588,2,inuit42
10875,16480566,lIlIllIIlIlIll,"2026-07-03 07:45:22",0.53588,3,lililliililill
10876,16506027,"Nadhif Arafah","2026-07-08 04:51:05",0.53588,1,nadhifarafah
10877,16507630,"Nisarg Telang","2026-07-08 10:36:03",0.53588,2,nisargtelang
10878,16689341,"Aryaman Prasad","2026-08-08 06:39:59",0.53588,1,aryamanprasad
10879,16372671,"calliope #2","2026-06-16 13:53:19",0.52631,1,echocalliope
10880,16377098,JhonRonal,"2026-06-17 03:59:44",0.52153,1,jhonronal
10881,16658754,"JAYANTH Arivazhagan","2026-08-04 13:55:28",0.51913,1,jayantharivazhagan
10882,16661716,"Linda. Ar","2026-08-04 15:11:58",0.51913,1,lindaar
10883,16354995,"Supriya Biswas #2","2026-06-16 06:37:30",0.51435,2,sbiswas16
10884,16459717,"Creative Make","2026-07-01 13:09:47",0.51435,2,creativemake
10885,16252899,"Devansh Chandna","2026-07-23 17:08:16",0.51196,1,devanshchandna
10886,7161159,tatsutaka,"2026-07-24 02:04:40",0.51196,1,tatsutaka
10887,16719397,"Miriam Brioso ","2026-08-14 01:43:32",0.51196,1,miriambrioso
10888,16400494,"Manase Mkrtchyan","2026-06-20 08:21:57",0.50717,1,manasemkrtchyan
10889,16402684,吉田聖琉,"2026-06-20 14:22:08",0.50000,1,satoru1203
10890,13465676,Markkkyyyy,"2026-08-03 02:13:21",0.49760,1,markkkyyyy
10891,16716479,ahmet_dalgali,"2026-08-13 08:38:30",0.48564,1,ahmetdalgali
10892,16465393,"Saketh Indurthi","2026-07-01 10:59:27",0.40191,1,sakethindurthi
10893,14648096,"Shibham Bangwal ","2026-07-26 16:28:23",0.39712,1,shibhambangwal
10894,16694540,"Firhan Imam Haekal","2026-08-09 08:09:46",0.38516,1,firhanih
10895,16605487,KimberlyMunyoro,"2026-07-27 13:10:36",0.38038,2,kimberlymunyoro
10896,16429799,AtomTesli,"2026-06-24 20:52:18",0.37799,1,atomtesli
10897,16506756,"Soma Hattori","2026-07-08 07:25:52",0.37799,1,somahattori
10898,16601564,"KrishnaMakwana20/ ","2026-07-26 11:03:20",0.37799,1,krishnamakwana20
10899,16684746,Tanthreex,"2026-08-07 11:58:25",0.37799,1,tanthreex
10900,16669867,"محمد ادومة","2026-08-05 18:50:55",0.29665,3,mohamd42
10901,16368186,"[Deleted] 8b5bffdc-e7bf-4858-8ac2-d9e5f2a7722e","2026-06-15 21:02:31",0.00000,2,del=6edf96d7e4a72f3b
10902,16379503,浜松諒輔,"2026-06-17 08:30:05",0.00000,1,hamamatsu1113
10903,16380435,"Ahmed Almustafa","2026-06-17 10:21:07",0.00000,2,nactch
10904,16384897,"Takumi Satake","2026-06-17 22:50:34",0.00000,1,syaketa
10905,15003398,"Ali Fazelniya","2026-06-20 19:23:38",0.00000,2,alifazelniya
10906,16420444,metamon4013,"2026-06-23 10:56:14",0.00000,1,metamon4013
10907,16430184,"Leonardo Gamboa","2026-06-24 23:15:31",0.00000,1,leonardogamboa01
10908,16433223,ChiziLate,"2026-06-25 13:00:56",0.00000,1,chizilate
10909,16481107,fanshugan,"2026-07-03 09:25:37",0.00000,1,fanshugan
10910,16507194,"Monnawan Chokamnuay","2026-07-08 08:57:23",0.00000,1,monnawanchokamnuay
10911,16507196,"Manon Aekmetasawat","2026-07-08 09:13:13",0.00000,2,manonaekmetasawat
10912,16507202,"Kittima Dangsupa","2026-07-08 08:59:58",0.00000,2,kittimadangsupa
10913,16577439,"Kirill Vasilev","2026-07-20 23:19:44",0.00000,2,kirillvasilev1308
10914,16610038,"ryuji nk","2026-07-28 14:37:26",0.00000,1,ryujink
10915,16617683,momoking,"2026-07-30 06:50:54",0.00000,1,momoking
10916,16666119,MAHDIGH2332,"2026-08-05 08:28:31",0.00000,2,mahdigh2332
